m_value,M_value,L_value,g_value,d_value,b_value,theta_cmd,theta_0,thetadot_cmd,theta_dot_0,F_value,t0
0,0,0,0,0,0,0,0.7,0,0,-5.004597,0
0,0,0,0,0,0,0,0.699846,0,-0.030562,-4.917002,0.01001
0,0,0,0,0,0,0,0.699394,0,-0.059397,-4.832115,0.02002
0,0,0,0,0,0,0,0.698662,0,-0.086589,-4.749828,0.03003
0,0,0,0,0,0,0,0.697666,0,-0.112218,-4.670034,0.04004
0,0,0,0,0,0,0,0.69642,0,-0.136359,-4.592635,0.05005
0,0,0,0,0,0,0,0.69494,0,-0.159083,-4.517534,0.06006
0,0,0,0,0,0,0,0.69324,0,-0.180461,-4.44464,0.07007
0,0,0,0,0,0,0,0.691332,0,-0.200557,-4.373865,0.08008
0,0,0,0,0,0,0,0.689229,0,-0.219435,-4.305124,0.09009
0,0,0,0,0,0,0,0.686943,0,-0.237153,-4.238338,0.1001
0,0,0,0,0,0,0,0.684485,0,-0.253768,-4.173429,0.11011
0,0,0,0,0,0,0,0.681866,0,-0.269336,-4.110323,0.12012
0,0,0,0,0,0,0,0.679096,0,-0.283908,-4.048949,0.13013
0,0,0,0,0,0,0,0.676185,0,-0.297532,-3.98924,0.14014
0,0,0,0,0,0,0,0.673142,0,-0.310256,-3.931131,0.15015
0,0,0,0,0,0,0,0.669977,0,-0.322125,-3.874561,0.16016
0,0,0,0,0,0,0,0.666696,0,-0.333182,-3.819468,0.17017
0,0,0,0,0,0,0,0.663309,0,-0.343466,-3.765798,0.18018
0,0,0,0,0,0,0,0.659822,0,-0.353018,-3.713494,0.19019
0,0,0,0,0,0,0,0.656244,0,-0.361874,-3.662506,0.2002
0,0,0,0,0,0,0,0.65258,0,-0.370068,-3.612783,0.21021
0,0,0,0,0,0,0,0.648837,0,-0.377635,-3.564277,0.22022
0,0,0,0,0,0,0,0.645022,0,-0.384607,-3.516943,0.23023
0,0,0,0,0,0,0,0.641139,0,-0.391014,-3.470736,0.24024
0,0,0,0,0,0,0,0.637195,0,-0.396885,-3.425615,0.25025
0,0,0,0,0,0,0,0.633195,0,-0.402247,-3.38154,0.26026
0,0,0,0,0,0,0,0.629144,0,-0.407128,-3.338472,0.27027
0,0,0,0,0,0,0,0.625046,0,-0.411551,-3.296373,0.28028
0,0,0,0,0,0,0,0.620906,0,-0.415542,-3.25521,0.29029
0,0,0,0,0,0,0,0.616728,0,-0.419122,-3.214948,0.3003
0,0,0,0,0,0,0,0.612516,0,-0.422313,-3.175555,0.31031
0,0,0,0,0,0,0,0.608275,0,-0.425136,-3.136999,0.32032
0,0,0,0,0,0,0,0.604006,0,-0.427611,-3.099251,0.33033
0,0,0,0,0,0,0,0.599715,0,-0.429756,-3.062283,0.34034
0,0,0,0,0,0,0,0.595404,0,-0.431588,-3.026068,0.35035
0,0,0,0,0,0,0,0.591076,0,-0.433126,-2.990578,0.36036
0,0,0,0,0,0,0,0.586733,0,-0.434384,-2.95579,0.37037
0,0,0,0,0,0,0,0.58238,0,-0.435379,-2.921679,0.38038
0,0,0,0,0,0,0,0.578018,0,-0.436124,-2.888223,0.39039
0,0,0,0,0,0,0,0.57365,0,-0.436634,-2.855399,0.4004
0,0,0,0,0,0,0,0.569277,0,-0.436922,-2.823186,0.41041
0,0,0,0,0,0,0,0.564903,0,-0.437,-2.791565,0.42042
0,0,0,0,0,0,0,0.560529,0,-0.43688,-2.760515,0.43043
0,0,0,0,0,0,0,0.556157,0,-0.436574,-2.730019,0.44044
0,0,0,0,0,0,0,0.55179,0,-0.436092,-2.700058,0.45045
0,0,0,0,0,0,0,0.547427,0,-0.435445,-2.670616,0.46046
0,0,0,0,0,0,0,0.543072,0,-0.434643,-2.641676,0.47047
0,0,0,0,0,0,0,0.538726,0,-0.433694,-2.613223,0.48048
0,0,0,0,0,0,0,0.53439,0,-0.432607,-2.585241,0.49049
0,0,0,0,0,0,0,0.530066,0,-0.431391,-2.557717,0.500501
0,0,0,0,0,0,0,0.525754,0,-0.430054,-2.530636,0.510511
0,0,0,0,0,0,0,0.521457,0,-0.428603,-2.503985,0.520521
0,0,0,0,0,0,0,0.517174,0,-0.427046,-2.477752,0.530531
0,0,0,0,0,0,0,0.512908,0,-0.425388,-2.451924,0.540541
0,0,0,0,0,0,0,0.508658,0,-0.423638,-2.42649,0.550551
0,0,0,0,0,0,0,0.504427,0,-0.4218,-2.401439,0.560561
0,0,0,0,0,0,0,0.500214,0,-0.419882,-2.376759,0.570571
0,0,0,0,0,0,0,0.496021,0,-0.417887,-2.352441,0.580581
0,0,0,0,0,0,0,0.491848,0,-0.415822,-2.328475,0.590591
0,0,0,0,0,0,0,0.487696,0,-0.413691,-2.30485,0.600601
0,0,0,0,0,0,0,0.483566,0,-0.4115,-2.281559,0.610611
0,0,0,0,0,0,0,0.479458,0,-0.409252,-2.258592,0.620621
0,0,0,0,0,0,0,0.475373,0,-0.406952,-2.23594,0.630631
0,0,0,0,0,0,0,0.471311,0,-0.404604,-2.213597,0.640641
0,0,0,0,0,0,0,0.467273,0,-0.402212,-2.191553,0.650651
0,0,0,0,0,0,0,0.463259,0,-0.399779,-2.169802,0.660661
0,0,0,0,0,0,0,0.45927,0,-0.397309,-2.148337,0.670671
0,0,0,0,0,0,0,0.455305,0,-0.394805,-2.12715,0.680681
0,0,0,0,0,0,0,0.451366,0,-0.392271,-2.106234,0.690691
0,0,0,0,0,0,0,0.447452,0,-0.389708,-2.085584,0.700701
0,0,0,0,0,0,0,0.443564,0,-0.38712,-2.065194,0.710711
0,0,0,0,0,0,0,0.439702,0,-0.38451,-2.045057,0.720721
0,0,0,0,0,0,0,0.435866,0,-0.38188,-2.025167,0.730731
0,0,0,0,0,0,0,0.432057,0,-0.379231,-2.00552,0.740741
0,0,0,0,0,0,0,0.428274,0,-0.376568,-1.98611,0.750751
0,0,0,0,0,0,0,0.424518,0,-0.373891,-1.966932,0.760761
0,0,0,0,0,0,0,0.420789,0,-0.371202,-1.947981,0.770771
0,0,0,0,0,0,0,0.417086,0,-0.368504,-1.929252,0.780781
0,0,0,0,0,0,0,0.413411,0,-0.365798,-1.910741,0.790791
0,0,0,0,0,0,0,0.409763,0,-0.363086,-1.892444,0.800801
0,0,0,0,0,0,0,0.406142,0,-0.360369,-1.874356,0.810811
0,0,0,0,0,0,0,0.402548,0,-0.357649,-1.856472,0.820821
0,0,0,0,0,0,0,0.398982,0,-0.354928,-1.838791,0.830831
0,0,0,0,0,0,0,0.395443,0,-0.352206,-1.821306,0.840841
0,0,0,0,0,0,0,0.391931,0,-0.349485,-1.804015,0.850851
0,0,0,0,0,0,0,0.388446,0,-0.346766,-1.786915,0.860861
0,0,0,0,0,0,0,0.384989,0,-0.34405,-1.770001,0.870871
0,0,0,0,0,0,0,0.381558,0,-0.341338,-1.753271,0.880881
0,0,0,0,0,0,0,0.378155,0,-0.338631,-1.736721,0.890891
0,0,0,0,0,0,0,0.374779,0,-0.33593,-1.720348,0.900901
0,0,0,0,0,0,0,0.37143,0,-0.333236,-1.70415,0.910911
0,0,0,0,0,0,0,0.368107,0,-0.33055,-1.688123,0.920921
0,0,0,0,0,0,0,0.364812,0,-0.327872,-1.672264,0.930931
0,0,0,0,0,0,0,0.361543,0,-0.325204,-1.656571,0.940941
0,0,0,0,0,0,0,0.358301,0,-0.322545,-1.641041,0.950951
0,0,0,0,0,0,0,0.355086,0,-0.319896,-1.625672,0.960961
0,0,0,0,0,0,0,0.351897,0,-0.317259,-1.610461,0.970971
0,0,0,0,0,0,0,0.348734,0,-0.314633,-1.595406,0.980981
0,0,0,0,0,0,0,0.345598,0,-0.312019,-1.580504,0.990991
0,0,0,0,0,0,0,0.342488,0,-0.309418,-1.565753,1.001001
0,0,0,0,0,0,0,0.339403,0,-0.306829,-1.551151,1.011011
0,0,0,0,0,0,0,0.336345,0,-0.304254,-1.536695,1.021021
0,0,0,0,0,0,0,0.333312,0,-0.301693,-1.522385,1.031031
0,0,0,0,0,0,0,0.330305,0,-0.299145,-1.508217,1.041041
0,0,0,0,0,0,0,0.327323,0,-0.296612,-1.494189,1.051051
0,0,0,0,0,0,0,0.324367,0,-0.294094,-1.480301,1.061061
0,0,0,0,0,0,0,0.321435,0,-0.29159,-1.466549,1.071071
0,0,0,0,0,0,0,0.318529,0,-0.289102,-1.452932,1.081081
0,0,0,0,0,0,0,0.315648,0,-0.286629,-1.439449,1.091091
0,0,0,0,0,0,0,0.312791,0,-0.284172,-1.426097,1.101101
0,0,0,0,0,0,0,0.309958,0,-0.28173,-1.412876,1.111111
0,0,0,0,0,0,0,0.30715,0,-0.279305,-1.399782,1.121121
0,0,0,0,0,0,0,0.304367,0,-0.276895,-1.386815,1.131131
0,0,0,0,0,0,0,0.301607,0,-0.274502,-1.373973,1.141141
0,0,0,0,0,0,0,0.298871,0,-0.272125,-1.361255,1.151151
0,0,0,0,0,0,0,0.296159,0,-0.269765,-1.348658,1.161161
0,0,0,0,0,0,0,0.29347,0,-0.267421,-1.336182,1.171171
0,0,0,0,0,0,0,0.290805,0,-0.265094,-1.323826,1.181181
0,0,0,0,0,0,0,0.288163,0,-0.262783,-1.311587,1.191191
0,0,0,0,0,0,0,0.285544,0,-0.26049,-1.299464,1.201201
0,0,0,0,0,0,0,0.282948,0,-0.258213,-1.287456,1.211211
0,0,0,0,0,0,0,0.280375,0,-0.255952,-1.275562,1.221221
0,0,0,0,0,0,0,0.277824,0,-0.253709,-1.263781,1.231231
0,0,0,0,0,0,0,0.275295,0,-0.251483,-1.25211,1.241241
0,0,0,0,0,0,0,0.272789,0,-0.249273,-1.24055,1.251251
0,0,0,0,0,0,0,0.270305,0,-0.247081,-1.229098,1.261261
0,0,0,0,0,0,0,0.267842,0,-0.244905,-1.217754,1.271271
0,0,0,0,0,0,0,0.265402,0,-0.242746,-1.206516,1.281281
0,0,0,0,0,0,0,0.262983,0,-0.240604,-1.195383,1.291291
0,0,0,0,0,0,0,0.260585,0,-0.238479,-1.184354,1.301301
0,0,0,0,0,0,0,0.258208,0,-0.23637,-1.173428,1.311311
0,0,0,0,0,0,0,0.255853,0,-0.234278,-1.162604,1.321321
0,0,0,0,0,0,0,0.253518,0,-0.232203,-1.151881,1.331331
0,0,0,0,0,0,0,0.251204,0,-0.230145,-1.141257,1.341341
0,0,0,0,0,0,0,0.24891,0,-0.228103,-1.130733,1.351351
0,0,0,0,0,0,0,0.246637,0,-0.226078,-1.120305,1.361361
0,0,0,0,0,0,0,0.244384,0,-0.224069,-1.109975,1.371371
0,0,0,0,0,0,0,0.242151,0,-0.222076,-1.09974,1.381381
0,0,0,0,0,0,0,0.239938,0,-0.2201,-1.0896,1.391391
0,0,0,0,0,0,0,0.237745,0,-0.21814,-1.079553,1.401401
0,0,0,0,0,0,0,0.235571,0,-0.216197,-1.069599,1.411411
0,0,0,0,0,0,0,0.233416,0,-0.214269,-1.059737,1.421421
0,0,0,0,0,0,0,0.231281,0,-0.212357,-1.049966,1.431431
0,0,0,0,0,0,0,0.229165,0,-0.210462,-1.040286,1.441441
0,0,0,0,0,0,0,0.227068,0,-0.208582,-1.030694,1.451451
0,0,0,0,0,0,0,0.224989,0,-0.206718,-1.02119,1.461461
0,0,0,0,0,0,0,0.222929,0,-0.20487,-1.011774,1.471471
0,0,0,0,0,0,0,0.220887,0,-0.203037,-1.002445,1.481481
0,0,0,0,0,0,0,0.218864,0,-0.20122,-0.993201,1.491491
0,0,0,0,0,0,0,0.216859,0,-0.199418,-0.984042,1.501502
0,0,0,0,0,0,0,0.214872,0,-0.197631,-0.974967,1.511512
0,0,0,0,0,0,0,0.212902,0,-0.19586,-0.965975,1.521522
0,0,0,0,0,0,0,0.210951,0,-0.194103,-0.957066,1.531532
0,0,0,0,0,0,0,0.209016,0,-0.192362,-0.948238,1.541542
0,0,0,0,0,0,0,0.2071,0,-0.190636,-0.939492,1.551552
0,0,0,0,0,0,0,0.2052,0,-0.188924,-0.930825,1.561562
0,0,0,0,0,0,0,0.203317,0,-0.187227,-0.922238,1.571572
0,0,0,0,0,0,0,0.201451,0,-0.185545,-0.913729,1.581582
0,0,0,0,0,0,0,0.199603,0,-0.183877,-0.905298,1.591592
0,0,0,0,0,0,0,0.19777,0,-0.182224,-0.896944,1.601602
0,0,0,0,0,0,0,0.195954,0,-0.180584,-0.888667,1.611612
0,0,0,0,0,0,0,0.194155,0,-0.178959,-0.880465,1.621622
0,0,0,0,0,0,0,0.192372,0,-0.177349,-0.872338,1.631632
0,0,0,0,0,0,0,0.190604,0,-0.175752,-0.864285,1.641642
0,0,0,0,0,0,0,0.188853,0,-0.174169,-0.856306,1.651652
0,0,0,0,0,0,0,0.187117,0,-0.1726,-0.8484,1.661662
0,0,0,0,0,0,0,0.185397,0,-0.171044,-0.840566,1.671672
0,0,0,0,0,0,0,0.183693,0,-0.169502,-0.832804,1.681682
0,0,0,0,0,0,0,0.182004,0,-0.167973,-0.825112,1.691692
0,0,0,0,0,0,0,0.18033,0,-0.166458,-0.817491,1.701702
0,0,0,0,0,0,0,0.178671,0,-0.164956,-0.809939,1.711712
0,0,0,0,0,0,0,0.177028,0,-0.163468,-0.802456,1.721722
0,0,0,0,0,0,0,0.175399,0,-0.161992,-0.795041,1.731732
0,0,0,0,0,0,0,0.173785,0,-0.160529,-0.787694,1.741742
0,0,0,0,0,0,0,0.172185,0,-0.159079,-0.780414,1.751752
0,0,0,0,0,0,0,0.1706,0,-0.157642,-0.7732,1.761762
0,0,0,0,0,0,0,0.169029,0,-0.156217,-0.766052,1.771772
0,0,0,0,0,0,0,0.167472,0,-0.154805,-0.75897,1.781782
0,0,0,0,0,0,0,0.16593,0,-0.153405,-0.751952,1.791792
0,0,0,0,0,0,0,0.164401,0,-0.152018,-0.744998,1.801802
0,0,0,0,0,0,0,0.162886,0,-0.150643,-0.738107,1.811812
0,0,0,0,0,0,0,0.161385,0,-0.14928,-0.731279,1.821822
0,0,0,0,0,0,0,0.159898,0,-0.147929,-0.724513,1.831832
0,0,0,0,0,0,0,0.158424,0,-0.14659,-0.717809,1.841842
0,0,0,0,0,0,0,0.156963,0,-0.145263,-0.711167,1.851852
0,0,0,0,0,0,0,0.155515,0,-0.143947,-0.704584,1.861862
0,0,0,0,0,0,0,0.154081,0,-0.142644,-0.698062,1.871872
0,0,0,0,0,0,0,0.15266,0,-0.141351,-0.6916,1.881882
0,0,0,0,0,0,0,0.151251,0,-0.140071,-0.685196,1.891892
0,0,0,0,0,0,0,0.149855,0,-0.138801,-0.67885,1.901902
0,0,0,0,0,0,0,0.148472,0,-0.137543,-0.672563,1.911912
0,0,0,0,0,0,0,0.147102,0,-0.136296,-0.666333,1.921922
0,0,0,0,0,0,0,0.145744,0,-0.13506,-0.660159,1.931932
0,0,0,0,0,0,0,0.144398,0,-0.133835,-0.654042,1.941942
0,0,0,0,0,0,0,0.143064,0,-0.13262,-0.647981,1.951952
0,0,0,0,0,0,0,0.141743,0,-0.131417,-0.641975,1.961962
0,0,0,0,0,0,0,0.140433,0,-0.130224,-0.636024,1.971972
0,0,0,0,0,0,0,0.139135,0,-0.129042,-0.630127,1.981982
0,0,0,0,0,0,0,0.13785,0,-0.12787,-0.624284,1.991992
0,0,0,0,0,0,0,0.136575,0,-0.126709,-0.618494,2.002002
0,0,0,0,0,0,0,0.135313,0,-0.125558,-0.612757,2.012012
0,0,0,0,0,0,0,0.134062,0,-0.124418,-0.607073,2.022022
0,0,0,0,0,0,0,0.132822,0,-0.123287,-0.60144,2.032032
0,0,0,0,0,0,0,0.131594,0,-0.122167,-0.595859,2.042042
0,0,0,0,0,0,0,0.130376,0,-0.121056,-0.590329,2.052052
0,0,0,0,0,0,0,0.12917,0,-0.119956,-0.584849,2.062062
0,0,0,0,0,0,0,0.127975,0,-0.118865,-0.579419,2.072072
0,0,0,0,0,0,0,0.12679,0,-0.117784,-0.574039,2.082082
0,0,0,0,0,0,0,0.125617,0,-0.116713,-0.568708,2.092092
0,0,0,0,0,0,0,0.124454,0,-0.115651,-0.563426,2.102102
0,0,0,0,0,0,0,0.123301,0,-0.114598,-0.558192,2.112112
0,0,0,0,0,0,0,0.122159,0,-0.113555,-0.553006,2.122122
0,0,0,0,0,0,0,0.121028,0,-0.112522,-0.547867,2.132132
0,0,0,0,0,0,0,0.119907,0,-0.111497,-0.542775,2.142142
0,0,0,0,0,0,0,0.118796,0,-0.110482,-0.53773,2.152152
0,0,0,0,0,0,0,0.117695,0,-0.109476,-0.532731,2.162162
0,0,0,0,0,0,0,0.116604,0,-0.108478,-0.527777,2.172172
0,0,0,0,0,0,0,0.115523,0,-0.10749,-0.522869,2.182182
0,0,0,0,0,0,0,0.114452,0,-0.106511,-0.518006,2.192192
0,0,0,0,0,0,0,0.113391,0,-0.10554,-0.513187,2.202202
0,0,0,0,0,0,0,0.112339,0,-0.104578,-0.508413,2.212212
0,0,0,0,0,0,0,0.111297,0,-0.103624,-0.503682,2.222222
0,0,0,0,0,0,0,0.110264,0,-0.10268,-0.498994,2.232232
0,0,0,0,0,0,0,0.109241,0,-0.101743,-0.49435,2.242242
0,0,0,0,0,0,0,0.108227,0,-0.100815,-0.489748,2.252252
0,0,0,0,0,0,0,0.107223,0,-0.099895,-0.485188,2.262262
0,0,0,0,0,0,0,0.106227,0,-0.098984,-0.480669,2.272272
0,0,0,0,0,0,0,0.105241,0,-0.09808,-0.476193,2.282282
0,0,0,0,0,0,0,0.104264,0,-0.097185,-0.471757,2.292292
0,0,0,0,0,0,0,0.103296,0,-0.096298,-0.467362,2.302302
0,0,0,0,0,0,0,0.102336,0,-0.095419,-0.463007,2.312312
0,0,0,0,0,0,0,0.101385,0,-0.094547,-0.458692,2.322322
0,0,0,0,0,0,0,0.100443,0,-0.093684,-0.454417,2.332332
0,0,0,0,0,0,0,0.09951,0,-0.092828,-0.45018,2.342342
0,0,0,0,0,0,0,0.098585,0,-0.09198,-0.445983,2.352352
0,0,0,0,0,0,0,0.097668,0,-0.091139,-0.441824,2.362362
0,0,0,0,0,0,0,0.09676,0,-0.090306,-0.437704,2.372372
0,0,0,0,0,0,0,0.09586,0,-0.089481,-0.433621,2.382382
0,0,0,0,0,0,0,0.094969,0,-0.088663,-0.429576,2.392392
0,0,0,0,0,0,0,0.094085,0,-0.087852,-0.425567,2.402402
0,0,0,0,0,0,0,0.09321,0,-0.087049,-0.421596,2.412412
0,0,0,0,0,0,0,0.092342,0,-0.086252,-0.417661,2.422422
0,0,0,0,0,0,0,0.091483,0,-0.085463,-0.413762,2.432432
0,0,0,0,0,0,0,0.090631,0,-0.084681,-0.409899,2.442442
0,0,0,0,0,0,0,0.089788,0,-0.083906,-0.406072,2.452452
0,0,0,0,0,0,0,0.088952,0,-0.083139,-0.40228,2.462462
0,0,0,0,0,0,0,0.088123,0,-0.082378,-0.398522,2.472472
0,0,0,0,0,0,0,0.087302,0,-0.081623,-0.394799,2.482482
0,0,0,0,0,0,0,0.086489,0,-0.080876,-0.391111,2.492492
0,0,0,0,0,0,0,0.085683,0,-0.080135,-0.387456,2.502503
0,0,0,0,0,0,0,0.084885,0,-0.079401,-0.383835,2.512513
0,0,0,0,0,0,0,0.084094,0,-0.078674,-0.380247,2.522523
0,0,0,0,0,0,0,0.08331,0,-0.077953,-0.376692,2.532533
0,0,0,0,0,0,0,0.082533,0,-0.077239,-0.37317,2.542543
0,0,0,0,0,0,0,0.081763,0,-0.076531,-0.369681,2.552553
0,0,0,0,0,0,0,0.081001,0,-0.07583,-0.366223,2.562563
0,0,0,0,0,0,0,0.080245,0,-0.075135,-0.362798,2.572573
0,0,0,0,0,0,0,0.079497,0,-0.074446,-0.359403,2.582583
0,0,0,0,0,0,0,0.078755,0,-0.073763,-0.356041,2.592593
0,0,0,0,0,0,0,0.07802,0,-0.073087,-0.352709,2.602603
0,0,0,0,0,0,0,0.077291,0,-0.072417,-0.349407,2.612613
0,0,0,0,0,0,0,0.07657,0,-0.071753,-0.346137,2.622623
0,0,0,0,0,0,0,0.075855,0,-0.071094,-0.342896,2.632633
0,0,0,0,0,0,0,0.075147,0,-0.070442,-0.339685,2.642643
0,0,0,0,0,0,0,0.074445,0,-0.069796,-0.336504,2.652653
0,0,0,0,0,0,0,0.073749,0,-0.069155,-0.333352,2.662663
0,0,0,0,0,0,0,0.07306,0,-0.068521,-0.330229,2.672673
0,0,0,0,0,0,0,0.072377,0,-0.067892,-0.327135,2.682683
0,0,0,0,0,0,0,0.071701,0,-0.067269,-0.32407,2.692693
0,0,0,0,0,0,0,0.071031,0,-0.066651,-0.321033,2.702703
0,0,0,0,0,0,0,0.070367,0,-0.066039,-0.318024,2.712713
0,0,0,0,0,0,0,0.069709,0,-0.065433,-0.315042,2.722723
0,0,0,0,0,0,0,0.069057,0,-0.064832,-0.312088,2.732733
0,0,0,0,0,0,0,0.068411,0,-0.064237,-0.309162,2.742743
0,0,0,0,0,0,0,0.067771,0,-0.063647,-0.306262,2.752753
0,0,0,0,0,0,0,0.067136,0,-0.063062,-0.303389,2.762763
0,0,0,0,0,0,0,0.066508,0,-0.062483,-0.300543,2.772773
0,0,0,0,0,0,0,0.065886,0,-0.061909,-0.297722,2.782783
0,0,0,0,0,0,0,0.065269,0,-0.06134,-0.294928,2.792793
0,0,0,0,0,0,0,0.064657,0,-0.060776,-0.29216,2.802803
0,0,0,0,0,0,0,0.064052,0,-0.060218,-0.289417,2.812813
0,0,0,0,0,0,0,0.063452,0,-0.059664,-0.2867,2.822823
0,0,0,0,0,0,0,0.062857,0,-0.059116,-0.284008,2.832833
0,0,0,0,0,0,0,0.062268,0,-0.058573,-0.28134,2.842843
0,0,0,0,0,0,0,0.061685,0,-0.058034,-0.278697,2.852853
0,0,0,0,0,0,0,0.061106,0,-0.057501,-0.276079,2.862863
0,0,0,0,0,0,0,0.060534,0,-0.056972,-0.273485,2.872873
0,0,0,0,0,0,0,0.059966,0,-0.056449,-0.270914,2.882883
0,0,0,0,0,0,0,0.059403,0,-0.05593,-0.268368,2.892893
0,0,0,0,0,0,0,0.058846,0,-0.055415,-0.265845,2.902903
0,0,0,0,0,0,0,0.058294,0,-0.054906,-0.263345,2.912913
0,0,0,0,0,0,0,0.057747,0,-0.054401,-0.260868,2.922923
0,0,0,0,0,0,0,0.057205,0,-0.053901,-0.258415,2.932933
0,0,0,0,0,0,0,0.056668,0,-0.053405,-0.255984,2.942943
0,0,0,0,0,0,0,0.056136,0,-0.052914,-0.253575,2.952953
0,0,0,0,0,0,0,0.055608,0,-0.052428,-0.251188,2.962963
0,0,0,0,0,0,0,0.055086,0,-0.051946,-0.248824,2.972973
0,0,0,0,0,0,0,0.054568,0,-0.051468,-0.246481,2.982983
0,0,0,0,0,0,0,0.054056,0,-0.050995,-0.244161,2.992993
0,0,0,0,0,0,0,0.053548,0,-0.050526,-0.241861,3.003003
0,0,0,0,0,0,0,0.053044,0,-0.050061,-0.239583,3.013013
0,0,0,0,0,0,0,0.052545,0,-0.049601,-0.237326,3.023023
0,0,0,0,0,0,0,0.052051,0,-0.049145,-0.235089,3.033033
0,0,0,0,0,0,0,0.051561,0,-0.048693,-0.232873,3.043043
0,0,0,0,0,0,0,0.051076,0,-0.048245,-0.230678,3.053053
0,0,0,0,0,0,0,0.050596,0,-0.047801,-0.228503,3.063063
0,0,0,0,0,0,0,0.050119,0,-0.047362,-0.226348,3.073073
0,0,0,0,0,0,0,0.049647,0,-0.046926,-0.224213,3.083083
0,0,0,0,0,0,0,0.04918,0,-0.046495,-0.222098,3.093093
0,0,0,0,0,0,0,0.048717,0,-0.046067,-0.220002,3.103103
0,0,0,0,0,0,0,0.048258,0,-0.045643,-0.217926,3.113113
0,0,0,0,0,0,0,0.047803,0,-0.045224,-0.215868,3.123123
0,0,0,0,0,0,0,0.047352,0,-0.044808,-0.21383,3.133133
0,0,0,0,0,0,0,0.046906,0,-0.044396,-0.21181,3.143143
0,0,0,0,0,0,0,0.046463,0,-0.043988,-0.209809,3.153153
0,0,0,0,0,0,0,0.046025,0,-0.043584,-0.207827,3.163163
0,0,0,0,0,0,0,0.045591,0,-0.043183,-0.205863,3.173173
0,0,0,0,0,0,0,0.04516,0,-0.042786,-0.203917,3.183183
0,0,0,0,0,0,0,0.044734,0,-0.042393,-0.201988,3.193193
0,0,0,0,0,0,0,0.044312,0,-0.042003,-0.200078,3.203203
0,0,0,0,0,0,0,0.043893,0,-0.041617,-0.198185,3.213213
0,0,0,0,0,0,0,0.043479,0,-0.041235,-0.19631,3.223223
0,0,0,0,0,0,0,0.043068,0,-0.040856,-0.194452,3.233233
0,0,0,0,0,0,0,0.042661,0,-0.04048,-0.192611,3.243243
0,0,0,0,0,0,0,0.042257,0,-0.040108,-0.190787,3.253253
0,0,0,0,0,0,0,0.041858,0,-0.03974,-0.18898,3.263263
0,0,0,0,0,0,0,0.041462,0,-0.039375,-0.187189,3.273273
0,0,0,0,0,0,0,0.041069,0,-0.039013,-0.185415,3.283283
0,0,0,0,0,0,0,0.040681,0,-0.038655,-0.183657,3.293293
0,0,0,0,0,0,0,0.040295,0,-0.0383,-0.181915,3.303303
0,0,0,0,0,0,0,0.039914,0,-0.037948,-0.18019,3.313313
0,0,0,0,0,0,0,0.039536,0,-0.0376,-0.17848,3.323323
0,0,0,0,0,0,0,0.039161,0,-0.037255,-0.176786,3.333333
0,0,0,0,0,0,0,0.03879,0,-0.036913,-0.175108,3.343343
0,0,0,0,0,0,0,0.038422,0,-0.036574,-0.173444,3.353353
0,0,0,0,0,0,0,0.038058,0,-0.036238,-0.171797,3.363363
0,0,0,0,0,0,0,0.037697,0,-0.035906,-0.170164,3.373373
0,0,0,0,0,0,0,0.037339,0,-0.035576,-0.168546,3.383383
0,0,0,0,0,0,0,0.036984,0,-0.03525,-0.166944,3.393393
0,0,0,0,0,0,0,0.036633,0,-0.034926,-0.165356,3.403403
0,0,0,0,0,0,0,0.036285,0,-0.034606,-0.163782,3.413413
0,0,0,0,0,0,0,0.03594,0,-0.034289,-0.162223,3.423423
0,0,0,0,0,0,0,0.035599,0,-0.033974,-0.160678,3.433433
0,0,0,0,0,0,0,0.03526,0,-0.033663,-0.159148,3.443443
0,0,0,0,0,0,0,0.034925,0,-0.033354,-0.157631,3.453453
0,0,0,0,0,0,0,0.034592,0,-0.033048,-0.156128,3.463463
0,0,0,0,0,0,0,0.034263,0,-0.032746,-0.154639,3.473473
0,0,0,0,0,0,0,0.033937,0,-0.032446,-0.153164,3.483483
0,0,0,0,0,0,0,0.033613,0,-0.032148,-0.151702,3.493493
0,0,0,0,0,0,0,0.033293,0,-0.031854,-0.150254,3.503504
0,0,0,0,0,0,0,0.032976,0,-0.031562,-0.148819,3.513514
0,0,0,0,0,0,0,0.032661,0,-0.031273,-0.147397,3.523524
0,0,0,0,0,0,0,0.03235,0,-0.030987,-0.145988,3.533534
0,0,0,0,0,0,0,0.032041,0,-0.030703,-0.144592,3.543544
0,0,0,0,0,0,0,0.031735,0,-0.030422,-0.143208,3.553554
0,0,0,0,0,0,0,0.031432,0,-0.030143,-0.141837,3.563564
0,0,0,0,0,0,0,0.031132,0,-0.029868,-0.140479,3.573574
0,0,0,0,0,0,0,0.030834,0,-0.029594,-0.139133,3.583584
0,0,0,0,0,0,0,0.030539,0,-0.029324,-0.1378,3.593594
0,0,0,0,0,0,0,0.030247,0,-0.029055,-0.136478,3.603604
0,0,0,0,0,0,0,0.029957,0,-0.02879,-0.135169,3.613614
0,0,0,0,0,0,0,0.02967,0,-0.028526,-0.133872,3.623624
0,0,0,0,0,0,0,0.029386,0,-0.028266,-0.132586,3.633634
0,0,0,0,0,0,0,0.029105,0,-0.028007,-0.131312,3.643644
0,0,0,0,0,0,0,0.028826,0,-0.027751,-0.13005,3.653654
0,0,0,0,0,0,0,0.028549,0,-0.027498,-0.128799,3.663664
0,0,0,0,0,0,0,0.028275,0,-0.027246,-0.12756,3.673674
0,0,0,0,0,0,0,0.028004,0,-0.026997,-0.126332,3.683684
0,0,0,0,0,0,0,0.027735,0,-0.026751,-0.125115,3.693694
0,0,0,0,0,0,0,0.027468,0,-0.026507,-0.123909,3.703704
0,0,0,0,0,0,0,0.027204,0,-0.026264,-0.122714,3.713714
0,0,0,0,0,0,0,0.026942,0,-0.026025,-0.121531,3.723724
0,0,0,0,0,0,0,0.026683,0,-0.025787,-0.120357,3.733734
0,0,0,0,0,0,0,0.026426,0,-0.025552,-0.119195,3.743744
0,0,0,0,0,0,0,0.026171,0,-0.025319,-0.118043,3.753754
0,0,0,0,0,0,0,0.025919,0,-0.025088,-0.116901,3.763764
0,0,0,0,0,0,0,0.025669,0,-0.024859,-0.11577,3.773774
0,0,0,0,0,0,0,0.025421,0,-0.024632,-0.114649,3.783784
0,0,0,0,0,0,0,0.025176,0,-0.024407,-0.113539,3.793794
0,0,0,0,0,0,0,0.024933,0,-0.024185,-0.112438,3.803804
0,0,0,0,0,0,0,0.024692,0,-0.023964,-0.111347,3.813814
0,0,0,0,0,0,0,0.024453,0,-0.023746,-0.110266,3.823824
0,0,0,0,0,0,0,0.024216,0,-0.023529,-0.109196,3.833834
0,0,0,0,0,0,0,0.023982,0,-0.023315,-0.108134,3.843844
0,0,0,0,0,0,0,0.02375,0,-0.023102,-0.107083,3.853854
0,0,0,0,0,0,0,0.023519,0,-0.022892,-0.106041,3.863864
0,0,0,0,0,0,0,0.023291,0,-0.022683,-0.105008,3.873874
0,0,0,0,0,0,0,0.023065,0,-0.022477,-0.103985,3.883884
0,0,0,0,0,0,0,0.022841,0,-0.022272,-0.102971,3.893894
0,0,0,0,0,0,0,0.022619,0,-0.022069,-0.101966,3.903904
0,0,0,0,0,0,0,0.022399,0,-0.021868,-0.10097,3.913914
0,0,0,0,0,0,0,0.022182,0,-0.021669,-0.099983,3.923924
0,0,0,0,0,0,0,0.021966,0,-0.021472,-0.099005,3.933934
0,0,0,0,0,0,0,0.021752,0,-0.021276,-0.098036,3.943944
0,0,0,0,0,0,0,0.02154,0,-0.021082,-0.097076,3.953954
0,0,0,0,0,0,0,0.02133,0,-0.020891,-0.096124,3.963964
0,0,0,0,0,0,0,0.021121,0,-0.0207,-0.095182,3.973974
0,0,0,0,0,0,0,0.020915,0,-0.020512,-0.094247,3.983984
0,0,0,0,0,0,0,0.020711,0,-0.020325,-0.093321,3.993994
0,0,0,0,0,0,0,0.020508,0,-0.02014,-0.092404,4.004004
0,0,0,0,0,0,0,0.020308,0,-0.019957,-0.091494,4.014014
0,0,0,0,0,0,0,0.020109,0,-0.019775,-0.090593,4.024024
0,0,0,0,0,0,0,0.019912,0,-0.019596,-0.0897,4.034034
0,0,0,0,0,0,0,0.019716,0,-0.019417,-0.088815,4.044044
0,0,0,0,0,0,0,0.019523,0,-0.019241,-0.087938,4.054054
0,0,0,0,0,0,0,0.019331,0,-0.019066,-0.087069,4.064064
0,0,0,0,0,0,0,0.019141,0,-0.018892,-0.086208,4.074074
0,0,0,0,0,0,0,0.018953,0,-0.01872,-0.085355,4.084084
0,0,0,0,0,0,0,0.018766,0,-0.01855,-0.084509,4.094094
0,0,0,0,0,0,0,0.018582,0,-0.018381,-0.083671,4.104104
0,0,0,0,0,0,0,0.018398,0,-0.018214,-0.082841,4.114114
0,0,0,0,0,0,0,0.018217,0,-0.018048,-0.082018,4.124124
0,0,0,0,0,0,0,0.018037,0,-0.017884,-0.081202,4.134134
0,0,0,0,0,0,0,0.017859,0,-0.017721,-0.080394,4.144144
0,0,0,0,0,0,0,0.017682,0,-0.01756,-0.079593,4.154154
0,0,0,0,0,0,0,0.017507,0,-0.0174,-0.078799,4.164164
0,0,0,0,0,0,0,0.017334,0,-0.017242,-0.078013,4.174174
0,0,0,0,0,0,0,0.017162,0,-0.017085,-0.077234,4.184184
0,0,0,0,0,0,0,0.016992,0,-0.01693,-0.076461,4.194194
0,0,0,0,0,0,0,0.016823,0,-0.016776,-0.075696,4.204204
0,0,0,0,0,0,0,0.016656,0,-0.016623,-0.074937,4.214214
0,0,0,0,0,0,0,0.01649,0,-0.016472,-0.074186,4.224224
0,0,0,0,0,0,0,0.016326,0,-0.016322,-0.073441,4.234234
0,0,0,0,0,0,0,0.016164,0,-0.016173,-0.072703,4.244244
0,0,0,0,0,0,0,0.016002,0,-0.016026,-0.071971,4.254254
0,0,0,0,0,0,0,0.015843,0,-0.01588,-0.071247,4.264264
0,0,0,0,0,0,0,0.015685,0,-0.015735,-0.070528,4.274274
0,0,0,0,0,0,0,0.015528,0,-0.015592,-0.069817,4.284284
0,0,0,0,0,0,0,0.015372,0,-0.01545,-0.069111,4.294294
0,0,0,0,0,0,0,0.015218,0,-0.015309,-0.068412,4.304304
0,0,0,0,0,0,0,0.015066,0,-0.01517,-0.06772,4.314314
0,0,0,0,0,0,0,0.014915,0,-0.015032,-0.067033,4.324324
0,0,0,0,0,0,0,0.014765,0,-0.014895,-0.066353,4.334334
0,0,0,0,0,0,0,0.014617,0,-0.014759,-0.065679,4.344344
0,0,0,0,0,0,0,0.014469,0,-0.014624,-0.065011,4.354354
0,0,0,0,0,0,0,0.014324,0,-0.014491,-0.064349,4.364364
0,0,0,0,0,0,0,0.014179,0,-0.014359,-0.063693,4.374374
0,0,0,0,0,0,0,0.014036,0,-0.014228,-0.063044,4.384384
0,0,0,0,0,0,0,0.013895,0,-0.014098,-0.0624,4.394394
0,0,0,0,0,0,0,0.013754,0,-0.013969,-0.061761,4.404404
0,0,0,0,0,0,0,0.013615,0,-0.013841,-0.061129,4.414414
0,0,0,0,0,0,0,0.013477,0,-0.013715,-0.060502,4.424424
0,0,0,0,0,0,0,0.01334,0,-0.01359,-0.059881,4.434434
0,0,0,0,0,0,0,0.013205,0,-0.013465,-0.059266,4.444444
0,0,0,0,0,0,0,0.013071,0,-0.013342,-0.058656,4.454454
0,0,0,0,0,0,0,0.012938,0,-0.01322,-0.058052,4.464464
0,0,0,0,0,0,0,0.012806,0,-0.013099,-0.057453,4.474474
0,0,0,0,0,0,0,0.012675,0,-0.012979,-0.05686,4.484484
0,0,0,0,0,0,0,0.012546,0,-0.012861,-0.056272,4.494494
0,0,0,0,0,0,0,0.012418,0,-0.012743,-0.05569,4.504505
0,0,0,0,0,0,0,0.012291,0,-0.012626,-0.055113,4.514515
0,0,0,0,0,0,0,0.012165,0,-0.01251,-0.054541,4.524525
0,0,0,0,0,0,0,0.012041,0,-0.012396,-0.053974,4.534535
0,0,0,0,0,0,0,0.011917,0,-0.012282,-0.053412,4.544545
0,0,0,0,0,0,0,0.011795,0,-0.012169,-0.052856,4.554555
0,0,0,0,0,0,0,0.011673,0,-0.012057,-0.052305,4.564565
0,0,0,0,0,0,0,0.011553,0,-0.011947,-0.051758,4.574575
0,0,0,0,0,0,0,0.011434,0,-0.011837,-0.051217,4.584585
0,0,0,0,0,0,0,0.011316,0,-0.011728,-0.050681,4.594595
0,0,0,0,0,0,0,0.011199,0,-0.01162,-0.050149,4.604605
0,0,0,0,0,0,0,0.011084,0,-0.011513,-0.049623,4.614615
0,0,0,0,0,0,0,0.010969,0,-0.011407,-0.049101,4.624625
0,0,0,0,0,0,0,0.010855,0,-0.011302,-0.048584,4.634635
0,0,0,0,0,0,0,0.010743,0,-0.011198,-0.048072,4.644645
0,0,0,0,0,0,0,0.010631,0,-0.011095,-0.047565,4.654655
0,0,0,0,0,0,0,0.010521,0,-0.010992,-0.047062,4.664665
0,0,0,0,0,0,0,0.010411,0,-0.010891,-0.046564,4.674675
0,0,0,0,0,0,0,0.010303,0,-0.01079,-0.04607,4.684685
0,0,0,0,0,0,0,0.010195,0,-0.010691,-0.045581,4.694695
0,0,0,0,0,0,0,0.010089,0,-0.010592,-0.045097,4.704705
0,0,0,0,0,0,0,0.009983,0,-0.010494,-0.044617,4.714715
0,0,0,0,0,0,0,0.009878,0,-0.010397,-0.044141,4.724725
0,0,0,0,0,0,0,0.009775,0,-0.0103,-0.04367,4.734735
0,0,0,0,0,0,0,0.009672,0,-0.010205,-0.043203,4.744745
0,0,0,0,0,0,0,0.009571,0,-0.01011,-0.042741,4.754755
0,0,0,0,0,0,0,0.00947,0,-0.010016,-0.042282,4.764765
0,0,0,0,0,0,0,0.00937,0,-0.009923,-0.041828,4.774775
0,0,0,0,0,0,0,0.009271,0,-0.009831,-0.041379,4.784785
0,0,0,0,0,0,0,0.009173,0,-0.009739,-0.040933,4.794795
0,0,0,0,0,0,0,0.009076,0,-0.009649,-0.040492,4.804805
0,0,0,0,0,0,0,0.00898,0,-0.009559,-0.040054,4.814815
0,0,0,0,0,0,0,0.008885,0,-0.00947,-0.039621,4.824825
0,0,0,0,0,0,0,0.00879,0,-0.009381,-0.039192,4.834835
0,0,0,0,0,0,0,0.008697,0,-0.009294,-0.038767,4.844845
0,0,0,0,0,0,0,0.008604,0,-0.009207,-0.038346,4.854855
0,0,0,0,0,0,0,0.008513,0,-0.009121,-0.037929,4.864865
0,0,0,0,0,0,0,0.008422,0,-0.009036,-0.037515,4.874875
0,0,0,0,0,0,0,0.008332,0,-0.008951,-0.037106,4.884885
0,0,0,0,0,0,0,0.008243,0,-0.008867,-0.0367,4.894895
0,0,0,0,0,0,0,0.008154,0,-0.008784,-0.036298,4.904905
0,0,0,0,0,0,0,0.008067,0,-0.008701,-0.035901,4.914915
0,0,0,0,0,0,0,0.00798,0,-0.00862,-0.035506,4.924925
0,0,0,0,0,0,0,0.007894,0,-0.008538,-0.035116,4.934935
0,0,0,0,0,0,0,0.007809,0,-0.008458,-0.034729,4.944945
0,0,0,0,0,0,0,0.007725,0,-0.008378,-0.034346,4.954955
0,0,0,0,0,0,0,0.007641,0,-0.008299,-0.033966,4.964965
0,0,0,0,0,0,0,0.007559,0,-0.008221,-0.03359,4.974975
0,0,0,0,0,0,0,0.007477,0,-0.008143,-0.033218,4.984985
0,0,0,0,0,0,0,0.007396,0,-0.008066,-0.032849,4.994995
0,0,0,0,0,0,0,0.007315,0,-0.00799,-0.032484,5.005005
0,0,0,0,0,0,0,0.007236,0,-0.007914,-0.032122,5.015015
0,0,0,0,0,0,0,0.007157,0,-0.007839,-0.031764,5.025025
0,0,0,0,0,0,0,0.007079,0,-0.007765,-0.031409,5.035035
0,0,0,0,0,0,0,0.007001,0,-0.007691,-0.031057,5.045045
0,0,0,0,0,0,0,0.006925,0,-0.007618,-0.030709,5.055055
0,0,0,0,0,0,0,0.006849,0,-0.007546,-0.030364,5.065065
0,0,0,0,0,0,0,0.006774,0,-0.007474,-0.030023,5.075075
0,0,0,0,0,0,0,0.006699,0,-0.007402,-0.029685,5.085085
0,0,0,0,0,0,0,0.006625,0,-0.007332,-0.02935,5.095095
0,0,0,0,0,0,0,0.006552,0,-0.007262,-0.029018,5.105105
0,0,0,0,0,0,0,0.00648,0,-0.007192,-0.028689,5.115115
0,0,0,0,0,0,0,0.006408,0,-0.007123,-0.028364,5.125125
0,0,0,0,0,0,0,0.006337,0,-0.007055,-0.028042,5.135135
0,0,0,0,0,0,0,0.006267,0,-0.006987,-0.027723,5.145145
0,0,0,0,0,0,0,0.006198,0,-0.00692,-0.027407,5.155155
0,0,0,0,0,0,0,0.006129,0,-0.006854,-0.027094,5.165165
0,0,0,0,0,0,0,0.00606,0,-0.006788,-0.026784,5.175175
0,0,0,0,0,0,0,0.005993,0,-0.006722,-0.026477,5.185185
0,0,0,0,0,0,0,0.005926,0,-0.006657,-0.026173,5.195195
0,0,0,0,0,0,0,0.005859,0,-0.006593,-0.025872,5.205205
0,0,0,0,0,0,0,0.005794,0,-0.006529,-0.025574,5.215215
0,0,0,0,0,0,0,0.005729,0,-0.006466,-0.025279,5.225225
0,0,0,0,0,0,0,0.005664,0,-0.006403,-0.024987,5.235235
0,0,0,0,0,0,0,0.005601,0,-0.006341,-0.024698,5.245245
0,0,0,0,0,0,0,0.005537,0,-0.00628,-0.024412,5.255255
0,0,0,0,0,0,0,0.005475,0,-0.006219,-0.024128,5.265265
0,0,0,0,0,0,0,0.005413,0,-0.006158,-0.023847,5.275275
0,0,0,0,0,0,0,0.005352,0,-0.006098,-0.023569,5.285285
0,0,0,0,0,0,0,0.005291,0,-0.006039,-0.023294,5.295295
0,0,0,0,0,0,0,0.005231,0,-0.00598,-0.023021,5.305305
0,0,0,0,0,0,0,0.005171,0,-0.005921,-0.022752,5.315315
0,0,0,0,0,0,0,0.005112,0,-0.005863,-0.022484,5.325325
0,0,0,0,0,0,0,0.005054,0,-0.005806,-0.02222,5.335335
0,0,0,0,0,0,0,0.004996,0,-0.005749,-0.021958,5.345345
0,0,0,0,0,0,0,0.004939,0,-0.005692,-0.021699,5.355355
0,0,0,0,0,0,0,0.004882,0,-0.005636,-0.021442,5.365365
0,0,0,0,0,0,0,0.004826,0,-0.005581,-0.021188,5.375375
0,0,0,0,0,0,0,0.00477,0,-0.005526,-0.020937,5.385385
0,0,0,0,0,0,0,0.004715,0,-0.005471,-0.020688,5.395395
0,0,0,0,0,0,0,0.004661,0,-0.005417,-0.020441,5.405405
0,0,0,0,0,0,0,0.004607,0,-0.005363,-0.020197,5.415415
0,0,0,0,0,0,0,0.004553,0,-0.00531,-0.019955,5.425425
0,0,0,0,0,0,0,0.0045,0,-0.005258,-0.019716,5.435435
0,0,0,0,0,0,0,0.004448,0,-0.005205,-0.01948,5.445445
0,0,0,0,0,0,0,0.004396,0,-0.005153,-0.019245,5.455455
0,0,0,0,0,0,0,0.004345,0,-0.005102,-0.019013,5.465465
0,0,0,0,0,0,0,0.004294,0,-0.005051,-0.018784,5.475475
0,0,0,0,0,0,0,0.004244,0,-0.005001,-0.018557,5.485485
0,0,0,0,0,0,0,0.004194,0,-0.004951,-0.018332,5.495495
0,0,0,0,0,0,0,0.004145,0,-0.004901,-0.018109,5.505506
0,0,0,0,0,0,0,0.004096,0,-0.004852,-0.017889,5.515516
0,0,0,0,0,0,0,0.004047,0,-0.004803,-0.017671,5.525526
0,0,0,0,0,0,0,0.004,0,-0.004755,-0.017455,5.535536
0,0,0,0,0,0,0,0.003952,0,-0.004707,-0.017241,5.545546
0,0,0,0,0,0,0,0.003905,0,-0.00466,-0.01703,5.555556
0,0,0,0,0,0,0,0.003859,0,-0.004613,-0.016821,5.565566
0,0,0,0,0,0,0,0.003813,0,-0.004566,-0.016613,5.575576
0,0,0,0,0,0,0,0.003768,0,-0.00452,-0.016409,5.585586
0,0,0,0,0,0,0,0.003723,0,-0.004474,-0.016206,5.595596
0,0,0,0,0,0,0,0.003678,0,-0.004429,-0.016005,5.605606
0,0,0,0,0,0,0,0.003634,0,-0.004384,-0.015806,5.615616
0,0,0,0,0,0,0,0.00359,0,-0.004339,-0.01561,5.625626
0,0,0,0,0,0,0,0.003547,0,-0.004295,-0.015415,5.635636
0,0,0,0,0,0,0,0.003504,0,-0.004251,-0.015223,5.645646
0,0,0,0,0,0,0,0.003462,0,-0.004208,-0.015032,5.655656
0,0,0,0,0,0,0,0.00342,0,-0.004165,-0.014844,5.665666
0,0,0,0,0,0,0,0.003379,0,-0.004122,-0.014657,5.675676
0,0,0,0,0,0,0,0.003337,0,-0.00408,-0.014472,5.685686
0,0,0,0,0,0,0,0.003297,0,-0.004038,-0.01429,5.695696
0,0,0,0,0,0,0,0.003257,0,-0.003996,-0.014109,5.705706
0,0,0,0,0,0,0,0.003217,0,-0.003955,-0.01393,5.715716
0,0,0,0,0,0,0,0.003177,0,-0.003915,-0.013753,5.725726
0,0,0,0,0,0,0,0.003138,0,-0.003874,-0.013578,5.735736
0,0,0,0,0,0,0,0.0031,0,-0.003834,-0.013405,5.745746
0,0,0,0,0,0,0,0.003062,0,-0.003794,-0.013234,5.755756
0,0,0,0,0,0,0,0.003024,0,-0.003755,-0.013064,5.765766
0,0,0,0,0,0,0,0.002987,0,-0.003716,-0.012896,5.775776
0,0,0,0,0,0,0,0.00295,0,-0.003677,-0.01273,5.785786
0,0,0,0,0,0,0,0.002913,0,-0.003639,-0.012566,5.795796
0,0,0,0,0,0,0,0.002877,0,-0.003601,-0.012404,5.805806
0,0,0,0,0,0,0,0.002841,0,-0.003564,-0.012243,5.815816
0,0,0,0,0,0,0,0.002805,0,-0.003526,-0.012084,5.825826
0,0,0,0,0,0,0,0.00277,0,-0.003489,-0.011927,5.835836
0,0,0,0,0,0,0,0.002735,0,-0.003453,-0.011771,5.845846
0,0,0,0,0,0,0,0.002701,0,-0.003417,-0.011617,5.855856
0,0,0,0,0,0,0,0.002667,0,-0.003381,-0.011465,5.865866
0,0,0,0,0,0,0,0.002633,0,-0.003345,-0.011314,5.875876
0,0,0,0,0,0,0,0.0026,0,-0.00331,-0.011165,5.885886
0,0,0,0,0,0,0,0.002567,0,-0.003275,-0.011018,5.895896
0,0,0,0,0,0,0,0.002535,0,-0.00324,-0.010872,5.905906
0,0,0,0,0,0,0,0.002502,0,-0.003206,-0.010728,5.915916
0,0,0,0,0,0,0,0.00247,0,-0.003172,-0.010585,5.925926
0,0,0,0,0,0,0,0.002439,0,-0.003138,-0.010444,5.935936
0,0,0,0,0,0,0,0.002407,0,-0.003105,-0.010304,5.945946
0,0,0,0,0,0,0,0.002377,0,-0.003072,-0.010166,5.955956
0,0,0,0,0,0,0,0.002346,0,-0.003039,-0.01003,5.965966
0,0,0,0,0,0,0,0.002316,0,-0.003007,-0.009895,5.975976
0,0,0,0,0,0,0,0.002286,0,-0.002974,-0.009761,5.985986
0,0,0,0,0,0,0,0.002256,0,-0.002943,-0.009629,5.995996
0,0,0,0,0,0,0,0.002227,0,-0.002911,-0.009498,6.006006
0,0,0,0,0,0,0,0.002198,0,-0.00288,-0.009369,6.016016
0,0,0,0,0,0,0,0.002169,0,-0.002849,-0.009241,6.026026
0,0,0,0,0,0,0,0.002141,0,-0.002818,-0.009115,6.036036
0,0,0,0,0,0,0,0.002113,0,-0.002787,-0.00899,6.046046
0,0,0,0,0,0,0,0.002085,0,-0.002757,-0.008866,6.056056
0,0,0,0,0,0,0,0.002058,0,-0.002727,-0.008744,6.066066
0,0,0,0,0,0,0,0.00203,0,-0.002698,-0.008623,6.076076
0,0,0,0,0,0,0,0.002004,0,-0.002669,-0.008504,6.086086
0,0,0,0,0,0,0,0.001977,0,-0.00264,-0.008385,6.096096
0,0,0,0,0,0,0,0.001951,0,-0.002611,-0.008268,6.106106
0,0,0,0,0,0,0,0.001925,0,-0.002582,-0.008153,6.116116
0,0,0,0,0,0,0,0.001899,0,-0.002554,-0.008039,6.126126
0,0,0,0,0,0,0,0.001874,0,-0.002526,-0.007926,6.136136
0,0,0,0,0,0,0,0.001848,0,-0.002498,-0.007814,6.146146
0,0,0,0,0,0,0,0.001824,0,-0.002471,-0.007703,6.156156
0,0,0,0,0,0,0,0.001799,0,-0.002444,-0.007594,6.166166
0,0,0,0,0,0,0,0.001775,0,-0.002417,-0.007486,6.176176
0,0,0,0,0,0,0,0.001751,0,-0.00239,-0.007379,6.186186
0,0,0,0,0,0,0,0.001727,0,-0.002364,-0.007274,6.196196
0,0,0,0,0,0,0,0.001703,0,-0.002337,-0.007169,6.206206
0,0,0,0,0,0,0,0.00168,0,-0.002311,-0.007066,6.216216
0,0,0,0,0,0,0,0.001657,0,-0.002286,-0.006964,6.226226
0,0,0,0,0,0,0,0.001634,0,-0.00226,-0.006863,6.236236
0,0,0,0,0,0,0,0.001612,0,-0.002235,-0.006763,6.246246
0,0,0,0,0,0,0,0.00159,0,-0.00221,-0.006665,6.256256
0,0,0,0,0,0,0,0.001568,0,-0.002185,-0.006567,6.266266
0,0,0,0,0,0,0,0.001546,0,-0.002161,-0.006471,6.276276
0,0,0,0,0,0,0,0.001524,0,-0.002136,-0.006376,6.286286
0,0,0,0,0,0,0,0.001503,0,-0.002112,-0.006282,6.296296
0,0,0,0,0,0,0,0.001482,0,-0.002089,-0.006189,6.306306
0,0,0,0,0,0,0,0.001461,0,-0.002065,-0.006097,6.316316
0,0,0,0,0,0,0,0.001441,0,-0.002042,-0.006006,6.326326
0,0,0,0,0,0,0,0.00142,0,-0.002018,-0.005916,6.336336
0,0,0,0,0,0,0,0.0014,0,-0.001995,-0.005827,6.346346
0,0,0,0,0,0,0,0.00138,0,-0.001973,-0.005739,6.356356
0,0,0,0,0,0,0,0.001361,0,-0.00195,-0.005653,6.366366
0,0,0,0,0,0,0,0.001341,0,-0.001928,-0.005567,6.376376
0,0,0,0,0,0,0,0.001322,0,-0.001906,-0.005482,6.386386
0,0,0,0,0,0,0,0.001303,0,-0.001884,-0.005398,6.396396
0,0,0,0,0,0,0,0.001284,0,-0.001862,-0.005316,6.406406
0,0,0,0,0,0,0,0.001266,0,-0.001841,-0.005234,6.416416
0,0,0,0,0,0,0,0.001248,0,-0.001819,-0.005153,6.426426
0,0,0,0,0,0,0,0.001229,0,-0.001798,-0.005073,6.436436
0,0,0,0,0,0,0,0.001212,0,-0.001778,-0.004994,6.446446
0,0,0,0,0,0,0,0.001194,0,-0.001757,-0.004916,6.456456
0,0,0,0,0,0,0,0.001176,0,-0.001736,-0.004839,6.466466
0,0,0,0,0,0,0,0.001159,0,-0.001716,-0.004763,6.476476
0,0,0,0,0,0,0,0.001142,0,-0.001696,-0.004688,6.486486
0,0,0,0,0,0,0,0.001125,0,-0.001676,-0.004614,6.496496
0,0,0,0,0,0,0,0.001108,0,-0.001656,-0.00454,6.506507
0,0,0,0,0,0,0,0.001092,0,-0.001637,-0.004468,6.516517
0,0,0,0,0,0,0,0.001076,0,-0.001618,-0.004396,6.526527
0,0,0,0,0,0,0,0.00106,0,-0.001598,-0.004325,6.536537
0,0,0,0,0,0,0,0.001044,0,-0.001579,-0.004255,6.546547
0,0,0,0,0,0,0,0.001028,0,-0.001561,-0.004186,6.556557
0,0,0,0,0,0,0,0.001012,0,-0.001542,-0.004118,6.566567
0,0,0,0,0,0,0,0.000997,0,-0.001524,-0.004051,6.576577
0,0,0,0,0,0,0,0.000982,0,-0.001505,-0.003984,6.586587
0,0,0,0,0,0,0,0.000967,0,-0.001487,-0.003918,6.596597
0,0,0,0,0,0,0,0.000952,0,-0.001469,-0.003853,6.606607
0,0,0,0,0,0,0,0.000938,0,-0.001452,-0.003789,6.616617
0,0,0,0,0,0,0,0.000923,0,-0.001434,-0.003726,6.626627
0,0,0,0,0,0,0,0.000909,0,-0.001417,-0.003663,6.636637
0,0,0,0,0,0,0,0.000895,0,-0.001399,-0.003602,6.646647
0,0,0,0,0,0,0,0.000881,0,-0.001382,-0.003541,6.656657
0,0,0,0,0,0,0,0.000867,0,-0.001365,-0.00348,6.666667
0,0,0,0,0,0,0,0.000854,0,-0.001349,-0.003421,6.676677
0,0,0,0,0,0,0,0.00084,0,-0.001332,-0.003362,6.686687
0,0,0,0,0,0,0,0.000827,0,-0.001316,-0.003304,6.696697
0,0,0,0,0,0,0,0.000814,0,-0.001299,-0.003247,6.706707
0,0,0,0,0,0,0,0.000801,0,-0.001283,-0.003191,6.716717
0,0,0,0,0,0,0,0.000788,0,-0.001267,-0.003135,6.726727
0,0,0,0,0,0,0,0.000775,0,-0.001251,-0.00308,6.736737
0,0,0,0,0,0,0,0.000763,0,-0.001236,-0.003025,6.746747
0,0,0,0,0,0,0,0.000751,0,-0.00122,-0.002972,6.756757
0,0,0,0,0,0,0,0.000739,0,-0.001205,-0.002919,6.766767
0,0,0,0,0,0,0,0.000727,0,-0.00119,-0.002867,6.776777
0,0,0,0,0,0,0,0.000715,0,-0.001174,-0.002815,6.786787
0,0,0,0,0,0,0,0.000703,0,-0.00116,-0.002764,6.796797
0,0,0,0,0,0,0,0.000692,0,-0.001145,-0.002714,6.806807
0,0,0,0,0,0,0,0.00068,0,-0.00113,-0.002664,6.816817
0,0,0,0,0,0,0,0.000669,0,-0.001116,-0.002616,6.826827
0,0,0,0,0,0,0,0.000658,0,-0.001101,-0.002567,6.836837
0,0,0,0,0,0,0,0.000647,0,-0.001087,-0.00252,6.846847
0,0,0,0,0,0,0,0.000636,0,-0.001073,-0.002473,6.856857
0,0,0,0,0,0,0,0.000625,0,-0.001059,-0.002427,6.866867
0,0,0,0,0,0,0,0.000615,0,-0.001045,-0.002381,6.876877
0,0,0,0,0,0,0,0.000604,0,-0.001031,-0.002336,6.886887
0,0,0,0,0,0,0,0.000594,0,-0.001018,-0.002291,6.896897
0,0,0,0,0,0,0,0.000584,0,-0.001004,-0.002248,6.906907
0,0,0,0,0,0,0,0.000574,0,-0.000991,-0.002204,6.916917
0,0,0,0,0,0,0,0.000564,0,-0.000978,-0.002162,6.926927
0,0,0,0,0,0,0,0.000555,0,-0.000965,-0.00212,6.936937
0,0,0,0,0,0,0,0.000545,0,-0.000952,-0.002078,6.946947
0,0,0,0,0,0,0,0.000535,0,-0.000939,-0.002038,6.956957
0,0,0,0,0,0,0,0.000526,0,-0.000926,-0.001997,6.966967
0,0,0,0,0,0,0,0.000517,0,-0.000914,-0.001958,6.976977
0,0,0,0,0,0,0,0.000508,0,-0.000902,-0.001919,6.986987
0,0,0,0,0,0,0,0.000499,0,-0.000889,-0.00188,6.996997
0,0,0,0,0,0,0,0.00049,0,-0.000877,-0.001842,7.007007
0,0,0,0,0,0,0,0.000481,0,-0.000865,-0.001805,7.017017
0,0,0,0,0,0,0,0.000473,0,-0.000853,-0.001768,7.027027
0,0,0,0,0,0,0,0.000464,0,-0.000841,-0.001731,7.037037
0,0,0,0,0,0,0,0.000456,0,-0.000829,-0.001696,7.047047
0,0,0,0,0,0,0,0.000448,0,-0.000818,-0.00166,7.057057
0,0,0,0,0,0,0,0.00044,0,-0.000806,-0.001626,7.067067
0,0,0,0,0,0,0,0.000432,0,-0.000795,-0.001591,7.077077
0,0,0,0,0,0,0,0.000424,0,-0.000784,-0.001558,7.087087
0,0,0,0,0,0,0,0.000416,0,-0.000773,-0.001524,7.097097
0,0,0,0,0,0,0,0.000408,0,-0.000762,-0.001492,7.107107
0,0,0,0,0,0,0,0.000401,0,-0.000751,-0.00146,7.117117
0,0,0,0,0,0,0,0.000393,0,-0.00074,-0.001428,7.127127
0,0,0,0,0,0,0,0.000386,0,-0.000729,-0.001397,7.137137
0,0,0,0,0,0,0,0.000379,0,-0.000719,-0.001366,7.147147
0,0,0,0,0,0,0,0.000371,0,-0.000708,-0.001336,7.157157
0,0,0,0,0,0,0,0.000364,0,-0.000698,-0.001306,7.167167
0,0,0,0,0,0,0,0.000357,0,-0.000687,-0.001277,7.177177
0,0,0,0,0,0,0,0.000351,0,-0.000677,-0.001248,7.187187
0,0,0,0,0,0,0,0.000344,0,-0.000667,-0.00122,7.197197
0,0,0,0,0,0,0,0.000337,0,-0.000657,-0.001192,7.207207
0,0,0,0,0,0,0,0.000331,0,-0.000647,-0.001164,7.217217
0,0,0,0,0,0,0,0.000324,0,-0.000638,-0.001138,7.227227
0,0,0,0,0,0,0,0.000318,0,-0.000628,-0.001111,7.237237
0,0,0,0,0,0,0,0.000312,0,-0.000618,-0.001085,7.247247
0,0,0,0,0,0,0,0.000306,0,-0.000609,-0.001059,7.257257
0,0,0,0,0,0,0,0.000299,0,-0.0006,-0.001034,7.267267
0,0,0,0,0,0,0,0.000294,0,-0.00059,-0.001009,7.277277
0,0,0,0,0,0,0,0.000288,0,-0.000581,-0.000985,7.287287
0,0,0,0,0,0,0,0.000282,0,-0.000572,-0.000961,7.297297
0,0,0,0,0,0,0,0.000276,0,-0.000563,-0.000938,7.307307
0,0,0,0,0,0,0,0.000271,0,-0.000554,-0.000914,7.317317
0,0,0,0,0,0,0,0.000265,0,-0.000545,-0.000892,7.327327
0,0,0,0,0,0,0,0.00026,0,-0.000537,-0.000869,7.337337
0,0,0,0,0,0,0,0.000254,0,-0.000528,-0.000848,7.347347
0,0,0,0,0,0,0,0.000249,0,-0.00052,-0.000826,7.357357
0,0,0,0,0,0,0,0.000244,0,-0.000511,-0.000805,7.367367
0,0,0,0,0,0,0,0.000239,0,-0.000503,-0.000784,7.377377
0,0,0,0,0,0,0,0.000234,0,-0.000495,-0.000764,7.387387
0,0,0,0,0,0,0,0.000229,0,-0.000487,-0.000744,7.397397
0,0,0,0,0,0,0,0.000224,0,-0.000479,-0.000724,7.407407
0,0,0,0,0,0,0,0.000219,0,-0.000471,-0.000705,7.417417
0,0,0,0,0,0,0,0.000215,0,-0.000463,-0.000686,7.427427
0,0,0,0,0,0,0,0.00021,0,-0.000455,-0.000668,7.437437
0,0,0,0,0,0,0,0.000206,0,-0.000447,-0.00065,7.447447
0,0,0,0,0,0,0,0.000201,0,-0.00044,-0.000632,7.457457
0,0,0,0,0,0,0,0.000197,0,-0.000432,-0.000614,7.467467
0,0,0,0,0,0,0,0.000193,0,-0.000425,-0.000597,7.477477
0,0,0,0,0,0,0,0.000188,0,-0.000418,-0.00058,7.487487
0,0,0,0,0,0,0,0.000184,0,-0.00041,-0.000564,7.497497
0,0,0,0,0,0,0,0.00018,0,-0.000403,-0.000548,7.507508
0,0,0,0,0,0,0,0.000176,0,-0.000396,-0.000532,7.517518
0,0,0,0,0,0,0,0.000172,0,-0.000389,-0.000517,7.527528
0,0,0,0,0,0,0,0.000168,0,-0.000382,-0.000502,7.537538
0,0,0,0,0,0,0,0.000165,0,-0.000375,-0.000487,7.547548
0,0,0,0,0,0,0,0.000161,0,-0.000369,-0.000472,7.557558
0,0,0,0,0,0,0,0.000157,0,-0.000362,-0.000458,7.567568
0,0,0,0,0,0,0,0.000154,0,-0.000355,-0.000444,7.577578
0,0,0,0,0,0,0,0.00015,0,-0.000349,-0.00043,7.587588
0,0,0,0,0,0,0,0.000147,0,-0.000342,-0.000417,7.597598
0,0,0,0,0,0,0,0.000143,0,-0.000336,-0.000404,7.607608
0,0,0,0,0,0,0,0.00014,0,-0.00033,-0.000391,7.617618
0,0,0,0,0,0,0,0.000137,0,-0.000324,-0.000379,7.627628
0,0,0,0,0,0,0,0.000133,0,-0.000318,-0.000367,7.637638
0,0,0,0,0,0,0,0.00013,0,-0.000311,-0.000355,7.647648
0,0,0,0,0,0,0,0.000127,0,-0.000306,-0.000343,7.657658
0,0,0,0,0,0,0,0.000124,0,-0.0003,-0.000332,7.667668
0,0,0,0,0,0,0,0.000121,0,-0.000294,-0.000321,7.677678
0,0,0,0,0,0,0,0.000118,0,-0.000288,-0.00031,7.687688
0,0,0,0,0,0,0,0.000115,0,-0.000282,-0.000299,7.697698
0,0,0,0,0,0,0,0.000113,0,-0.000277,-0.000289,7.707708
0,0,0,0,0,0,0,0.00011,0,-0.000271,-0.000279,7.717718
0,0,0,0,0,0,0,0.000107,0,-0.000266,-0.000269,7.727728
0,0,0,0,0,0,0,0.000104,0,-0.000261,-0.000259,7.737738
0,0,0,0,0,0,0,0.000102,0,-0.000255,-0.00025,7.747748
0,0,0,0,0,0,0,9.9E-05,0,-0.00025,-0.000241,7.757758
0,0,0,0,0,0,0,9.7E-05,0,-0.000245,-0.000232,7.767768
0,0,0,0,0,0,0,9.4E-05,0,-0.00024,-0.000223,7.777778
0,0,0,0,0,0,0,9.2E-05,0,-0.000235,-0.000214,7.787788
0,0,0,0,0,0,0,9E-05,0,-0.00023,-0.000206,7.797798
0,0,0,0,0,0,0,8.7E-05,0,-0.000225,-0.000198,7.807808
0,0,0,0,0,0,0,8.5E-05,0,-0.00022,-0.00019,7.817818
0,0,0,0,0,0,0,8.3E-05,0,-0.000215,-0.000183,7.827828
0,0,0,0,0,0,0,8.1E-05,0,-0.000211,-0.000175,7.837838
0,0,0,0,0,0,0,7.9E-05,0,-0.000206,-0.000168,7.847848
0,0,0,0,0,0,0,7.7E-05,0,-0.000201,-0.000161,7.857858
0,0,0,0,0,0,0,7.5E-05,0,-0.000197,-0.000154,7.867868
0,0,0,0,0,0,0,7.3E-05,0,-0.000193,-0.000148,7.877878
0,0,0,0,0,0,0,7.1E-05,0,-0.000188,-0.000141,7.887888
0,0,0,0,0,0,0,6.9E-05,0,-0.000184,-0.000135,7.897898
0,0,0,0,0,0,0,6.7E-05,0,-0.00018,-0.000129,7.907908
0,0,0,0,0,0,0,6.6E-05,0,-0.000175,-0.000123,7.917918
0,0,0,0,0,0,0,6.4E-05,0,-0.000171,-0.000117,7.927928
0,0,0,0,0,0,0,6.2E-05,0,-0.000167,-0.000112,7.937938
0,0,0,0,0,0,0,6E-05,0,-0.000163,-0.000106,7.947948
0,0,0,0,0,0,0,5.9E-05,0,-0.000159,-0.000101,7.957958
0,0,0,0,0,0,0,5.7E-05,0,-0.000155,-9.6E-05,7.967968
0,0,0,0,0,0,0,5.6E-05,0,-0.000152,-9.1E-05,7.977978
0,0,0,0,0,0,0,5.4E-05,0,-0.000148,-8.6E-05,7.987988
0,0,0,0,0,0,0,5.3E-05,0,-0.000144,-8.2E-05,7.997998
0,0,0,0,0,0,0,5.1E-05,0,-0.00014,-7.7E-05,8.008008
0,0,0,0,0,0,0,5E-05,0,-0.000137,-7.3E-05,8.018018
0,0,0,0,0,0,0,4.9E-05,0,-0.000133,-6.9E-05,8.028028
0,0,0,0,0,0,0,4.7E-05,0,-0.00013,-6.5E-05,8.038038
0,0,0,0,0,0,0,4.6E-05,0,-0.000126,-6.1E-05,8.048048
0,0,0,0,0,0,0,4.5E-05,0,-0.000123,-5.7E-05,8.058058
0,0,0,0,0,0,0,4.4E-05,0,-0.00012,-5.4E-05,8.068068
0,0,0,0,0,0,0,4.2E-05,0,-0.000116,-5E-05,8.078078
0,0,0,0,0,0,0,4.1E-05,0,-0.000113,-4.7E-05,8.088088
0,0,0,0,0,0,0,4E-05,0,-0.00011,-4.4E-05,8.098098
0,0,0,0,0,0,0,3.9E-05,0,-0.000107,-4.1E-05,8.108108
0,0,0,0,0,0,0,3.8E-05,0,-0.000104,-3.8E-05,8.118118
0,0,0,0,0,0,0,3.7E-05,0,-0.000101,-3.5E-05,8.128128
0,0,0,0,0,0,0,3.6E-05,0,-9.8E-05,-3.3E-05,8.138138
0,0,0,0,0,0,0,3.5E-05,0,-9.5E-05,-3E-05,8.148148
0,0,0,0,0,0,0,3.4E-05,0,-9.2E-05,-2.8E-05,8.158158
0,0,0,0,0,0,0,3.3E-05,0,-8.9E-05,-2.6E-05,8.168168
0,0,0,0,0,0,0,3.2E-05,0,-8.6E-05,-2.3E-05,8.178178
0,0,0,0,0,0,0,3.1E-05,0,-8.3E-05,-2.1E-05,8.188188
0,0,0,0,0,0,0,3.1E-05,0,-8.1E-05,-2E-05,8.198198
0,0,0,0,0,0,0,3E-05,0,-7.8E-05,-1.8E-05,8.208208
0,0,0,0,0,0,0,2.9E-05,0,-7.5E-05,-1.6E-05,8.218218
0,0,0,0,0,0,0,2.8E-05,0,-7.3E-05,-1.4E-05,8.228228
0,0,0,0,0,0,0,2.8E-05,0,-7E-05,-1.3E-05,8.238238
0,0,0,0,0,0,0,2.7E-05,0,-6.8E-05,-1.2E-05,8.248248
0,0,0,0,0,0,0,2.6E-05,0,-6.5E-05,-1E-05,8.258258
0,0,0,0,0,0,0,2.6E-05,0,-6.3E-05,-9E-06,8.268268
0,0,0,0,0,0,0,2.5E-05,0,-6.1E-05,-8E-06,8.278278
0,0,0,0,0,0,0,2.4E-05,0,-5.8E-05,-7E-06,8.288288
0,0,0,0,0,0,0,2.4E-05,0,-5.6E-05,-6E-06,8.298298
0,0,0,0,0,0,0,2.3E-05,0,-5.4E-05,-6E-06,8.308308
0,0,0,0,0,0,0,2.3E-05,0,-5.1E-05,-5E-06,8.318318
0,0,0,0,0,0,0,2.2E-05,0,-4.9E-05,-4E-06,8.328328
0,0,0,0,0,0,0,2.2E-05,0,-4.7E-05,-4E-06,8.338338
0,0,0,0,0,0,0,2.1E-05,0,-4.5E-05,-4E-06,8.348348
0,0,0,0,0,0,0,2.1E-05,0,-4.3E-05,-3E-06,8.358358
0,0,0,0,0,0,0,2E-05,0,-4.1E-05,-3E-06,8.368368
0,0,0,0,0,0,0,2E-05,0,-3.9E-05,-3E-06,8.378378
0,0,0,0,0,0,0,2E-05,0,-3.7E-05,-3E-06,8.388388
0,0,0,0,0,0,0,1.9E-05,0,-3.5E-05,-3E-06,8.398398
0,0,0,0,0,0,0,1.9E-05,0,-3.3E-05,-3E-06,8.408408
0,0,0,0,0,0,0,1.9E-05,0,-3.2E-05,-3E-06,8.418418
0,0,0,0,0,0,0,1.8E-05,0,-3E-05,-4E-06,8.428428
0,0,0,0,0,0,0,1.8E-05,0,-2.8E-05,-4E-06,8.438438
0,0,0,0,0,0,0,1.8E-05,0,-2.6E-05,-5E-06,8.448448
0,0,0,0,0,0,0,1.7E-05,0,-2.5E-05,-5E-06,8.458458
0,0,0,0,0,0,0,1.7E-05,0,-2.3E-05,-6E-06,8.468468
0,0,0,0,0,0,0,1.7E-05,0,-2.2E-05,-7E-06,8.478478
0,0,0,0,0,0,0,1.7E-05,0,-2E-05,-7E-06,8.488488
0,0,0,0,0,0,0,1.7E-05,0,-1.9E-05,-8E-06,8.498498
0,0,0,0,0,0,0,1.6E-05,0,-1.7E-05,-9E-06,8.508509
0,0,0,0,0,0,0,1.6E-05,0,-1.6E-05,-1E-05,8.518519
0,0,0,0,0,0,0,1.6E-05,0,-1.4E-05,-1.1E-05,8.528529
0,0,0,0,0,0,0,1.6E-05,0,-1.3E-05,-1.3E-05,8.538539
0,0,0,0,0,0,0,1.6E-05,0,-1.2E-05,-1.4E-05,8.548549
0,0,0,0,0,0,0,1.6E-05,0,-1E-05,-1.5E-05,8.558559
0,0,0,0,0,0,0,1.6E-05,0,-9E-06,-1.6E-05,8.568569
0,0,0,0,0,0,0,1.6E-05,0,-8E-06,-1.8E-05,8.578579
0,0,0,0,0,0,0,1.5E-05,0,-7E-06,-1.9E-05,8.588589
0,0,0,0,0,0,0,1.5E-05,0,-6E-06,-2.1E-05,8.598599
0,0,0,0,0,0,0,1.5E-05,0,-5E-06,-2.3E-05,8.608609
0,0,0,0,0,0,0,1.5E-05,0,-3E-06,-2.4E-05,8.618619
0,0,0,0,0,0,0,1.5E-05,0,-2E-06,-2.6E-05,8.628629
0,0,0,0,0,0,0,1.5E-05,0,-2E-06,-2.8E-05,8.638639
0,0,0,0,0,0,0,1.5E-05,0,-1E-06,-3E-05,8.648649
0,0,0,0,0,0,0,1.5E-05,0,0,-3.1E-05,8.658659
0,0,0,0,0,0,0,1.5E-05,0,1E-06,-3.3E-05,8.668669
0,0,0,0,0,0,0,1.5E-05,0,2E-06,-3.5E-05,8.678679
0,0,0,0,0,0,0,1.5E-05,0,3E-06,-3.7E-05,8.688689
0,0,0,0,0,0,0,1.5E-05,0,3E-06,-3.9E-05,8.698699
0,0,0,0,0,0,0,1.5E-05,0,4E-06,-4.1E-05,8.708709
0,0,0,0,0,0,0,1.5E-05,0,5E-06,-4.4E-05,8.718719
0,0,0,0,0,0,0,1.5E-05,0,5E-06,-4.6E-05,8.728729
0,0,0,0,0,0,0,1.6E-05,0,6E-06,-4.8E-05,8.738739
0,0,0,0,0,0,0,1.6E-05,0,7E-06,-5E-05,8.748749
0,0,0,0,0,0,0,1.6E-05,0,7E-06,-5.2E-05,8.758759
0,0,0,0,0,0,0,1.6E-05,0,8E-06,-5.4E-05,8.768769
0,0,0,0,0,0,0,1.6E-05,0,8E-06,-5.7E-05,8.778779
0,0,0,0,0,0,0,1.6E-05,0,8E-06,-5.9E-05,8.788789
0,0,0,0,0,0,0,1.6E-05,0,9E-06,-6.1E-05,8.798799
0,0,0,0,0,0,0,1.6E-05,0,9E-06,-6.4E-05,8.808809
0,0,0,0,0,0,0,1.6E-05,0,9E-06,-6.6E-05,8.818819
0,0,0,0,0,0,0,1.6E-05,0,1E-05,-6.8E-05,8.828829
0,0,0,0,0,0,0,1.6E-05,0,1E-05,-7E-05,8.838839
0,0,0,0,0,0,0,1.6E-05,0,1E-05,-7.3E-05,8.848849
0,0,0,0,0,0,0,1.7E-05,0,1E-05,-7.5E-05,8.858859
0,0,0,0,0,0,0,1.7E-05,0,1E-05,-7.7E-05,8.868869
0,0,0,0,0,0,0,1.7E-05,0,1E-05,-7.9E-05,8.878879
0,0,0,0,0,0,0,1.7E-05,0,1E-05,-8.2E-05,8.888889
0,0,0,0,0,0,0,1.7E-05,0,1E-05,-8.4E-05,8.898899
0,0,0,0,0,0,0,1.7E-05,0,1E-05,-8.6E-05,8.908909
0,0,0,0,0,0,0,1.7E-05,0,1E-05,-8.8E-05,8.918919
0,0,0,0,0,0,0,1.7E-05,0,1E-05,-9E-05,8.928929
0,0,0,0,0,0,0,1.7E-05,0,1E-05,-9.2E-05,8.938939
0,0,0,0,0,0,0,1.7E-05,0,1E-05,-9.4E-05,8.948949
0,0,0,0,0,0,0,1.8E-05,0,1E-05,-9.6E-05,8.958959
0,0,0,0,0,0,0,1.8E-05,0,9E-06,-9.8E-05,8.968969
0,0,0,0,0,0,0,1.8E-05,0,9E-06,-0.0001,8.978979
0,0,0,0,0,0,0,1.8E-05,0,9E-06,-0.000102,8.988989
0,0,0,0,0,0,0,1.8E-05,0,8E-06,-0.000104,8.998999
0,0,0,0,0,0,0,1.8E-05,0,8E-06,-0.000105,9.009009
0,0,0,0,0,0,0,1.8E-05,0,8E-06,-0.000107,9.019019
0,0,0,0,0,0,0,1.8E-05,0,7E-06,-0.000109,9.029029
0,0,0,0,0,0,0,1.8E-05,0,7E-06,-0.00011,9.039039
0,0,0,0,0,0,0,1.8E-05,0,7E-06,-0.000111,9.049049
0,0,0,0,0,0,0,1.8E-05,0,6E-06,-0.000113,9.059059
0,0,0,0,0,0,0,1.8E-05,0,6E-06,-0.000114,9.069069
0,0,0,0,0,0,0,1.8E-05,0,5E-06,-0.000115,9.079079
0,0,0,0,0,0,0,1.9E-05,0,5E-06,-0.000116,9.089089
0,0,0,0,0,0,0,1.9E-05,0,4E-06,-0.000117,9.099099
0,0,0,0,0,0,0,1.9E-05,0,4E-06,-0.000118,9.109109
0,0,0,0,0,0,0,1.9E-05,0,3E-06,-0.000119,9.119119
0,0,0,0,0,0,0,1.9E-05,0,2E-06,-0.00012,9.129129
0,0,0,0,0,0,0,1.9E-05,0,2E-06,-0.00012,9.139139
0,0,0,0,0,0,0,1.9E-05,0,1E-06,-0.000121,9.149149
0,0,0,0,0,0,0,1.9E-05,0,1E-06,-0.000121,9.159159
0,0,0,0,0,0,0,1.9E-05,0,0,-0.000121,9.169169
0,0,0,0,0,0,0,1.9E-05,0,0,-0.000122,9.179179
0,0,0,0,0,0,0,1.9E-05,0,-1E-06,-0.000122,9.189189
0,0,0,0,0,0,0,1.9E-05,0,-2E-06,-0.000122,9.199199
0,0,0,0,0,0,0,1.9E-05,0,-2E-06,-0.000122,9.209209
0,0,0,0,0,0,0,1.9E-05,0,-3E-06,-0.000122,9.219219
0,0,0,0,0,0,0,1.9E-05,0,-3E-06,-0.000121,9.229229
0,0,0,0,0,0,0,1.9E-05,0,-4E-06,-0.000121,9.239239
0,0,0,0,0,0,0,1.9E-05,0,-5E-06,-0.000121,9.249249
0,0,0,0,0,0,0,1.8E-05,0,-5E-06,-0.00012,9.259259
0,0,0,0,0,0,0,1.8E-05,0,-6E-06,-0.00012,9.269269
0,0,0,0,0,0,0,1.8E-05,0,-6E-06,-0.000119,9.279279
0,0,0,0,0,0,0,1.8E-05,0,-7E-06,-0.000118,9.289289
0,0,0,0,0,0,0,1.8E-05,0,-8E-06,-0.000118,9.299299
0,0,0,0,0,0,0,1.8E-05,0,-8E-06,-0.000117,9.309309
0,0,0,0,0,0,0,1.8E-05,0,-9E-06,-0.000116,9.319319
0,0,0,0,0,0,0,1.8E-05,0,-9E-06,-0.000115,9.329329
0,0,0,0,0,0,0,1.8E-05,0,-1E-05,-0.000114,9.339339
0,0,0,0,0,0,0,1.8E-05,0,-1E-05,-0.000113,9.349349
0,0,0,0,0,0,0,1.8E-05,0,-1.1E-05,-0.000112,9.359359
0,0,0,0,0,0,0,1.8E-05,0,-1.1E-05,-0.000111,9.369369
0,0,0,0,0,0,0,1.7E-05,0,-1.2E-05,-0.00011,9.379379
0,0,0,0,0,0,0,1.7E-05,0,-1.2E-05,-0.000109,9.389389
0,0,0,0,0,0,0,1.7E-05,0,-1.3E-05,-0.000108,9.399399
0,0,0,0,0,0,0,1.7E-05,0,-1.3E-05,-0.000107,9.409409
0,0,0,0,0,0,0,1.7E-05,0,-1.4E-05,-0.000106,9.419419
0,0,0,0,0,0,0,1.7E-05,0,-1.4E-05,-0.000105,9.429429
0,0,0,0,0,0,0,1.7E-05,0,-1.4E-05,-0.000104,9.439439
0,0,0,0,0,0,0,1.7E-05,0,-1.5E-05,-0.000103,9.449449
0,0,0,0,0,0,0,1.6E-05,0,-1.5E-05,-0.000103,9.459459
0,0,0,0,0,0,0,1.6E-05,0,-1.6E-05,-0.000102,9.469469
0,0,0,0,0,0,0,1.6E-05,0,-1.6E-05,-0.000101,9.479479
0,0,0,0,0,0,0,1.6E-05,0,-1.7E-05,-0.000101,9.489489
0,0,0,0,0,0,0,1.6E-05,0,-1.7E-05,-0.0001,9.499499
0,0,0,0,0,0,0,1.6E-05,0,-1.8E-05,-0.0001,9.50951
0,0,0,0,0,0,0,1.5E-05,0,-1.8E-05,-9.9E-05,9.51952
0,0,0,0,0,0,0,1.5E-05,0,-1.8E-05,-9.9E-05,9.52953
0,0,0,0,0,0,0,1.5E-05,0,-1.9E-05,-9.9E-05,9.53954
0,0,0,0,0,0,0,1.5E-05,0,-1.9E-05,-9.9E-05,9.54955
0,0,0,0,0,0,0,1.5E-05,0,-2E-05,-9.9E-05,9.55956
0,0,0,0,0,0,0,1.4E-05,0,-2E-05,-9.9E-05,9.56957
0,0,0,0,0,0,0,1.4E-05,0,-2.1E-05,-0.0001,9.57958
0,0,0,0,0,0,0,1.4E-05,0,-2.2E-05,-0.0001,9.58959
0,0,0,0,0,0,0,1.4E-05,0,-2.2E-05,-0.000101,9.5996
0,0,0,0,0,0,0,1.4E-05,0,-2.3E-05,-0.000101,9.60961
0,0,0,0,0,0,0,1.3E-05,0,-2.4E-05,-0.000102,9.61962
0,0,0,0,0,0,0,1.3E-05,0,-2.4E-05,-0.000103,9.62963
0,0,0,0,0,0,0,1.3E-05,0,-2.5E-05,-0.000104,9.63964
0,0,0,0,0,0,0,1.3E-05,0,-2.6E-05,-0.000105,9.64965
0,0,0,0,0,0,0,1.2E-05,0,-2.7E-05,-0.000105,9.65966
0,0,0,0,0,0,0,1.2E-05,0,-2.8E-05,-0.000106,9.66967
0,0,0,0,0,0,0,1.2E-05,0,-2.9E-05,-0.000107,9.67968
0,0,0,0,0,0,0,1.1E-05,0,-3E-05,-0.000108,9.68969
0,0,0,0,0,0,0,1.1E-05,0,-3.1E-05,-0.000108,9.6997
0,0,0,0,0,0,0,1.1E-05,0,-3.2E-05,-0.000109,9.70971
0,0,0,0,0,0,0,1.1E-05,0,-3.3E-05,-0.000109,9.71972
0,0,0,0,0,0,0,1E-05,0,-3.4E-05,-0.000109,9.72973
0,0,0,0,0,0,0,1E-05,0,-3.5E-05,-0.000108,9.73974
0,0,0,0,0,0,0,9E-06,0,-3.6E-05,-0.000107,9.74975
0,0,0,0,0,0,0,9E-06,0,-3.7E-05,-0.000106,9.75976
0,0,0,0,0,0,0,9E-06,0,-3.9E-05,-0.000104,9.76977
0,0,0,0,0,0,0,8E-06,0,-4E-05,-0.000101,9.77978
0,0,0,0,0,0,0,8E-06,0,-4.1E-05,-9.8E-05,9.78979
0,0,0,0,0,0,0,8E-06,0,-4.2E-05,-9.3E-05,9.7998
0,0,0,0,0,0,0,7E-06,0,-4.3E-05,-8.8E-05,9.80981
0,0,0,0,0,0,0,7E-06,0,-4.4E-05,-8.1E-05,9.81982
0,0,0,0,0,0,0,6E-06,0,-4.5E-05,-7.3E-05,9.82983
0,0,0,0,0,0,0,6E-06,0,-4.6E-05,-6.3E-05,9.83984
0,0,0,0,0,0,0,5E-06,0,-4.6E-05,-5.2E-05,9.84985
0,0,0,0,0,0,0,5E-06,0,-4.7E-05,-3.9E-05,9.85986
0,0,0,0,0,0,0,4E-06,0,-4.7E-05,-2.4E-05,9.86987
0,0,0,0,0,0,0,4E-06,0,-4.7E-05,-7E-06,9.87988
0,0,0,0,0,0,0,3E-06,0,-4.6E-05,1.3E-05,9.88989
0,0,0,0,0,0,0,3E-06,0,-4.5E-05,3.6E-05,9.8999
0,0,0,0,0,0,0,3E-06,0,-4.4E-05,6.1E-05,9.90991
0,0,0,0,0,0,0,2E-06,0,-4.2E-05,9E-05,9.91992
0,0,0,0,0,0,0,2E-06,0,-4E-05,0.000123,9.92993
0,0,0,0,0,0,0,1E-06,0,-3.7E-05,0.000159,9.93994
0,0,0,0,0,0,0,1E-06,0,-3.3E-05,0.0002,9.94995
0,0,0,0,0,0,0,1E-06,0,-2.9E-05,0.000245,9.95996
0,0,0,0,0,0,0,0,0,-2.3E-05,0.000296,9.96997
0,0,0,0,0,0,0,0,0,-1.7E-05,0.000352,9.97998
0,0,0,0,0,0,0,0,0,-9E-06,0.000413,9.98999
0,0,0,0,0,0,0,0,0,0,0.000481,10
m_value,M_value,L_value,g_value,d_value,b_value,theta_cmd,theta_0,thetadot_cmd,theta_dot_0,F_value,t0
0,0,0,0,0,0,0,0.8,0,0,-5.718839,0
0,0,0,0,0,0,0,0.799824,0,-0.034914,-5.618732,0.01001
0,0,0,0,0,0,0,0.799308,0,-0.067854,-5.521724,0.02002
0,0,0,0,0,0,0,0.798471,0,-0.098918,-5.427689,0.03003
0,0,0,0,0,0,0,0.797333,0,-0.128194,-5.336508,0.04004
0,0,0,0,0,0,0,0.795911,0,-0.15577,-5.248067,0.05005
0,0,0,0,0,0,0,0.79422,0,-0.181728,-5.162255,0.06006
0,0,0,0,0,0,0,0.792278,0,-0.206146,-5.078967,0.07007
0,0,0,0,0,0,0,0.790098,0,-0.229101,-4.998103,0.08008
0,0,0,0,0,0,0,0.787696,0,-0.250663,-4.919566,0.09009
0,0,0,0,0,0,0,0.785084,0,-0.2709,-4.843264,0.1001
0,0,0,0,0,0,0,0.782276,0,-0.289878,-4.769109,0.11011
0,0,0,0,0,0,0,0.779285,0,-0.307659,-4.697016,0.12012
0,0,0,0,0,0,0,0.776121,0,-0.324302,-4.626904,0.13013
0,0,0,0,0,0,0,0.772796,0,-0.339862,-4.558696,0.14014
0,0,0,0,0,0,0,0.76932,0,-0.354395,-4.492317,0.15015
0,0,0,0,0,0,0,0.765704,0,-0.36795,-4.427697,0.16016
0,0,0,0,0,0,0,0.761957,0,-0.380578,-4.364767,0.17017
0,0,0,0,0,0,0,0.758088,0,-0.392323,-4.303463,0.18018
0,0,0,0,0,0,0,0.754105,0,-0.403232,-4.243721,0.19019
0,0,0,0,0,0,0,0.750018,0,-0.413345,-4.185483,0.2002
0,0,0,0,0,0,0,0.745833,0,-0.422704,-4.12869,0.21021
0,0,0,0,0,0,0,0.741558,0,-0.431345,-4.073289,0.22022
0,0,0,0,0,0,0,0.737199,0,-0.439307,-4.019227,0.23023
0,0,0,0,0,0,0,0.732765,0,-0.446624,-3.966454,0.24024
0,0,0,0,0,0,0,0.72826,0,-0.453328,-3.914921,0.25025
0,0,0,0,0,0,0,0.723691,0,-0.459453,-3.864584,0.26026
0,0,0,0,0,0,0,0.719064,0,-0.465026,-3.815396,0.27027
0,0,0,0,0,0,0,0.714383,0,-0.470078,-3.767318,0.28028
0,0,0,0,0,0,0,0.709654,0,-0.474635,-3.720308,0.29029
0,0,0,0,0,0,0,0.704882,0,-0.478724,-3.674327,0.3003
0,0,0,0,0,0,0,0.700072,0,-0.482369,-3.629338,0.31031
0,0,0,0,0,0,0,0.695227,0,-0.485593,-3.585307,0.32032
0,0,0,0,0,0,0,0.690352,0,-0.48842,-3.542199,0.33033
0,0,0,0,0,0,0,0.68545,0,-0.490869,-3.499981,0.34034
0,0,0,0,0,0,0,0.680525,0,-0.492963,-3.458622,0.35035
0,0,0,0,0,0,0,0.675582,0,-0.494719,-3.418093,0.36036
0,0,0,0,0,0,0,0.670622,0,-0.496157,-3.378365,0.37037
0,0,0,0,0,0,0,0.66565,0,-0.497294,-3.339411,0.38038
0,0,0,0,0,0,0,0.660667,0,-0.498146,-3.301203,0.39039
0,0,0,0,0,0,0,0.655678,0,-0.498729,-3.263719,0.4004
0,0,0,0,0,0,0,0.650684,0,-0.499059,-3.226932,0.41041
0,0,0,0,0,0,0,0.645687,0,-0.499149,-3.19082,0.42042
0,0,0,0,0,0,0,0.640691,0,-0.499014,-3.155361,0.43043
0,0,0,0,0,0,0,0.635698,0,-0.498666,-3.120534,0.44044
0,0,0,0,0,0,0,0.630709,0,-0.498117,-3.086319,0.45045
0,0,0,0,0,0,0,0.625726,0,-0.49738,-3.052695,0.46046
0,0,0,0,0,0,0,0.620752,0,-0.496465,-3.019645,0.47047
0,0,0,0,0,0,0,0.615787,0,-0.495383,-2.98715,0.48048
0,0,0,0,0,0,0,0.610835,0,-0.494144,-2.955194,0.49049
0,0,0,0,0,0,0,0.605895,0,-0.492757,-2.92376,0.500501
0,0,0,0,0,0,0,0.60097,0,-0.491232,-2.892832,0.510511
0,0,0,0,0,0,0,0.596061,0,-0.489577,-2.862395,0.520521
0,0,0,0,0,0,0,0.591169,0,-0.4878,-2.832435,0.530531
0,0,0,0,0,0,0,0.586296,0,-0.48591,-2.802937,0.540541
0,0,0,0,0,0,0,0.581442,0,-0.483913,-2.773889,0.550551
0,0,0,0,0,0,0,0.576608,0,-0.481817,-2.745278,0.560561
0,0,0,0,0,0,0,0.571796,0,-0.479628,-2.717091,0.570571
0,0,0,0,0,0,0,0.567006,0,-0.477353,-2.689316,0.580581
0,0,0,0,0,0,0,0.56224,0,-0.474997,-2.661943,0.590591
0,0,0,0,0,0,0,0.557497,0,-0.472566,-2.63496,0.600601
0,0,0,0,0,0,0,0.552779,0,-0.470066,-2.608357,0.610611
0,0,0,0,0,0,0,0.548087,0,-0.467502,-2.582124,0.620621
0,0,0,0,0,0,0,0.54342,0,-0.464878,-2.556252,0.630631
0,0,0,0,0,0,0,0.53878,0,-0.462199,-2.530731,0.640641
0,0,0,0,0,0,0,0.534167,0,-0.45947,-2.505552,0.650651
0,0,0,0,0,0,0,0.529581,0,-0.456695,-2.480707,0.660661
0,0,0,0,0,0,0,0.525024,0,-0.453877,-2.456187,0.670671
0,0,0,0,0,0,0,0.520495,0,-0.45102,-2.431985,0.680681
0,0,0,0,0,0,0,0.515995,0,-0.448128,-2.408093,0.690691
0,0,0,0,0,0,0,0.511524,0,-0.445205,-2.384505,0.700701
0,0,0,0,0,0,0,0.507082,0,-0.442252,-2.361212,0.710711
0,0,0,0,0,0,0,0.50267,0,-0.439274,-2.338208,0.720721
0,0,0,0,0,0,0,0.498288,0,-0.436273,-2.315487,0.730731
0,0,0,0,0,0,0,0.493936,0,-0.433252,-2.293042,0.740741
0,0,0,0,0,0,0,0.489614,0,-0.430213,-2.270868,0.750751
0,0,0,0,0,0,0,0.485323,0,-0.427159,-2.248958,0.760761
0,0,0,0,0,0,0,0.481062,0,-0.424091,-2.227308,0.770771
0,0,0,0,0,0,0,0.476832,0,-0.421013,-2.205911,0.780781
0,0,0,0,0,0,0,0.472634,0,-0.417926,-2.184762,0.790791
0,0,0,0,0,0,0,0.468466,0,-0.414831,-2.163857,0.800801
0,0,0,0,0,0,0,0.464329,0,-0.411732,-2.143191,0.810811
0,0,0,0,0,0,0,0.460223,0,-0.408629,-2.122759,0.820821
0,0,0,0,0,0,0,0.456148,0,-0.405523,-2.102556,0.830831
0,0,0,0,0,0,0,0.452104,0,-0.402418,-2.082579,0.840841
0,0,0,0,0,0,0,0.448091,0,-0.399313,-2.062822,0.850851
0,0,0,0,0,0,0,0.44411,0,-0.396211,-2.043283,0.860861
0,0,0,0,0,0,0,0.440159,0,-0.393112,-2.023957,0.870871
0,0,0,0,0,0,0,0.43624,0,-0.390018,-2.00484,0.880881
0,0,0,0,0,0,0,0.432351,0,-0.386929,-1.985928,0.890891
0,0,0,0,0,0,0,0.428493,0,-0.383848,-1.967219,0.900901
0,0,0,0,0,0,0,0.424666,0,-0.380774,-1.948709,0.910911
0,0,0,0,0,0,0,0.42087,0,-0.377709,-1.930393,0.920921
0,0,0,0,0,0,0,0.417105,0,-0.374654,-1.912271,0.930931
0,0,0,0,0,0,0,0.41337,0,-0.371609,-1.894337,0.940941
0,0,0,0,0,0,0,0.409665,0,-0.368575,-1.876589,0.950951
0,0,0,0,0,0,0,0.405991,0,-0.365553,-1.859025,0.960961
0,0,0,0,0,0,0,0.402347,0,-0.362544,-1.841641,0.970971
0,0,0,0,0,0,0,0.398733,0,-0.359548,-1.824434,0.980981
0,0,0,0,0,0,0,0.395148,0,-0.356565,-1.807403,0.990991
0,0,0,0,0,0,0,0.391594,0,-0.353597,-1.790544,1.001001
0,0,0,0,0,0,0,0.388069,0,-0.350643,-1.773855,1.011011
0,0,0,0,0,0,0,0.384574,0,-0.347705,-1.757333,1.021021
0,0,0,0,0,0,0,0.381108,0,-0.344782,-1.740976,1.031031
0,0,0,0,0,0,0,0.377672,0,-0.341875,-1.724782,1.041041
0,0,0,0,0,0,0,0.374264,0,-0.338985,-1.708749,1.051051
0,0,0,0,0,0,0,0.370885,0,-0.336111,-1.692873,1.061061
0,0,0,0,0,0,0,0.367535,0,-0.333254,-1.677154,1.071071
0,0,0,0,0,0,0,0.364213,0,-0.330415,-1.66159,1.081081
0,0,0,0,0,0,0,0.36092,0,-0.327593,-1.646177,1.091091
0,0,0,0,0,0,0,0.357655,0,-0.324788,-1.630914,1.101101
0,0,0,0,0,0,0,0.354418,0,-0.322002,-1.6158,1.111111
0,0,0,0,0,0,0,0.351208,0,-0.319234,-1.600831,1.121121
0,0,0,0,0,0,0,0.348026,0,-0.316484,-1.586008,1.131131
0,0,0,0,0,0,0,0.344872,0,-0.313753,-1.571327,1.141141
0,0,0,0,0,0,0,0.341745,0,-0.311041,-1.556787,1.151151
0,0,0,0,0,0,0,0.338645,0,-0.308347,-1.542386,1.161161
0,0,0,0,0,0,0,0.335572,0,-0.305672,-1.528123,1.171171
0,0,0,0,0,0,0,0.332525,0,-0.303016,-1.513995,1.181181
0,0,0,0,0,0,0,0.329505,0,-0.300379,-1.500002,1.191191
0,0,0,0,0,0,0,0.326512,0,-0.297761,-1.486142,1.201201
0,0,0,0,0,0,0,0.323544,0,-0.295162,-1.472413,1.211211
0,0,0,0,0,0,0,0.320602,0,-0.292583,-1.458814,1.221221
0,0,0,0,0,0,0,0.317687,0,-0.290022,-1.445343,1.231231
0,0,0,0,0,0,0,0.314796,0,-0.287481,-1.431999,1.241241
0,0,0,0,0,0,0,0.311931,0,-0.284959,-1.418781,1.251251
0,0,0,0,0,0,0,0.309091,0,-0.282457,-1.405686,1.261261
0,0,0,0,0,0,0,0.306276,0,-0.279973,-1.392714,1.271271
0,0,0,0,0,0,0,0.303486,0,-0.277509,-1.379864,1.281281
0,0,0,0,0,0,0,0.30072,0,-0.275064,-1.367134,1.291291
0,0,0,0,0,0,0,0.297979,0,-0.272638,-1.354522,1.301301
0,0,0,0,0,0,0,0.295262,0,-0.270231,-1.342028,1.311311
0,0,0,0,0,0,0,0.292569,0,-0.267843,-1.32965,1.321321
0,0,0,0,0,0,0,0.2899,0,-0.265475,-1.317387,1.331331
0,0,0,0,0,0,0,0.287254,0,-0.263125,-1.305238,1.341341
0,0,0,0,0,0,0,0.284632,0,-0.260794,-1.293201,1.351351
0,0,0,0,0,0,0,0.282033,0,-0.258482,-1.281276,1.361361
0,0,0,0,0,0,0,0.279457,0,-0.256188,-1.269462,1.371371
0,0,0,0,0,0,0,0.276904,0,-0.253914,-1.257757,1.381381
0,0,0,0,0,0,0,0.274374,0,-0.251658,-1.246159,1.391391
0,0,0,0,0,0,0,0.271866,0,-0.24942,-1.234669,1.401401
0,0,0,0,0,0,0,0.26938,0,-0.247201,-1.223285,1.411411
0,0,0,0,0,0,0,0.266917,0,-0.245,-1.212005,1.421421
0,0,0,0,0,0,0,0.264475,0,-0.242818,-1.20083,1.431431
0,0,0,0,0,0,0,0.262056,0,-0.240653,-1.189757,1.441441
0,0,0,0,0,0,0,0.259657,0,-0.238507,-1.178786,1.451451
0,0,0,0,0,0,0,0.257281,0,-0.236379,-1.167916,1.461461
0,0,0,0,0,0,0,0.254925,0,-0.234268,-1.157146,1.471471
0,0,0,0,0,0,0,0.252591,0,-0.232175,-1.146474,1.481481
0,0,0,0,0,0,0,0.250277,0,-0.2301,-1.135901,1.491491
0,0,0,0,0,0,0,0.247984,0,-0.228043,-1.125424,1.501502
0,0,0,0,0,0,0,0.245711,0,-0.226003,-1.115044,1.511512
0,0,0,0,0,0,0,0.243459,0,-0.22398,-1.104758,1.521522
0,0,0,0,0,0,0,0.241227,0,-0.221974,-1.094567,1.531532
0,0,0,0,0,0,0,0.239015,0,-0.219986,-1.084468,1.541542
0,0,0,0,0,0,0,0.236823,0,-0.218014,-1.074463,1.551552
0,0,0,0,0,0,0,0.234651,0,-0.21606,-1.064548,1.561562
0,0,0,0,0,0,0,0.232497,0,-0.214122,-1.054725,1.571572
0,0,0,0,0,0,0,0.230364,0,-0.2122,-1.044991,1.581582
0,0,0,0,0,0,0,0.228249,0,-0.210296,-1.035346,1.591592
0,0,0,0,0,0,0,0.226154,0,-0.208407,-1.025789,1.601602
0,0,0,0,0,0,0,0.224077,0,-0.206535,-1.01632,1.611612
0,0,0,0,0,0,0,0.222019,0,-0.204679,-1.006936,1.621622
0,0,0,0,0,0,0,0.219979,0,-0.20284,-0.997639,1.631632
0,0,0,0,0,0,0,0.217958,0,-0.201016,-0.988426,1.641642
0,0,0,0,0,0,0,0.215955,0,-0.199208,-0.979298,1.651652
0,0,0,0,0,0,0,0.21397,0,-0.197415,-0.970252,1.661662
0,0,0,0,0,0,0,0.212002,0,-0.195638,-0.961289,1.671672
0,0,0,0,0,0,0,0.210053,0,-0.193877,-0.952408,1.681682
0,0,0,0,0,0,0,0.208121,0,-0.192131,-0.943608,1.691692
0,0,0,0,0,0,0,0.206206,0,-0.1904,-0.934888,1.701702
0,0,0,0,0,0,0,0.204309,0,-0.188685,-0.926247,1.711712
0,0,0,0,0,0,0,0.202429,0,-0.186984,-0.917686,1.721722
0,0,0,0,0,0,0,0.200566,0,-0.185298,-0.909202,1.731732
0,0,0,0,0,0,0,0.198719,0,-0.183627,-0.900795,1.741742
0,0,0,0,0,0,0,0.196889,0,-0.181971,-0.892465,1.751752
0,0,0,0,0,0,0,0.195076,0,-0.180329,-0.884211,1.761762
0,0,0,0,0,0,0,0.193279,0,-0.178701,-0.876033,1.771772
0,0,0,0,0,0,0,0.191498,0,-0.177088,-0.867928,1.781782
0,0,0,0,0,0,0,0.189734,0,-0.175489,-0.859898,1.791792
0,0,0,0,0,0,0,0.187985,0,-0.173904,-0.851941,1.801802
0,0,0,0,0,0,0,0.186252,0,-0.172333,-0.844056,1.811812
0,0,0,0,0,0,0,0.184535,0,-0.170776,-0.836243,1.821822
0,0,0,0,0,0,0,0.182833,0,-0.169232,-0.828501,1.831832
0,0,0,0,0,0,0,0.181147,0,-0.167702,-0.82083,1.841842
0,0,0,0,0,0,0,0.179476,0,-0.166186,-0.813228,1.851852
0,0,0,0,0,0,0,0.17782,0,-0.164683,-0.805696,1.861862
0,0,0,0,0,0,0,0.176179,0,-0.163193,-0.798232,1.871872
0,0,0,0,0,0,0,0.174552,0,-0.161717,-0.790837,1.881882
0,0,0,0,0,0,0,0.172941,0,-0.160253,-0.783509,1.891892
0,0,0,0,0,0,0,0.171344,0,-0.158802,-0.776247,1.901902
0,0,0,0,0,0,0,0.169762,0,-0.157365,-0.769052,1.911912
0,0,0,0,0,0,0,0.168194,0,-0.15594,-0.761922,1.921922
0,0,0,0,0,0,0,0.16664,0,-0.154527,-0.754857,1.931932
0,0,0,0,0,0,0,0.1651,0,-0.153127,-0.747857,1.941942
0,0,0,0,0,0,0,0.163574,0,-0.15174,-0.74092,1.951952
0,0,0,0,0,0,0,0.162062,0,-0.150365,-0.734047,1.961962
0,0,0,0,0,0,0,0.160564,0,-0.149002,-0.727236,1.971972
0,0,0,0,0,0,0,0.159079,0,-0.147651,-0.720487,1.981982
0,0,0,0,0,0,0,0.157608,0,-0.146312,-0.7138,1.991992
0,0,0,0,0,0,0,0.15615,0,-0.144985,-0.707174,2.002002
0,0,0,0,0,0,0,0.154705,0,-0.143669,-0.700608,2.012012
0,0,0,0,0,0,0,0.153274,0,-0.142366,-0.694102,2.022022
0,0,0,0,0,0,0,0.151855,0,-0.141074,-0.687656,2.032032
0,0,0,0,0,0,0,0.150449,0,-0.139793,-0.681268,2.042042
0,0,0,0,0,0,0,0.149056,0,-0.138524,-0.674938,2.052052
0,0,0,0,0,0,0,0.147676,0,-0.137266,-0.668667,2.062062
0,0,0,0,0,0,0,0.146308,0,-0.13602,-0.662452,2.072072
0,0,0,0,0,0,0,0.144953,0,-0.134784,-0.656294,2.082082
0,0,0,0,0,0,0,0.14361,0,-0.13356,-0.650192,2.092092
0,0,0,0,0,0,0,0.142279,0,-0.132346,-0.644146,2.102102
0,0,0,0,0,0,0,0.14096,0,-0.131143,-0.638156,2.112112
0,0,0,0,0,0,0,0.139653,0,-0.129951,-0.63222,2.122122
0,0,0,0,0,0,0,0.138358,0,-0.12877,-0.626338,2.132132
0,0,0,0,0,0,0,0.137075,0,-0.127599,-0.620509,2.142142
0,0,0,0,0,0,0,0.135804,0,-0.126439,-0.614735,2.152152
0,0,0,0,0,0,0,0.134544,0,-0.125288,-0.609012,2.162162
0,0,0,0,0,0,0,0.133296,0,-0.124149,-0.603342,2.172172
0,0,0,0,0,0,0,0.132058,0,-0.123019,-0.597724,2.182182
0,0,0,0,0,0,0,0.130833,0,-0.121899,-0.592157,2.192192
0,0,0,0,0,0,0,0.129618,0,-0.12079,-0.586642,2.202202
0,0,0,0,0,0,0,0.128414,0,-0.11969,-0.581176,2.212212
0,0,0,0,0,0,0,0.127222,0,-0.1186,-0.575761,2.222222
0,0,0,0,0,0,0,0.12604,0,-0.11752,-0.570395,2.232232
0,0,0,0,0,0,0,0.124869,0,-0.11645,-0.565078,2.242242
0,0,0,0,0,0,0,0.123709,0,-0.115389,-0.559809,2.252252
0,0,0,0,0,0,0,0.122559,0,-0.114338,-0.554589,2.262262
0,0,0,0,0,0,0,0.12142,0,-0.113296,-0.549417,2.272272
0,0,0,0,0,0,0,0.120291,0,-0.112263,-0.544292,2.282282
0,0,0,0,0,0,0,0.119172,0,-0.11124,-0.539214,2.292292
0,0,0,0,0,0,0,0.118064,0,-0.110226,-0.534182,2.302302
0,0,0,0,0,0,0,0.116965,0,-0.109221,-0.529196,2.312312
0,0,0,0,0,0,0,0.115877,0,-0.108224,-0.524257,2.322322
0,0,0,0,0,0,0,0.114799,0,-0.107237,-0.519362,2.332332
0,0,0,0,0,0,0,0.11373,0,-0.106259,-0.514512,2.342342
0,0,0,0,0,0,0,0.112671,0,-0.105289,-0.509707,2.352352
0,0,0,0,0,0,0,0.111622,0,-0.104329,-0.504945,2.362362
0,0,0,0,0,0,0,0.110583,0,-0.103376,-0.500227,2.372372
0,0,0,0,0,0,0,0.109553,0,-0.102433,-0.495553,2.382382
0,0,0,0,0,0,0,0.108532,0,-0.101497,-0.490921,2.392392
0,0,0,0,0,0,0,0.107521,0,-0.100571,-0.486332,2.402402
0,0,0,0,0,0,0,0.106518,0,-0.099652,-0.481785,2.412412
0,0,0,0,0,0,0,0.105525,0,-0.098742,-0.477279,2.422422
0,0,0,0,0,0,0,0.104542,0,-0.09784,-0.472815,2.432432
0,0,0,0,0,0,0,0.103567,0,-0.096946,-0.468392,2.442442
0,0,0,0,0,0,0,0.102601,0,-0.09606,-0.46401,2.452452
0,0,0,0,0,0,0,0.101643,0,-0.095182,-0.459667,2.462462
0,0,0,0,0,0,0,0.100695,0,-0.094312,-0.455365,2.472472
0,0,0,0,0,0,0,0.099755,0,-0.09345,-0.451102,2.482482
0,0,0,0,0,0,0,0.098824,0,-0.092596,-0.446878,2.492492
0,0,0,0,0,0,0,0.097902,0,-0.091749,-0.442693,2.502503
0,0,0,0,0,0,0,0.096987,0,-0.09091,-0.438546,2.512513
0,0,0,0,0,0,0,0.096081,0,-0.090079,-0.434438,2.522523
0,0,0,0,0,0,0,0.095184,0,-0.089254,-0.430367,2.532533
0,0,0,0,0,0,0,0.094295,0,-0.088438,-0.426334,2.542543
0,0,0,0,0,0,0,0.093413,0,-0.087629,-0.422337,2.552553
0,0,0,0,0,0,0,0.09254,0,-0.086827,-0.418378,2.562563
0,0,0,0,0,0,0,0.091675,0,-0.086032,-0.414454,2.572573
0,0,0,0,0,0,0,0.090818,0,-0.085245,-0.410567,2.582583
0,0,0,0,0,0,0,0.089968,0,-0.084464,-0.406716,2.592593
0,0,0,0,0,0,0,0.089127,0,-0.083691,-0.4029,2.602603
0,0,0,0,0,0,0,0.088293,0,-0.082925,-0.399119,2.612613
0,0,0,0,0,0,0,0.087467,0,-0.082165,-0.395373,2.622623
0,0,0,0,0,0,0,0.086648,0,-0.081413,-0.391661,2.632633
0,0,0,0,0,0,0,0.085837,0,-0.080667,-0.387983,2.642643
0,0,0,0,0,0,0,0.085033,0,-0.079928,-0.38434,2.652653
0,0,0,0,0,0,0,0.084237,0,-0.079196,-0.38073,2.662663
0,0,0,0,0,0,0,0.083447,0,-0.07847,-0.377153,2.672673
0,0,0,0,0,0,0,0.082666,0,-0.077751,-0.373609,2.682683
0,0,0,0,0,0,0,0.081891,0,-0.077039,-0.370097,2.692693
0,0,0,0,0,0,0,0.081123,0,-0.076333,-0.366618,2.702703
0,0,0,0,0,0,0,0.080363,0,-0.075633,-0.363171,2.712713
0,0,0,0,0,0,0,0.079609,0,-0.07494,-0.359756,2.722723
0,0,0,0,0,0,0,0.078862,0,-0.074252,-0.356372,2.732733
0,0,0,0,0,0,0,0.078122,0,-0.073572,-0.353019,2.742743
0,0,0,0,0,0,0,0.077389,0,-0.072897,-0.349697,2.752753
0,0,0,0,0,0,0,0.076663,0,-0.072229,-0.346406,2.762763
0,0,0,0,0,0,0,0.075943,0,-0.071566,-0.343145,2.772773
0,0,0,0,0,0,0,0.07523,0,-0.07091,-0.339914,2.782783
0,0,0,0,0,0,0,0.074524,0,-0.070259,-0.336713,2.792793
0,0,0,0,0,0,0,0.073824,0,-0.069615,-0.333541,2.802803
0,0,0,0,0,0,0,0.07313,0,-0.068976,-0.330399,2.812813
0,0,0,0,0,0,0,0.072443,0,-0.068344,-0.327286,2.822823
0,0,0,0,0,0,0,0.071762,0,-0.067717,-0.324201,2.832833
0,0,0,0,0,0,0,0.071087,0,-0.067095,-0.321144,2.842843
0,0,0,0,0,0,0,0.070419,0,-0.06648,-0.318116,2.852853
0,0,0,0,0,0,0,0.069756,0,-0.06587,-0.315116,2.862863
0,0,0,0,0,0,0,0.0691,0,-0.065265,-0.312143,2.872873
0,0,0,0,0,0,0,0.068449,0,-0.064666,-0.309198,2.882883
0,0,0,0,0,0,0,0.067805,0,-0.064073,-0.30628,2.892893
0,0,0,0,0,0,0,0.067167,0,-0.063485,-0.303389,2.902903
0,0,0,0,0,0,0,0.066534,0,-0.062902,-0.300524,2.912913
0,0,0,0,0,0,0,0.065907,0,-0.062325,-0.297686,2.922923
0,0,0,0,0,0,0,0.065286,0,-0.061753,-0.294874,2.932933
0,0,0,0,0,0,0,0.064671,0,-0.061186,-0.292088,2.942943
0,0,0,0,0,0,0,0.064061,0,-0.060624,-0.289327,2.952953
0,0,0,0,0,0,0,0.063457,0,-0.060068,-0.286592,2.962963
0,0,0,0,0,0,0,0.062859,0,-0.059516,-0.283883,2.972973
0,0,0,0,0,0,0,0.062266,0,-0.05897,-0.281198,2.982983
0,0,0,0,0,0,0,0.061678,0,-0.058429,-0.278538,2.992993
0,0,0,0,0,0,0,0.061096,0,-0.057892,-0.275902,3.003003
0,0,0,0,0,0,0,0.060519,0,-0.057361,-0.273291,3.013013
0,0,0,0,0,0,0,0.059948,0,-0.056834,-0.270703,3.023023
0,0,0,0,0,0,0,0.059381,0,-0.056312,-0.26814,3.033033
0,0,0,0,0,0,0,0.05882,0,-0.055795,-0.2656,3.043043
0,0,0,0,0,0,0,0.058264,0,-0.055283,-0.263084,3.053053
0,0,0,0,0,0,0,0.057714,0,-0.054776,-0.260591,3.063063
0,0,0,0,0,0,0,0.057168,0,-0.054273,-0.25812,3.073073
0,0,0,0,0,0,0,0.056627,0,-0.053775,-0.255673,3.083083
0,0,0,0,0,0,0,0.056091,0,-0.053281,-0.253248,3.093093
0,0,0,0,0,0,0,0.05556,0,-0.052792,-0.250845,3.103103
0,0,0,0,0,0,0,0.055034,0,-0.052307,-0.248465,3.113113
0,0,0,0,0,0,0,0.054513,0,-0.051827,-0.246106,3.123123
0,0,0,0,0,0,0,0.053997,0,-0.051352,-0.243769,3.133133
0,0,0,0,0,0,0,0.053485,0,-0.05088,-0.241454,3.143143
0,0,0,0,0,0,0,0.052978,0,-0.050413,-0.23916,3.153153
0,0,0,0,0,0,0,0.052476,0,-0.049951,-0.236887,3.163163
0,0,0,0,0,0,0,0.051978,0,-0.049492,-0.234635,3.173173
0,0,0,0,0,0,0,0.051485,0,-0.049038,-0.232403,3.183183
0,0,0,0,0,0,0,0.050996,0,-0.048588,-0.230193,3.193193
0,0,0,0,0,0,0,0.050512,0,-0.048142,-0.228002,3.203203
0,0,0,0,0,0,0,0.050032,0,-0.0477,-0.225832,3.213213
0,0,0,0,0,0,0,0.049557,0,-0.047263,-0.223681,3.223223
0,0,0,0,0,0,0,0.049086,0,-0.046829,-0.221551,3.233233
0,0,0,0,0,0,0,0.04862,0,-0.0464,-0.21944,3.243243
0,0,0,0,0,0,0,0.048157,0,-0.045974,-0.217348,3.253253
0,0,0,0,0,0,0,0.047699,0,-0.045552,-0.215276,3.263263
0,0,0,0,0,0,0,0.047245,0,-0.045134,-0.213222,3.273273
0,0,0,0,0,0,0,0.046796,0,-0.04472,-0.211188,3.283283
0,0,0,0,0,0,0,0.04635,0,-0.04431,-0.209172,3.293293
0,0,0,0,0,0,0,0.045908,0,-0.043904,-0.207175,3.303303
0,0,0,0,0,0,0,0.045471,0,-0.043501,-0.205196,3.313313
0,0,0,0,0,0,0,0.045038,0,-0.043103,-0.203235,3.323323
0,0,0,0,0,0,0,0.044608,0,-0.042707,-0.201292,3.333333
0,0,0,0,0,0,0,0.044183,0,-0.042316,-0.199367,3.343343
0,0,0,0,0,0,0,0.043761,0,-0.041928,-0.19746,3.353353
0,0,0,0,0,0,0,0.043343,0,-0.041544,-0.19557,3.363363
0,0,0,0,0,0,0,0.042929,0,-0.041163,-0.193697,3.373373
0,0,0,0,0,0,0,0.042519,0,-0.040786,-0.191842,3.383383
0,0,0,0,0,0,0,0.042113,0,-0.040412,-0.190004,3.393393
0,0,0,0,0,0,0,0.04171,0,-0.040042,-0.188182,3.403403
0,0,0,0,0,0,0,0.041311,0,-0.039675,-0.186377,3.413413
0,0,0,0,0,0,0,0.040916,0,-0.039312,-0.184589,3.423423
0,0,0,0,0,0,0,0.040524,0,-0.038952,-0.182817,3.433433
0,0,0,0,0,0,0,0.040136,0,-0.038595,-0.181062,3.443443
0,0,0,0,0,0,0,0.039751,0,-0.038242,-0.179322,3.453453
0,0,0,0,0,0,0,0.03937,0,-0.037892,-0.177598,3.463463
0,0,0,0,0,0,0,0.038993,0,-0.037545,-0.17589,3.473473
0,0,0,0,0,0,0,0.038619,0,-0.037201,-0.174198,3.483483
0,0,0,0,0,0,0,0.038248,0,-0.036861,-0.172521,3.493493
0,0,0,0,0,0,0,0.037881,0,-0.036523,-0.17086,3.503504
0,0,0,0,0,0,0,0.037517,0,-0.036189,-0.169213,3.513514
0,0,0,0,0,0,0,0.037156,0,-0.035858,-0.167582,3.523524
0,0,0,0,0,0,0,0.036799,0,-0.03553,-0.165966,3.533534
0,0,0,0,0,0,0,0.036445,0,-0.035205,-0.164364,3.543544
0,0,0,0,0,0,0,0.036094,0,-0.034883,-0.162777,3.553554
0,0,0,0,0,0,0,0.035746,0,-0.034564,-0.161205,3.563564
0,0,0,0,0,0,0,0.035402,0,-0.034248,-0.159646,3.573574
0,0,0,0,0,0,0,0.035061,0,-0.033935,-0.158102,3.583584
0,0,0,0,0,0,0,0.034723,0,-0.033625,-0.156573,3.593594
0,0,0,0,0,0,0,0.034388,0,-0.033317,-0.155057,3.603604
0,0,0,0,0,0,0,0.034056,0,-0.033013,-0.153555,3.613614
0,0,0,0,0,0,0,0.033727,0,-0.032711,-0.152066,3.623624
0,0,0,0,0,0,0,0.033401,0,-0.032412,-0.150591,3.633634
0,0,0,0,0,0,0,0.033078,0,-0.032116,-0.14913,3.643644
0,0,0,0,0,0,0,0.032758,0,-0.031823,-0.147682,3.653654
0,0,0,0,0,0,0,0.032441,0,-0.031532,-0.146247,3.663664
0,0,0,0,0,0,0,0.032126,0,-0.031244,-0.144825,3.673674
0,0,0,0,0,0,0,0.031815,0,-0.030959,-0.143416,3.683684
0,0,0,0,0,0,0,0.031507,0,-0.030676,-0.14202,3.693694
0,0,0,0,0,0,0,0.031201,0,-0.030396,-0.140637,3.703704
0,0,0,0,0,0,0,0.030898,0,-0.030119,-0.139266,3.713714
0,0,0,0,0,0,0,0.030598,0,-0.029844,-0.137908,3.723724
0,0,0,0,0,0,0,0.030301,0,-0.029571,-0.136562,3.733734
0,0,0,0,0,0,0,0.030006,0,-0.029301,-0.135228,3.743744
0,0,0,0,0,0,0,0.029714,0,-0.029034,-0.133906,3.753754
0,0,0,0,0,0,0,0.029425,0,-0.028769,-0.132597,3.763764
0,0,0,0,0,0,0,0.029138,0,-0.028507,-0.131299,3.773774
0,0,0,0,0,0,0,0.028854,0,-0.028247,-0.130013,3.783784
0,0,0,0,0,0,0,0.028573,0,-0.027989,-0.128739,3.793794
0,0,0,0,0,0,0,0.028294,0,-0.027734,-0.127476,3.803804
0,0,0,0,0,0,0,0.028017,0,-0.027481,-0.126225,3.813814
0,0,0,0,0,0,0,0.027743,0,-0.02723,-0.124985,3.823824
0,0,0,0,0,0,0,0.027472,0,-0.026982,-0.123756,3.833834
0,0,0,0,0,0,0,0.027203,0,-0.026736,-0.122539,3.843844
0,0,0,0,0,0,0,0.026937,0,-0.026492,-0.121332,3.853854
0,0,0,0,0,0,0,0.026673,0,-0.026251,-0.120137,3.863864
0,0,0,0,0,0,0,0.026411,0,-0.026012,-0.118952,3.873874
0,0,0,0,0,0,0,0.026152,0,-0.025775,-0.117778,3.883884
0,0,0,0,0,0,0,0.025895,0,-0.02554,-0.116615,3.893894
0,0,0,0,0,0,0,0.025641,0,-0.025307,-0.115462,3.903904
0,0,0,0,0,0,0,0.025389,0,-0.025076,-0.11432,3.913914
0,0,0,0,0,0,0,0.025139,0,-0.024848,-0.113188,3.923924
0,0,0,0,0,0,0,0.024891,0,-0.024622,-0.112066,3.933934
0,0,0,0,0,0,0,0.024646,0,-0.024397,-0.110955,3.943944
0,0,0,0,0,0,0,0.024403,0,-0.024175,-0.109853,3.953954
0,0,0,0,0,0,0,0.024162,0,-0.023955,-0.108762,3.963964
0,0,0,0,0,0,0,0.023923,0,-0.023736,-0.10768,3.973974
0,0,0,0,0,0,0,0.023687,0,-0.02352,-0.106608,3.983984
0,0,0,0,0,0,0,0.023452,0,-0.023306,-0.105546,3.993994
0,0,0,0,0,0,0,0.02322,0,-0.023094,-0.104493,4.004004
0,0,0,0,0,0,0,0.02299,0,-0.022883,-0.10345,4.014014
0,0,0,0,0,0,0,0.022762,0,-0.022675,-0.102417,4.024024
0,0,0,0,0,0,0,0.022536,0,-0.022468,-0.101393,4.034034
0,0,0,0,0,0,0,0.022312,0,-0.022264,-0.100378,4.044044
0,0,0,0,0,0,0,0.02209,0,-0.022061,-0.099372,4.054054
0,0,0,0,0,0,0,0.02187,0,-0.02186,-0.098375,4.064064
0,0,0,0,0,0,0,0.021653,0,-0.021661,-0.097388,4.074074
0,0,0,0,0,0,0,0.021437,0,-0.021463,-0.096409,4.084084
0,0,0,0,0,0,0,0.021223,0,-0.021268,-0.095439,4.094094
0,0,0,0,0,0,0,0.021011,0,-0.021074,-0.094478,4.104104
0,0,0,0,0,0,0,0.020801,0,-0.020882,-0.093526,4.114114
0,0,0,0,0,0,0,0.020593,0,-0.020692,-0.092582,4.124124
0,0,0,0,0,0,0,0.020387,0,-0.020503,-0.091647,4.134134
0,0,0,0,0,0,0,0.020182,0,-0.020316,-0.09072,4.144144
0,0,0,0,0,0,0,0.01998,0,-0.020131,-0.089801,4.154154
0,0,0,0,0,0,0,0.019779,0,-0.019948,-0.088891,4.164164
0,0,0,0,0,0,0,0.019581,0,-0.019766,-0.08799,4.174174
0,0,0,0,0,0,0,0.019384,0,-0.019586,-0.087096,4.184184
0,0,0,0,0,0,0,0.019189,0,-0.019407,-0.08621,4.194194
0,0,0,0,0,0,0,0.018995,0,-0.01923,-0.085333,4.204204
0,0,0,0,0,0,0,0.018804,0,-0.019055,-0.084463,4.214214
0,0,0,0,0,0,0,0.018614,0,-0.018881,-0.083601,4.224224
0,0,0,0,0,0,0,0.018426,0,-0.018709,-0.082747,4.234234
0,0,0,0,0,0,0,0.018239,0,-0.018538,-0.081901,4.244244
0,0,0,0,0,0,0,0.018054,0,-0.018369,-0.081063,4.254254
0,0,0,0,0,0,0,0.017871,0,-0.018201,-0.080232,4.264264
0,0,0,0,0,0,0,0.01769,0,-0.018035,-0.079409,4.274274
0,0,0,0,0,0,0,0.01751,0,-0.01787,-0.078593,4.284284
0,0,0,0,0,0,0,0.017332,0,-0.017707,-0.077784,4.294294
0,0,0,0,0,0,0,0.017156,0,-0.017545,-0.076983,4.304304
0,0,0,0,0,0,0,0.016981,0,-0.017385,-0.076189,4.314314
0,0,0,0,0,0,0,0.016808,0,-0.017226,-0.075402,4.324324
0,0,0,0,0,0,0,0.016636,0,-0.017069,-0.074623,4.334334
0,0,0,0,0,0,0,0.016466,0,-0.016913,-0.07385,4.344344
0,0,0,0,0,0,0,0.016298,0,-0.016758,-0.073085,4.354354
0,0,0,0,0,0,0,0.016131,0,-0.016605,-0.072326,4.364364
0,0,0,0,0,0,0,0.015965,0,-0.016453,-0.071575,4.374374
0,0,0,0,0,0,0,0.015801,0,-0.016302,-0.07083,4.384384
0,0,0,0,0,0,0,0.015639,0,-0.016153,-0.070092,4.394394
0,0,0,0,0,0,0,0.015478,0,-0.016005,-0.069361,4.404404
0,0,0,0,0,0,0,0.015318,0,-0.015858,-0.068636,4.414414
0,0,0,0,0,0,0,0.01516,0,-0.015713,-0.067918,4.424424
0,0,0,0,0,0,0,0.015004,0,-0.015569,-0.067207,4.434434
0,0,0,0,0,0,0,0.014849,0,-0.015426,-0.066502,4.444444
0,0,0,0,0,0,0,0.014695,0,-0.015284,-0.065803,4.454454
0,0,0,0,0,0,0,0.014543,0,-0.015144,-0.065111,4.464464
0,0,0,0,0,0,0,0.014392,0,-0.015005,-0.064426,4.474474
0,0,0,0,0,0,0,0.014242,0,-0.014867,-0.063746,4.484484
0,0,0,0,0,0,0,0.014094,0,-0.014731,-0.063073,4.494494
0,0,0,0,0,0,0,0.013947,0,-0.014595,-0.062406,4.504505
0,0,0,0,0,0,0,0.013802,0,-0.014461,-0.061744,4.514515
0,0,0,0,0,0,0,0.013658,0,-0.014328,-0.061089,4.524525
0,0,0,0,0,0,0,0.013515,0,-0.014196,-0.06044,4.534535
0,0,0,0,0,0,0,0.013374,0,-0.014065,-0.059797,4.544545
0,0,0,0,0,0,0,0.013233,0,-0.013935,-0.05916,4.554555
0,0,0,0,0,0,0,0.013095,0,-0.013807,-0.058529,4.564565
0,0,0,0,0,0,0,0.012957,0,-0.01368,-0.057904,4.574575
0,0,0,0,0,0,0,0.012821,0,-0.013553,-0.057284,4.584585
0,0,0,0,0,0,0,0.012686,0,-0.013428,-0.05667,4.594595
0,0,0,0,0,0,0,0.012552,0,-0.013304,-0.056061,4.604605
0,0,0,0,0,0,0,0.012419,0,-0.013181,-0.055459,4.614615
0,0,0,0,0,0,0,0.012288,0,-0.013059,-0.054861,4.624625
0,0,0,0,0,0,0,0.012158,0,-0.012938,-0.05427,4.634635
0,0,0,0,0,0,0,0.012029,0,-0.012818,-0.053684,4.644645
0,0,0,0,0,0,0,0.011901,0,-0.0127,-0.053103,4.654655
0,0,0,0,0,0,0,0.011775,0,-0.012582,-0.052527,4.664665
0,0,0,0,0,0,0,0.011649,0,-0.012465,-0.051957,4.674675
0,0,0,0,0,0,0,0.011525,0,-0.012349,-0.051392,4.684685
0,0,0,0,0,0,0,0.011402,0,-0.012235,-0.050833,4.694695
0,0,0,0,0,0,0,0.01128,0,-0.012121,-0.050278,4.704705
0,0,0,0,0,0,0,0.011159,0,-0.012008,-0.049729,4.714715
0,0,0,0,0,0,0,0.01104,0,-0.011896,-0.049185,4.724725
0,0,0,0,0,0,0,0.010921,0,-0.011786,-0.048646,4.734735
0,0,0,0,0,0,0,0.010804,0,-0.011676,-0.048112,4.744745
0,0,0,0,0,0,0,0.010688,0,-0.011567,-0.047583,4.754755
0,0,0,0,0,0,0,0.010572,0,-0.011459,-0.047059,4.764765
0,0,0,0,0,0,0,0.010458,0,-0.011352,-0.04654,4.774775
0,0,0,0,0,0,0,0.010345,0,-0.011245,-0.046025,4.784785
0,0,0,0,0,0,0,0.010233,0,-0.01114,-0.045516,4.794795
0,0,0,0,0,0,0,0.010122,0,-0.011036,-0.045011,4.804805
0,0,0,0,0,0,0,0.010012,0,-0.010932,-0.044511,4.814815
0,0,0,0,0,0,0,0.009903,0,-0.01083,-0.044016,4.824825
0,0,0,0,0,0,0,0.009795,0,-0.010728,-0.043525,4.834835
0,0,0,0,0,0,0,0.009688,0,-0.010627,-0.043039,4.844845
0,0,0,0,0,0,0,0.009582,0,-0.010528,-0.042558,4.854855
0,0,0,0,0,0,0,0.009478,0,-0.010428,-0.042081,4.864865
0,0,0,0,0,0,0,0.009374,0,-0.01033,-0.041608,4.874875
0,0,0,0,0,0,0,0.009271,0,-0.010233,-0.04114,4.884885
0,0,0,0,0,0,0,0.009169,0,-0.010136,-0.040677,4.894895
0,0,0,0,0,0,0,0.009068,0,-0.01004,-0.040218,4.904905
0,0,0,0,0,0,0,0.008968,0,-0.009946,-0.039763,4.914915
0,0,0,0,0,0,0,0.008869,0,-0.009851,-0.039313,4.924925
0,0,0,0,0,0,0,0.008771,0,-0.009758,-0.038866,4.934935
0,0,0,0,0,0,0,0.008673,0,-0.009666,-0.038424,4.944945
0,0,0,0,0,0,0,0.008577,0,-0.009574,-0.037987,4.954955
0,0,0,0,0,0,0,0.008482,0,-0.009483,-0.037553,4.964965
0,0,0,0,0,0,0,0.008387,0,-0.009393,-0.037124,4.974975
0,0,0,0,0,0,0,0.008294,0,-0.009303,-0.036699,4.984985
0,0,0,0,0,0,0,0.008201,0,-0.009215,-0.036278,4.994995
0,0,0,0,0,0,0,0.008109,0,-0.009127,-0.03586,5.005005
0,0,0,0,0,0,0,0.008018,0,-0.00904,-0.035447,5.015015
0,0,0,0,0,0,0,0.007928,0,-0.008953,-0.035038,5.025025
0,0,0,0,0,0,0,0.007839,0,-0.008868,-0.034633,5.035035
0,0,0,0,0,0,0,0.007751,0,-0.008783,-0.034232,5.045045
0,0,0,0,0,0,0,0.007663,0,-0.008698,-0.033834,5.055055
0,0,0,0,0,0,0,0.007577,0,-0.008615,-0.033441,5.065065
0,0,0,0,0,0,0,0.007491,0,-0.008532,-0.033051,5.075075
0,0,0,0,0,0,0,0.007406,0,-0.00845,-0.032665,5.085085
0,0,0,0,0,0,0,0.007322,0,-0.008369,-0.032283,5.095095
0,0,0,0,0,0,0,0.007238,0,-0.008288,-0.031904,5.105105
0,0,0,0,0,0,0,0.007156,0,-0.008208,-0.031529,5.115115
0,0,0,0,0,0,0,0.007074,0,-0.008129,-0.031158,5.125125
0,0,0,0,0,0,0,0.006993,0,-0.00805,-0.030791,5.135135
0,0,0,0,0,0,0,0.006913,0,-0.007972,-0.030427,5.145145
0,0,0,0,0,0,0,0.006833,0,-0.007895,-0.030066,5.155155
0,0,0,0,0,0,0,0.006755,0,-0.007818,-0.02971,5.165165
0,0,0,0,0,0,0,0.006677,0,-0.007742,-0.029356,5.175175
0,0,0,0,0,0,0,0.0066,0,-0.007667,-0.029006,5.185185
0,0,0,0,0,0,0,0.006523,0,-0.007592,-0.02866,5.195195
0,0,0,0,0,0,0,0.006448,0,-0.007518,-0.028317,5.205205
0,0,0,0,0,0,0,0.006373,0,-0.007444,-0.027978,5.215215
0,0,0,0,0,0,0,0.006299,0,-0.007372,-0.027641,5.225225
0,0,0,0,0,0,0,0.006225,0,-0.007299,-0.027308,5.235235
0,0,0,0,0,0,0,0.006152,0,-0.007228,-0.026979,5.245245
0,0,0,0,0,0,0,0.00608,0,-0.007157,-0.026653,5.255255
0,0,0,0,0,0,0,0.006009,0,-0.007087,-0.02633,5.265265
0,0,0,0,0,0,0,0.005939,0,-0.007017,-0.02601,5.275275
0,0,0,0,0,0,0,0.005869,0,-0.006948,-0.025693,5.285285
0,0,0,0,0,0,0,0.005799,0,-0.006879,-0.02538,5.295295
0,0,0,0,0,0,0,0.005731,0,-0.006811,-0.025069,5.305305
0,0,0,0,0,0,0,0.005663,0,-0.006744,-0.024762,5.315315
0,0,0,0,0,0,0,0.005596,0,-0.006677,-0.024458,5.325325
0,0,0,0,0,0,0,0.005529,0,-0.006611,-0.024157,5.335335
0,0,0,0,0,0,0,0.005464,0,-0.006545,-0.023859,5.345345
0,0,0,0,0,0,0,0.005398,0,-0.00648,-0.023564,5.355355
0,0,0,0,0,0,0,0.005334,0,-0.006415,-0.023272,5.365365
0,0,0,0,0,0,0,0.00527,0,-0.006351,-0.022983,5.375375
0,0,0,0,0,0,0,0.005207,0,-0.006288,-0.022697,5.385385
0,0,0,0,0,0,0,0.005144,0,-0.006225,-0.022414,5.395395
0,0,0,0,0,0,0,0.005082,0,-0.006162,-0.022134,5.405405
0,0,0,0,0,0,0,0.005021,0,-0.006101,-0.021856,5.415415
0,0,0,0,0,0,0,0.00496,0,-0.006039,-0.021582,5.425425
0,0,0,0,0,0,0,0.0049,0,-0.005978,-0.02131,5.435435
0,0,0,0,0,0,0,0.00484,0,-0.005918,-0.021041,5.445445
0,0,0,0,0,0,0,0.004781,0,-0.005858,-0.020775,5.455455
0,0,0,0,0,0,0,0.004723,0,-0.005799,-0.020511,5.465465
0,0,0,0,0,0,0,0.004665,0,-0.005741,-0.020251,5.475475
0,0,0,0,0,0,0,0.004608,0,-0.005682,-0.019993,5.485485
0,0,0,0,0,0,0,0.004551,0,-0.005625,-0.019737,5.495495
0,0,0,0,0,0,0,0.004495,0,-0.005568,-0.019485,5.505506
0,0,0,0,0,0,0,0.00444,0,-0.005511,-0.019234,5.515516
0,0,0,0,0,0,0,0.004385,0,-0.005455,-0.018987,5.525526
0,0,0,0,0,0,0,0.004331,0,-0.005399,-0.018742,5.535536
0,0,0,0,0,0,0,0.004277,0,-0.005344,-0.0185,5.545546
0,0,0,0,0,0,0,0.004224,0,-0.005289,-0.01826,5.555556
0,0,0,0,0,0,0,0.004171,0,-0.005235,-0.018023,5.565566
0,0,0,0,0,0,0,0.004119,0,-0.005181,-0.017788,5.575576
0,0,0,0,0,0,0,0.004067,0,-0.005128,-0.017555,5.585586
0,0,0,0,0,0,0,0.004016,0,-0.005075,-0.017326,5.595596
0,0,0,0,0,0,0,0.003966,0,-0.005022,-0.017098,5.605606
0,0,0,0,0,0,0,0.003916,0,-0.00497,-0.016873,5.615616
0,0,0,0,0,0,0,0.003866,0,-0.004919,-0.01665,5.625626
0,0,0,0,0,0,0,0.003817,0,-0.004868,-0.01643,5.635636
0,0,0,0,0,0,0,0.003769,0,-0.004817,-0.016212,5.645646
0,0,0,0,0,0,0,0.003721,0,-0.004767,-0.015996,5.655656
0,0,0,0,0,0,0,0.003673,0,-0.004718,-0.015783,5.665666
0,0,0,0,0,0,0,0.003626,0,-0.004668,-0.015572,5.675676
0,0,0,0,0,0,0,0.00358,0,-0.004619,-0.015363,5.685686
0,0,0,0,0,0,0,0.003534,0,-0.004571,-0.015157,5.695696
0,0,0,0,0,0,0,0.003488,0,-0.004523,-0.014952,5.705706
0,0,0,0,0,0,0,0.003443,0,-0.004476,-0.01475,5.715716
0,0,0,0,0,0,0,0.003399,0,-0.004428,-0.01455,5.725726
0,0,0,0,0,0,0,0.003355,0,-0.004382,-0.014352,5.735736
0,0,0,0,0,0,0,0.003311,0,-0.004335,-0.014157,5.745746
0,0,0,0,0,0,0,0.003268,0,-0.00429,-0.013963,5.755756
0,0,0,0,0,0,0,0.003225,0,-0.004244,-0.013772,5.765766
0,0,0,0,0,0,0,0.003183,0,-0.004199,-0.013582,5.775776
0,0,0,0,0,0,0,0.003141,0,-0.004154,-0.013395,5.785786
0,0,0,0,0,0,0,0.0031,0,-0.00411,-0.01321,5.795796
0,0,0,0,0,0,0,0.003059,0,-0.004066,-0.013027,5.805806
0,0,0,0,0,0,0,0.003018,0,-0.004023,-0.012845,5.815816
0,0,0,0,0,0,0,0.002978,0,-0.00398,-0.012666,5.825826
0,0,0,0,0,0,0,0.002939,0,-0.003937,-0.012489,5.835836
0,0,0,0,0,0,0,0.0029,0,-0.003895,-0.012314,5.845846
0,0,0,0,0,0,0,0.002861,0,-0.003853,-0.01214,5.855856
0,0,0,0,0,0,0,0.002822,0,-0.003811,-0.011969,5.865866
0,0,0,0,0,0,0,0.002784,0,-0.00377,-0.011799,5.875876
0,0,0,0,0,0,0,0.002747,0,-0.003729,-0.011632,5.885886
0,0,0,0,0,0,0,0.00271,0,-0.003689,-0.011466,5.895896
0,0,0,0,0,0,0,0.002673,0,-0.003649,-0.011302,5.905906
0,0,0,0,0,0,0,0.002637,0,-0.003609,-0.01114,5.915916
0,0,0,0,0,0,0,0.002601,0,-0.00357,-0.010979,5.925926
0,0,0,0,0,0,0,0.002565,0,-0.003531,-0.010821,5.935936
0,0,0,0,0,0,0,0.00253,0,-0.003492,-0.010664,5.945946
0,0,0,0,0,0,0,0.002495,0,-0.003454,-0.010509,5.955956
0,0,0,0,0,0,0,0.002461,0,-0.003416,-0.010356,5.965966
0,0,0,0,0,0,0,0.002427,0,-0.003379,-0.010205,5.975976
0,0,0,0,0,0,0,0.002393,0,-0.003341,-0.010055,5.985986
0,0,0,0,0,0,0,0.00236,0,-0.003304,-0.009907,5.995996
0,0,0,0,0,0,0,0.002327,0,-0.003268,-0.00976,6.006006
0,0,0,0,0,0,0,0.002295,0,-0.003232,-0.009616,6.016016
0,0,0,0,0,0,0,0.002262,0,-0.003196,-0.009473,6.026026
0,0,0,0,0,0,0,0.002231,0,-0.00316,-0.009331,6.036036
0,0,0,0,0,0,0,0.002199,0,-0.003125,-0.009191,6.046046
0,0,0,0,0,0,0,0.002168,0,-0.00309,-0.009053,6.056056
0,0,0,0,0,0,0,0.002137,0,-0.003055,-0.008917,6.066066
0,0,0,0,0,0,0,0.002107,0,-0.003021,-0.008781,6.076076
0,0,0,0,0,0,0,0.002077,0,-0.002987,-0.008648,6.086086
0,0,0,0,0,0,0,0.002047,0,-0.002954,-0.008516,6.096096
0,0,0,0,0,0,0,0.002018,0,-0.00292,-0.008386,6.106106
0,0,0,0,0,0,0,0.001989,0,-0.002887,-0.008257,6.116116
0,0,0,0,0,0,0,0.00196,0,-0.002854,-0.008129,6.126126
0,0,0,0,0,0,0,0.001932,0,-0.002822,-0.008004,6.136136
0,0,0,0,0,0,0,0.001903,0,-0.00279,-0.007879,6.146146
0,0,0,0,0,0,0,0.001876,0,-0.002758,-0.007756,6.156156
0,0,0,0,0,0,0,0.001848,0,-0.002727,-0.007635,6.166166
0,0,0,0,0,0,0,0.001821,0,-0.002695,-0.007515,6.176176
0,0,0,0,0,0,0,0.001794,0,-0.002664,-0.007396,6.186186
0,0,0,0,0,0,0,0.001768,0,-0.002634,-0.007279,6.196196
0,0,0,0,0,0,0,0.001742,0,-0.002603,-0.007163,6.206206
0,0,0,0,0,0,0,0.001716,0,-0.002573,-0.007048,6.216216
0,0,0,0,0,0,0,0.00169,0,-0.002544,-0.006935,6.226226
0,0,0,0,0,0,0,0.001665,0,-0.002514,-0.006823,6.236236
0,0,0,0,0,0,0,0.00164,0,-0.002485,-0.006713,6.246246
0,0,0,0,0,0,0,0.001615,0,-0.002456,-0.006604,6.256256
0,0,0,0,0,0,0,0.00159,0,-0.002427,-0.006496,6.266266
0,0,0,0,0,0,0,0.001566,0,-0.002399,-0.006389,6.276276
0,0,0,0,0,0,0,0.001542,0,-0.00237,-0.006284,6.286286
0,0,0,0,0,0,0,0.001519,0,-0.002343,-0.00618,6.296296
0,0,0,0,0,0,0,0.001496,0,-0.002315,-0.006078,6.306306
0,0,0,0,0,0,0,0.001473,0,-0.002288,-0.005976,6.316316
0,0,0,0,0,0,0,0.00145,0,-0.00226,-0.005876,6.326326
0,0,0,0,0,0,0,0.001427,0,-0.002234,-0.005777,6.336336
0,0,0,0,0,0,0,0.001405,0,-0.002207,-0.005679,6.346346
0,0,0,0,0,0,0,0.001383,0,-0.002181,-0.005583,6.356356
0,0,0,0,0,0,0,0.001361,0,-0.002155,-0.005487,6.366366
0,0,0,0,0,0,0,0.00134,0,-0.002129,-0.005393,6.376376
0,0,0,0,0,0,0,0.001319,0,-0.002103,-0.0053,6.386386
0,0,0,0,0,0,0,0.001298,0,-0.002078,-0.005208,6.396396
0,0,0,0,0,0,0,0.001277,0,-0.002053,-0.005117,6.406406
0,0,0,0,0,0,0,0.001257,0,-0.002028,-0.005028,6.416416
0,0,0,0,0,0,0,0.001237,0,-0.002003,-0.004939,6.426426
0,0,0,0,0,0,0,0.001217,0,-0.001979,-0.004852,6.436436
0,0,0,0,0,0,0,0.001197,0,-0.001954,-0.004766,6.446446
0,0,0,0,0,0,0,0.001178,0,-0.00193,-0.004681,6.456456
0,0,0,0,0,0,0,0.001158,0,-0.001907,-0.004597,6.466466
0,0,0,0,0,0,0,0.001139,0,-0.001883,-0.004514,6.476476
0,0,0,0,0,0,0,0.001121,0,-0.00186,-0.004432,6.486486
0,0,0,0,0,0,0,0.001102,0,-0.001837,-0.004351,6.496496
0,0,0,0,0,0,0,0.001084,0,-0.001814,-0.004271,6.506507
0,0,0,0,0,0,0,0.001066,0,-0.001791,-0.004192,6.516517
0,0,0,0,0,0,0,0.001048,0,-0.001769,-0.004114,6.526527
0,0,0,0,0,0,0,0.00103,0,-0.001747,-0.004037,6.536537
0,0,0,0,0,0,0,0.001013,0,-0.001725,-0.003962,6.546547
0,0,0,0,0,0,0,0.000996,0,-0.001703,-0.003887,6.556557
0,0,0,0,0,0,0,0.000979,0,-0.001681,-0.003813,6.566567
0,0,0,0,0,0,0,0.000962,0,-0.00166,-0.00374,6.576577
0,0,0,0,0,0,0,0.000946,0,-0.001639,-0.003668,6.586587
0,0,0,0,0,0,0,0.000929,0,-0.001618,-0.003597,6.596597
0,0,0,0,0,0,0,0.000913,0,-0.001597,-0.003527,6.606607
0,0,0,0,0,0,0,0.000897,0,-0.001576,-0.003458,6.616617
0,0,0,0,0,0,0,0.000882,0,-0.001556,-0.00339,6.626627
0,0,0,0,0,0,0,0.000866,0,-0.001536,-0.003323,6.636637
0,0,0,0,0,0,0,0.000851,0,-0.001516,-0.003257,6.646647
0,0,0,0,0,0,0,0.000836,0,-0.001496,-0.003191,6.656657
0,0,0,0,0,0,0,0.000821,0,-0.001476,-0.003127,6.666667
0,0,0,0,0,0,0,0.000806,0,-0.001457,-0.003063,6.676677
0,0,0,0,0,0,0,0.000792,0,-0.001438,-0.003,6.686687
0,0,0,0,0,0,0,0.000778,0,-0.001419,-0.002938,6.696697
0,0,0,0,0,0,0,0.000763,0,-0.0014,-0.002877,6.706707
0,0,0,0,0,0,0,0.00075,0,-0.001381,-0.002817,6.716717
0,0,0,0,0,0,0,0.000736,0,-0.001363,-0.002758,6.726727
0,0,0,0,0,0,0,0.000722,0,-0.001344,-0.002699,6.736737
0,0,0,0,0,0,0,0.000709,0,-0.001326,-0.002642,6.746747
0,0,0,0,0,0,0,0.000696,0,-0.001308,-0.002585,6.756757
0,0,0,0,0,0,0,0.000683,0,-0.00129,-0.002529,6.766767
0,0,0,0,0,0,0,0.00067,0,-0.001273,-0.002473,6.776777
0,0,0,0,0,0,0,0.000657,0,-0.001255,-0.002419,6.786787
0,0,0,0,0,0,0,0.000645,0,-0.001238,-0.002365,6.796797
0,0,0,0,0,0,0,0.000632,0,-0.001221,-0.002312,6.806807
0,0,0,0,0,0,0,0.00062,0,-0.001204,-0.00226,6.816817
0,0,0,0,0,0,0,0.000608,0,-0.001187,-0.002209,6.826827
0,0,0,0,0,0,0,0.000597,0,-0.001171,-0.002158,6.836837
0,0,0,0,0,0,0,0.000585,0,-0.001154,-0.002108,6.846847
0,0,0,0,0,0,0,0.000573,0,-0.001138,-0.002059,6.856857
0,0,0,0,0,0,0,0.000562,0,-0.001122,-0.002011,6.866867
0,0,0,0,0,0,0,0.000551,0,-0.001106,-0.001963,6.876877
0,0,0,0,0,0,0,0.00054,0,-0.00109,-0.001916,6.886887
0,0,0,0,0,0,0,0.000529,0,-0.001074,-0.00187,6.896897
0,0,0,0,0,0,0,0.000518,0,-0.001059,-0.001824,6.906907
0,0,0,0,0,0,0,0.000508,0,-0.001043,-0.00178,6.916917
0,0,0,0,0,0,0,0.000498,0,-0.001028,-0.001735,6.926927
0,0,0,0,0,0,0,0.000487,0,-0.001013,-0.001692,6.936937
0,0,0,0,0,0,0,0.000477,0,-0.000998,-0.001649,6.946947
0,0,0,0,0,0,0,0.000467,0,-0.000983,-0.001607,6.956957
0,0,0,0,0,0,0,0.000458,0,-0.000969,-0.001566,6.966967
0,0,0,0,0,0,0,0.000448,0,-0.000954,-0.001525,6.976977
0,0,0,0,0,0,0,0.000439,0,-0.00094,-0.001485,6.986987
0,0,0,0,0,0,0,0.000429,0,-0.000926,-0.001445,6.996997
0,0,0,0,0,0,0,0.00042,0,-0.000912,-0.001407,7.007007
0,0,0,0,0,0,0,0.000411,0,-0.000898,-0.001369,7.017017
0,0,0,0,0,0,0,0.000402,0,-0.000884,-0.001331,7.027027
0,0,0,0,0,0,0,0.000393,0,-0.00087,-0.001294,7.037037
0,0,0,0,0,0,0,0.000385,0,-0.000857,-0.001258,7.047047
0,0,0,0,0,0,0,0.000376,0,-0.000843,-0.001222,7.057057
0,0,0,0,0,0,0,0.000368,0,-0.00083,-0.001187,7.067067
0,0,0,0,0,0,0,0.000359,0,-0.000817,-0.001153,7.077077
0,0,0,0,0,0,0,0.000351,0,-0.000804,-0.001119,7.087087
0,0,0,0,0,0,0,0.000343,0,-0.000791,-0.001085,7.097097
0,0,0,0,0,0,0,0.000336,0,-0.000778,-0.001053,7.107107
0,0,0,0,0,0,0,0.000328,0,-0.000766,-0.001021,7.117117
0,0,0,0,0,0,0,0.00032,0,-0.000753,-0.000989,7.127127
0,0,0,0,0,0,0,0.000313,0,-0.000741,-0.000958,7.137137
0,0,0,0,0,0,0,0.000305,0,-0.000729,-0.000928,7.147147
0,0,0,0,0,0,0,0.000298,0,-0.000717,-0.000898,7.157157
0,0,0,0,0,0,0,0.000291,0,-0.000705,-0.000868,7.167167
0,0,0,0,0,0,0,0.000284,0,-0.000693,-0.00084,7.177177
0,0,0,0,0,0,0,0.000277,0,-0.000681,-0.000811,7.187187
0,0,0,0,0,0,0,0.00027,0,-0.00067,-0.000784,7.197197
0,0,0,0,0,0,0,0.000264,0,-0.000658,-0.000757,7.207207
0,0,0,0,0,0,0,0.000257,0,-0.000647,-0.00073,7.217217
0,0,0,0,0,0,0,0.000251,0,-0.000636,-0.000704,7.227227
0,0,0,0,0,0,0,0.000244,0,-0.000624,-0.000678,7.237237
0,0,0,0,0,0,0,0.000238,0,-0.000613,-0.000653,7.247247
0,0,0,0,0,0,0,0.000232,0,-0.000603,-0.000628,7.257257
0,0,0,0,0,0,0,0.000226,0,-0.000592,-0.000604,7.267267
0,0,0,0,0,0,0,0.00022,0,-0.000581,-0.000581,7.277277
0,0,0,0,0,0,0,0.000215,0,-0.000571,-0.000558,7.287287
0,0,0,0,0,0,0,0.000209,0,-0.00056,-0.000535,7.297297
0,0,0,0,0,0,0,0.000203,0,-0.00055,-0.000513,7.307307
0,0,0,0,0,0,0,0.000198,0,-0.00054,-0.000491,7.317317
0,0,0,0,0,0,0,0.000193,0,-0.00053,-0.00047,7.327327
0,0,0,0,0,0,0,0.000187,0,-0.00052,-0.000449,7.337337
0,0,0,0,0,0,0,0.000182,0,-0.00051,-0.000429,7.347347
0,0,0,0,0,0,0,0.000177,0,-0.0005,-0.000409,7.357357
0,0,0,0,0,0,0,0.000172,0,-0.00049,-0.000389,7.367367
0,0,0,0,0,0,0,0.000167,0,-0.000481,-0.00037,7.377377
0,0,0,0,0,0,0,0.000163,0,-0.000471,-0.000352,7.387387
0,0,0,0,0,0,0,0.000158,0,-0.000462,-0.000334,7.397397
0,0,0,0,0,0,0,0.000153,0,-0.000453,-0.000316,7.407407
0,0,0,0,0,0,0,0.000149,0,-0.000444,-0.000299,7.417417
0,0,0,0,0,0,0,0.000144,0,-0.000435,-0.000282,7.427427
0,0,0,0,0,0,0,0.00014,0,-0.000426,-0.000265,7.437437
0,0,0,0,0,0,0,0.000136,0,-0.000417,-0.000249,7.447447
0,0,0,0,0,0,0,0.000132,0,-0.000408,-0.000234,7.457457
0,0,0,0,0,0,0,0.000128,0,-0.000399,-0.000218,7.467467
0,0,0,0,0,0,0,0.000124,0,-0.000391,-0.000203,7.477477
0,0,0,0,0,0,0,0.00012,0,-0.000383,-0.000189,7.487487
0,0,0,0,0,0,0,0.000116,0,-0.000374,-0.000175,7.497497
0,0,0,0,0,0,0,0.000112,0,-0.000366,-0.000161,7.507508
0,0,0,0,0,0,0,0.000109,0,-0.000358,-0.000148,7.517518
0,0,0,0,0,0,0,0.000105,0,-0.00035,-0.000135,7.527528
0,0,0,0,0,0,0,0.000102,0,-0.000342,-0.000122,7.537538
0,0,0,0,0,0,0,9.8E-05,0,-0.000334,-0.00011,7.547548
0,0,0,0,0,0,0,9.5E-05,0,-0.000326,-9.8E-05,7.557558
0,0,0,0,0,0,0,9.2E-05,0,-0.000319,-8.7E-05,7.567568
0,0,0,0,0,0,0,8.9E-05,0,-0.000311,-7.5E-05,7.577578
0,0,0,0,0,0,0,8.6E-05,0,-0.000304,-6.5E-05,7.587588
0,0,0,0,0,0,0,8.3E-05,0,-0.000296,-5.4E-05,7.597598
0,0,0,0,0,0,0,8E-05,0,-0.000289,-4.4E-05,7.607608
0,0,0,0,0,0,0,7.7E-05,0,-0.000282,-3.4E-05,7.617618
0,0,0,0,0,0,0,7.4E-05,0,-0.000275,-2.5E-05,7.627628
0,0,0,0,0,0,0,7.1E-05,0,-0.000268,-1.5E-05,7.637638
0,0,0,0,0,0,0,6.9E-05,0,-0.000261,-6E-06,7.647648
0,0,0,0,0,0,0,6.6E-05,0,-0.000254,2E-06,7.657658
0,0,0,0,0,0,0,6.4E-05,0,-0.000247,1E-05,7.667668
0,0,0,0,0,0,0,6.1E-05,0,-0.00024,1.8E-05,7.677678
0,0,0,0,0,0,0,5.9E-05,0,-0.000234,2.6E-05,7.687688
0,0,0,0,0,0,0,5.6E-05,0,-0.000227,3.3E-05,7.697698
0,0,0,0,0,0,0,5.4E-05,0,-0.000221,4E-05,7.707708
0,0,0,0,0,0,0,5.2E-05,0,-0.000215,4.7E-05,7.717718
0,0,0,0,0,0,0,5E-05,0,-0.000208,5.4E-05,7.727728
0,0,0,0,0,0,0,4.8E-05,0,-0.000202,6E-05,7.737738
0,0,0,0,0,0,0,4.6E-05,0,-0.000196,6.6E-05,7.747748
0,0,0,0,0,0,0,4.4E-05,0,-0.00019,7.2E-05,7.757758
0,0,0,0,0,0,0,4.2E-05,0,-0.000184,7.7E-05,7.767768
0,0,0,0,0,0,0,4E-05,0,-0.000179,8.2E-05,7.777778
0,0,0,0,0,0,0,3.9E-05,0,-0.000173,8.7E-05,7.787788
0,0,0,0,0,0,0,3.7E-05,0,-0.000167,9.2E-05,7.797798
0,0,0,0,0,0,0,3.5E-05,0,-0.000162,9.6E-05,7.807808
0,0,0,0,0,0,0,3.4E-05,0,-0.000156,0.0001,7.817818
0,0,0,0,0,0,0,3.2E-05,0,-0.000151,0.000104,7.827828
0,0,0,0,0,0,0,3.1E-05,0,-0.000145,0.000108,7.837838
0,0,0,0,0,0,0,2.9E-05,0,-0.00014,0.000111,7.847848
0,0,0,0,0,0,0,2.8E-05,0,-0.000135,0.000114,7.857858
0,0,0,0,0,0,0,2.6E-05,0,-0.00013,0.000117,7.867868
0,0,0,0,0,0,0,2.5E-05,0,-0.000125,0.00012,7.877878
0,0,0,0,0,0,0,2.4E-05,0,-0.00012,0.000123,7.887888
0,0,0,0,0,0,0,2.3E-05,0,-0.000115,0.000125,7.897898
0,0,0,0,0,0,0,2.2E-05,0,-0.00011,0.000127,7.907908
0,0,0,0,0,0,0,2.1E-05,0,-0.000105,0.000129,7.917918
0,0,0,0,0,0,0,2E-05,0,-0.000101,0.00013,7.927928
0,0,0,0,0,0,0,1.9E-05,0,-9.6E-05,0.000132,7.937938
0,0,0,0,0,0,0,1.8E-05,0,-9.2E-05,0.000133,7.947948
0,0,0,0,0,0,0,1.7E-05,0,-8.7E-05,0.000134,7.957958
0,0,0,0,0,0,0,1.6E-05,0,-8.3E-05,0.000135,7.967968
0,0,0,0,0,0,0,1.5E-05,0,-7.8E-05,0.000136,7.977978
0,0,0,0,0,0,0,1.4E-05,0,-7.4E-05,0.000136,7.987988
0,0,0,0,0,0,0,1.4E-05,0,-7E-05,0.000137,7.997998
0,0,0,0,0,0,0,1.3E-05,0,-6.6E-05,0.000137,8.008008
0,0,0,0,0,0,0,1.2E-05,0,-6.2E-05,0.000137,8.018018
0,0,0,0,0,0,0,1.2E-05,0,-5.8E-05,0.000136,8.028028
0,0,0,0,0,0,0,1.1E-05,0,-5.4E-05,0.000136,8.038038
0,0,0,0,0,0,0,1.1E-05,0,-5E-05,0.000135,8.048048
0,0,0,0,0,0,0,1E-05,0,-4.6E-05,0.000135,8.058058
0,0,0,0,0,0,0,1E-05,0,-4.3E-05,0.000134,8.068068
0,0,0,0,0,0,0,9E-06,0,-3.9E-05,0.000133,8.078078
0,0,0,0,0,0,0,9E-06,0,-3.6E-05,0.000131,8.088088
0,0,0,0,0,0,0,9E-06,0,-3.2E-05,0.00013,8.098098
0,0,0,0,0,0,0,8E-06,0,-2.9E-05,0.000128,8.108108
0,0,0,0,0,0,0,8E-06,0,-2.5E-05,0.000127,8.118118
0,0,0,0,0,0,0,8E-06,0,-2.2E-05,0.000125,8.128128
0,0,0,0,0,0,0,8E-06,0,-1.9E-05,0.000123,8.138138
0,0,0,0,0,0,0,7E-06,0,-1.5E-05,0.000121,8.148148
0,0,0,0,0,0,0,7E-06,0,-1.2E-05,0.000118,8.158158
0,0,0,0,0,0,0,7E-06,0,-9E-06,0.000116,8.168168
0,0,0,0,0,0,0,7E-06,0,-6E-06,0.000113,8.178178
0,0,0,0,0,0,0,7E-06,0,-3E-06,0.000111,8.188188
0,0,0,0,0,0,0,7E-06,0,0,0.000108,8.198198
0,0,0,0,0,0,0,7E-06,0,2E-06,0.000105,8.208208
0,0,0,0,0,0,0,7E-06,0,5E-06,0.000102,8.218218
0,0,0,0,0,0,0,7E-06,0,8E-06,9.9E-05,8.228228
0,0,0,0,0,0,0,7E-06,0,1E-05,9.5E-05,8.238238
0,0,0,0,0,0,0,7E-06,0,1.3E-05,9.2E-05,8.248248
0,0,0,0,0,0,0,7E-06,0,1.5E-05,8.8E-05,8.258258
0,0,0,0,0,0,0,8E-06,0,1.8E-05,8.5E-05,8.268268
0,0,0,0,0,0,0,8E-06,0,2E-05,8.1E-05,8.278278
0,0,0,0,0,0,0,8E-06,0,2.3E-05,7.7E-05,8.288288
0,0,0,0,0,0,0,8E-06,0,2.5E-05,7.3E-05,8.298298
0,0,0,0,0,0,0,8E-06,0,2.7E-05,6.9E-05,8.308308
0,0,0,0,0,0,0,9E-06,0,2.9E-05,6.5E-05,8.318318
0,0,0,0,0,0,0,9E-06,0,3.1E-05,6E-05,8.328328
0,0,0,0,0,0,0,9E-06,0,3.3E-05,5.6E-05,8.338338
0,0,0,0,0,0,0,1E-05,0,3.5E-05,5.1E-05,8.348348
0,0,0,0,0,0,0,1E-05,0,3.7E-05,4.7E-05,8.358358
0,0,0,0,0,0,0,1E-05,0,3.9E-05,4.2E-05,8.368368
0,0,0,0,0,0,0,1.1E-05,0,4.1E-05,3.7E-05,8.378378
0,0,0,0,0,0,0,1.1E-05,0,4.3E-05,3.2E-05,8.388388
0,0,0,0,0,0,0,1.2E-05,0,4.4E-05,2.7E-05,8.398398
0,0,0,0,0,0,0,1.2E-05,0,4.6E-05,2.2E-05,8.408408
0,0,0,0,0,0,0,1.3E-05,0,4.8E-05,1.7E-05,8.418418
0,0,0,0,0,0,0,1.3E-05,0,4.9E-05,1.2E-05,8.428428
0,0,0,0,0,0,0,1.4E-05,0,5.1E-05,7E-06,8.438438
0,0,0,0,0,0,0,1.4E-05,0,5.2E-05,1E-06,8.448448
0,0,0,0,0,0,0,1.5E-05,0,5.3E-05,-4E-06,8.458458
0,0,0,0,0,0,0,1.5E-05,0,5.5E-05,-1E-05,8.468468
0,0,0,0,0,0,0,1.6E-05,0,5.6E-05,-1.6E-05,8.478478
0,0,0,0,0,0,0,1.6E-05,0,5.7E-05,-2.1E-05,8.488488
0,0,0,0,0,0,0,1.7E-05,0,5.8E-05,-2.7E-05,8.498498
0,0,0,0,0,0,0,1.7E-05,0,5.9E-05,-3.3E-05,8.508509
0,0,0,0,0,0,0,1.8E-05,0,6E-05,-3.9E-05,8.518519
0,0,0,0,0,0,0,1.9E-05,0,6.1E-05,-4.5E-05,8.528529
0,0,0,0,0,0,0,1.9E-05,0,6.2E-05,-5E-05,8.538539
0,0,0,0,0,0,0,2E-05,0,6.3E-05,-5.7E-05,8.548549
0,0,0,0,0,0,0,2.1E-05,0,6.3E-05,-6.3E-05,8.558559
0,0,0,0,0,0,0,2.1E-05,0,6.4E-05,-6.9E-05,8.568569
0,0,0,0,0,0,0,2.2E-05,0,6.5E-05,-7.5E-05,8.578579
0,0,0,0,0,0,0,2.2E-05,0,6.5E-05,-8.1E-05,8.588589
0,0,0,0,0,0,0,2.3E-05,0,6.6E-05,-8.7E-05,8.598599
0,0,0,0,0,0,0,2.4E-05,0,6.6E-05,-9.4E-05,8.608609
0,0,0,0,0,0,0,2.4E-05,0,6.6E-05,-0.0001,8.618619
0,0,0,0,0,0,0,2.5E-05,0,6.7E-05,-0.000106,8.628629
0,0,0,0,0,0,0,2.6E-05,0,6.7E-05,-0.000113,8.638639
0,0,0,0,0,0,0,2.6E-05,0,6.7E-05,-0.000119,8.648649
0,0,0,0,0,0,0,2.7E-05,0,6.7E-05,-0.000125,8.658659
0,0,0,0,0,0,0,2.8E-05,0,6.7E-05,-0.000132,8.668669
0,0,0,0,0,0,0,2.8E-05,0,6.7E-05,-0.000138,8.678679
0,0,0,0,0,0,0,2.9E-05,0,6.7E-05,-0.000144,8.688689
0,0,0,0,0,0,0,3E-05,0,6.7E-05,-0.000151,8.698699
0,0,0,0,0,0,0,3.1E-05,0,6.7E-05,-0.000157,8.708709
0,0,0,0,0,0,0,3.1E-05,0,6.7E-05,-0.000164,8.718719
0,0,0,0,0,0,0,3.2E-05,0,6.6E-05,-0.00017,8.728729
0,0,0,0,0,0,0,3.3E-05,0,6.6E-05,-0.000176,8.738739
0,0,0,0,0,0,0,3.3E-05,0,6.6E-05,-0.000183,8.748749
0,0,0,0,0,0,0,3.4E-05,0,6.5E-05,-0.000189,8.758759
0,0,0,0,0,0,0,3.4E-05,0,6.5E-05,-0.000195,8.768769
0,0,0,0,0,0,0,3.5E-05,0,6.4E-05,-0.000202,8.778779
0,0,0,0,0,0,0,3.6E-05,0,6.3E-05,-0.000208,8.788789
0,0,0,0,0,0,0,3.6E-05,0,6.2E-05,-0.000214,8.798799
0,0,0,0,0,0,0,3.7E-05,0,6.2E-05,-0.00022,8.808809
0,0,0,0,0,0,0,3.8E-05,0,6.1E-05,-0.000226,8.818819
0,0,0,0,0,0,0,3.8E-05,0,6E-05,-0.000232,8.828829
0,0,0,0,0,0,0,3.9E-05,0,5.9E-05,-0.000238,8.838839
0,0,0,0,0,0,0,3.9E-05,0,5.8E-05,-0.000244,8.848849
0,0,0,0,0,0,0,4E-05,0,5.7E-05,-0.00025,8.858859
0,0,0,0,0,0,0,4.1E-05,0,5.6E-05,-0.000255,8.868869
0,0,0,0,0,0,0,4.1E-05,0,5.4E-05,-0.000261,8.878879
0,0,0,0,0,0,0,4.2E-05,0,5.3E-05,-0.000266,8.888889
0,0,0,0,0,0,0,4.2E-05,0,5.2E-05,-0.000272,8.898899
0,0,0,0,0,0,0,4.3E-05,0,5E-05,-0.000277,8.908909
0,0,0,0,0,0,0,4.3E-05,0,4.9E-05,-0.000282,8.918919
0,0,0,0,0,0,0,4.4E-05,0,4.8E-05,-0.000287,8.928929
0,0,0,0,0,0,0,4.4E-05,0,4.6E-05,-0.000292,8.938939
0,0,0,0,0,0,0,4.5E-05,0,4.4E-05,-0.000297,8.948949
0,0,0,0,0,0,0,4.5E-05,0,4.3E-05,-0.000302,8.958959
0,0,0,0,0,0,0,4.5E-05,0,4.1E-05,-0.000306,8.968969
0,0,0,0,0,0,0,4.6E-05,0,3.9E-05,-0.000311,8.978979
0,0,0,0,0,0,0,4.6E-05,0,3.8E-05,-0.000315,8.988989
0,0,0,0,0,0,0,4.7E-05,0,3.6E-05,-0.000319,8.998999
0,0,0,0,0,0,0,4.7E-05,0,3.4E-05,-0.000323,9.009009
0,0,0,0,0,0,0,4.7E-05,0,3.2E-05,-0.000327,9.019019
0,0,0,0,0,0,0,4.8E-05,0,3E-05,-0.00033,9.029029
0,0,0,0,0,0,0,4.8E-05,0,2.8E-05,-0.000334,9.039039
0,0,0,0,0,0,0,4.8E-05,0,2.6E-05,-0.000337,9.049049
0,0,0,0,0,0,0,4.8E-05,0,2.4E-05,-0.00034,9.059059
0,0,0,0,0,0,0,4.9E-05,0,2.2E-05,-0.000343,9.069069
0,0,0,0,0,0,0,4.9E-05,0,2E-05,-0.000345,9.079079
0,0,0,0,0,0,0,4.9E-05,0,1.8E-05,-0.000348,9.089089
0,0,0,0,0,0,0,4.9E-05,0,1.5E-05,-0.00035,9.099099
0,0,0,0,0,0,0,4.9E-05,0,1.3E-05,-0.000352,9.109109
0,0,0,0,0,0,0,4.9E-05,0,1.1E-05,-0.000354,9.119119
0,0,0,0,0,0,0,5E-05,0,9E-06,-0.000356,9.129129
0,0,0,0,0,0,0,5E-05,0,6E-06,-0.000357,9.139139
0,0,0,0,0,0,0,5E-05,0,4E-06,-0.000358,9.149149
0,0,0,0,0,0,0,5E-05,0,2E-06,-0.000359,9.159159
0,0,0,0,0,0,0,5E-05,0,-1E-06,-0.00036,9.169169
0,0,0,0,0,0,0,5E-05,0,-3E-06,-0.00036,9.179179
0,0,0,0,0,0,0,5E-05,0,-5E-06,-0.00036,9.189189
0,0,0,0,0,0,0,5E-05,0,-8E-06,-0.00036,9.199199
0,0,0,0,0,0,0,4.9E-05,0,-1E-05,-0.00036,9.209209
0,0,0,0,0,0,0,4.9E-05,0,-1.2E-05,-0.00036,9.219219
0,0,0,0,0,0,0,4.9E-05,0,-1.5E-05,-0.000359,9.229229
0,0,0,0,0,0,0,4.9E-05,0,-1.7E-05,-0.000358,9.239239
0,0,0,0,0,0,0,4.9E-05,0,-1.9E-05,-0.000357,9.249249
0,0,0,0,0,0,0,4.9E-05,0,-2.2E-05,-0.000355,9.259259
0,0,0,0,0,0,0,4.8E-05,0,-2.4E-05,-0.000354,9.269269
0,0,0,0,0,0,0,4.8E-05,0,-2.6E-05,-0.000352,9.279279
0,0,0,0,0,0,0,4.8E-05,0,-2.8E-05,-0.00035,9.289289
0,0,0,0,0,0,0,4.8E-05,0,-3.1E-05,-0.000348,9.299299
0,0,0,0,0,0,0,4.7E-05,0,-3.3E-05,-0.000345,9.309309
0,0,0,0,0,0,0,4.7E-05,0,-3.5E-05,-0.000342,9.319319
0,0,0,0,0,0,0,4.7E-05,0,-3.7E-05,-0.000339,9.329329
0,0,0,0,0,0,0,4.6E-05,0,-4E-05,-0.000336,9.339339
0,0,0,0,0,0,0,4.6E-05,0,-4.2E-05,-0.000333,9.349349
0,0,0,0,0,0,0,4.5E-05,0,-4.4E-05,-0.000329,9.359359
0,0,0,0,0,0,0,4.5E-05,0,-4.6E-05,-0.000325,9.369369
0,0,0,0,0,0,0,4.4E-05,0,-4.8E-05,-0.000321,9.379379
0,0,0,0,0,0,0,4.4E-05,0,-5E-05,-0.000317,9.389389
0,0,0,0,0,0,0,4.3E-05,0,-5.2E-05,-0.000313,9.399399
0,0,0,0,0,0,0,4.3E-05,0,-5.4E-05,-0.000308,9.409409
0,0,0,0,0,0,0,4.2E-05,0,-5.6E-05,-0.000304,9.419419
0,0,0,0,0,0,0,4.2E-05,0,-5.7E-05,-0.000299,9.429429
0,0,0,0,0,0,0,4.1E-05,0,-5.9E-05,-0.000294,9.439439
0,0,0,0,0,0,0,4.1E-05,0,-6.1E-05,-0.000289,9.449449
0,0,0,0,0,0,0,4E-05,0,-6.3E-05,-0.000284,9.459459
0,0,0,0,0,0,0,3.9E-05,0,-6.4E-05,-0.000278,9.469469
0,0,0,0,0,0,0,3.9E-05,0,-6.6E-05,-0.000273,9.479479
0,0,0,0,0,0,0,3.8E-05,0,-6.8E-05,-0.000267,9.489489
0,0,0,0,0,0,0,3.7E-05,0,-6.9E-05,-0.000261,9.499499
0,0,0,0,0,0,0,3.7E-05,0,-7.1E-05,-0.000256,9.50951
0,0,0,0,0,0,0,3.6E-05,0,-7.2E-05,-0.00025,9.51952
0,0,0,0,0,0,0,3.5E-05,0,-7.3E-05,-0.000244,9.52953
0,0,0,0,0,0,0,3.5E-05,0,-7.5E-05,-0.000238,9.53954
0,0,0,0,0,0,0,3.4E-05,0,-7.6E-05,-0.000232,9.54955
0,0,0,0,0,0,0,3.3E-05,0,-7.7E-05,-0.000225,9.55956
0,0,0,0,0,0,0,3.2E-05,0,-7.8E-05,-0.000219,9.56957
0,0,0,0,0,0,0,3.1E-05,0,-7.9E-05,-0.000213,9.57958
0,0,0,0,0,0,0,3.1E-05,0,-8E-05,-0.000206,9.58959
0,0,0,0,0,0,0,3E-05,0,-8.1E-05,-0.0002,9.5996
0,0,0,0,0,0,0,2.9E-05,0,-8.2E-05,-0.000193,9.60961
0,0,0,0,0,0,0,2.8E-05,0,-8.3E-05,-0.000187,9.61962
0,0,0,0,0,0,0,2.7E-05,0,-8.4E-05,-0.00018,9.62963
0,0,0,0,0,0,0,2.6E-05,0,-8.5E-05,-0.000173,9.63964
0,0,0,0,0,0,0,2.6E-05,0,-8.6E-05,-0.000166,9.64965
0,0,0,0,0,0,0,2.5E-05,0,-8.7E-05,-0.000159,9.65966
0,0,0,0,0,0,0,2.4E-05,0,-8.7E-05,-0.000152,9.66967
0,0,0,0,0,0,0,2.3E-05,0,-8.8E-05,-0.000145,9.67968
0,0,0,0,0,0,0,2.2E-05,0,-8.8E-05,-0.000137,9.68969
0,0,0,0,0,0,0,2.1E-05,0,-8.9E-05,-0.00013,9.6997
0,0,0,0,0,0,0,2E-05,0,-8.9E-05,-0.000122,9.70971
0,0,0,0,0,0,0,1.9E-05,0,-8.9E-05,-0.000114,9.71972
0,0,0,0,0,0,0,1.9E-05,0,-9E-05,-0.000105,9.72973
0,0,0,0,0,0,0,1.8E-05,0,-9E-05,-9.6E-05,9.73974
0,0,0,0,0,0,0,1.7E-05,0,-9E-05,-8.7E-05,9.74975
0,0,0,0,0,0,0,1.6E-05,0,-9E-05,-7.7E-05,9.75976
0,0,0,0,0,0,0,1.5E-05,0,-9E-05,-6.7E-05,9.76977
0,0,0,0,0,0,0,1.4E-05,0,-8.9E-05,-5.6E-05,9.77978
0,0,0,0,0,0,0,1.3E-05,0,-8.9E-05,-4.5E-05,9.78979
0,0,0,0,0,0,0,1.2E-05,0,-8.8E-05,-3.2E-05,9.7998
0,0,0,0,0,0,0,1.1E-05,0,-8.8E-05,-1.9E-05,9.80981
0,0,0,0,0,0,0,1.1E-05,0,-8.7E-05,-5E-06,9.81982
0,0,0,0,0,0,0,1E-05,0,-8.6E-05,1E-05,9.82983
0,0,0,0,0,0,0,9E-06,0,-8.4E-05,2.6E-05,9.83984
0,0,0,0,0,0,0,8E-06,0,-8.3E-05,4.4E-05,9.84985
0,0,0,0,0,0,0,7E-06,0,-8.1E-05,6.3E-05,9.85986
0,0,0,0,0,0,0,6E-06,0,-7.9E-05,8.3E-05,9.86987
0,0,0,0,0,0,0,6E-06,0,-7.6E-05,0.000106,9.87988
0,0,0,0,0,0,0,5E-06,0,-7.3E-05,0.00013,9.88989
0,0,0,0,0,0,0,4E-06,0,-7E-05,0.000156,9.8999
0,0,0,0,0,0,0,3E-06,0,-6.6E-05,0.000184,9.90991
0,0,0,0,0,0,0,3E-06,0,-6.1E-05,0.000215,9.91992
0,0,0,0,0,0,0,2E-06,0,-5.7E-05,0.000249,9.92993
0,0,0,0,0,0,0,2E-06,0,-5.1E-05,0.000285,9.93994
0,0,0,0,0,0,0,1E-06,0,-4.5E-05,0.000325,9.94995
0,0,0,0,0,0,0,1E-06,0,-3.8E-05,0.000368,9.95996
0,0,0,0,0,0,0,0,0,-3E-05,0.000414,9.96997
0,0,0,0,0,0,0,0,0,-2.1E-05,0.000464,9.97998
0,0,0,0,0,0,0,0,0,-1.1E-05,0.000519,9.98999
0,0,0,0,0,0,0,0,0,0,0.000578,10
m_value,M_value,L_value,g_value,d_value,b_value,theta_cmd,theta_0,thetadot_cmd,theta_dot_0,F_value,t0
0,0,0,0,0,0,0,0.9,0,0,-6.435167,0
0,0,0,0,0,0,0,0.899801,0,-0.039306,-6.322401,0.01001
0,0,0,0,0,0,0,0.899221,0,-0.076389,-6.213133,0.02002
0,0,0,0,0,0,0,0.898279,0,-0.111358,-6.107222,0.03003
0,0,0,0,0,0,0,0.896998,0,-0.144314,-6.004531,0.04004
0,0,0,0,0,0,0,0.895396,0,-0.175355,-5.904932,0.05005
0,0,0,0,0,0,0,0.893493,0,-0.204575,-5.808299,0.06006
0,0,0,0,0,0,0,0.891307,0,-0.23206,-5.714513,0.07007
0,0,0,0,0,0,0,0.888853,0,-0.257898,-5.623462,0.08008
0,0,0,0,0,0,0,0.886149,0,-0.282166,-5.535036,0.09009
0,0,0,0,0,0,0,0.883209,0,-0.304944,-5.44913,0.1001
0,0,0,0,0,0,0,0.880048,0,-0.326304,-5.365644,0.11011
0,0,0,0,0,0,0,0.876681,0,-0.346316,-5.284484,0.12012
0,0,0,0,0,0,0,0.873119,0,-0.365046,-5.205556,0.13013
0,0,0,0,0,0,0,0.869377,0,-0.382559,-5.128775,0.14014
0,0,0,0,0,0,0,0.865464,0,-0.398914,-5.054055,0.15015
0,0,0,0,0,0,0,0.861394,0,-0.41417,-4.981317,0.16016
0,0,0,0,0,0,0,0.857176,0,-0.42838,-4.910484,0.17017
0,0,0,0,0,0,0,0.852821,0,-0.441599,-4.841481,0.18018
0,0,0,0,0,0,0,0.848339,0,-0.453875,-4.774239,0.19019
0,0,0,0,0,0,0,0.843738,0,-0.465256,-4.708691,0.2002
0,0,0,0,0,0,0,0.839027,0,-0.475787,-4.644771,0.21021
0,0,0,0,0,0,0,0.834215,0,-0.485512,-4.582418,0.22022
0,0,0,0,0,0,0,0.82931,0,-0.494472,-4.521572,0.23023
0,0,0,0,0,0,0,0.824318,0,-0.502705,-4.462178,0.24024
0,0,0,0,0,0,0,0.819248,0,-0.51025,-4.404181,0.25025
0,0,0,0,0,0,0,0.814105,0,-0.517142,-4.347528,0.26026
0,0,0,0,0,0,0,0.808897,0,-0.523414,-4.292171,0.27027
0,0,0,0,0,0,0,0.803628,0,-0.529099,-4.238061,0.28028
0,0,0,0,0,0,0,0.798306,0,-0.534227,-4.185154,0.29029
0,0,0,0,0,0,0,0.792935,0,-0.538828,-4.133405,0.3003
0,0,0,0,0,0,0,0.78752,0,-0.542929,-4.082773,0.31031
0,0,0,0,0,0,0,0.782067,0,-0.546558,-4.033218,0.32032
0,0,0,0,0,0,0,0.77658,0,-0.549739,-3.984702,0.33033
0,0,0,0,0,0,0,0.771063,0,-0.552495,-3.937187,0.34034
0,0,0,0,0,0,0,0.76552,0,-0.554851,-3.89064,0.35035
0,0,0,0,0,0,0,0.759956,0,-0.556828,-3.845025,0.36036
0,0,0,0,0,0,0,0.754373,0,-0.558445,-3.800312,0.37037
0,0,0,0,0,0,0,0.748777,0,-0.559724,-3.756469,0.38038
0,0,0,0,0,0,0,0.743169,0,-0.560683,-3.713466,0.39039
0,0,0,0,0,0,0,0.737553,0,-0.561339,-3.671276,0.4004
0,0,0,0,0,0,0,0.731932,0,-0.56171,-3.629872,0.41041
0,0,0,0,0,0,0,0.726308,0,-0.561812,-3.589227,0.42042
0,0,0,0,0,0,0,0.720685,0,-0.561659,-3.549316,0.43043
0,0,0,0,0,0,0,0.715065,0,-0.561267,-3.510116,0.44044
0,0,0,0,0,0,0,0.709449,0,-0.560649,-3.471604,0.45045
0,0,0,0,0,0,0,0.703841,0,-0.559818,-3.433758,0.46046
0,0,0,0,0,0,0,0.698242,0,-0.558788,-3.396557,0.47047
0,0,0,0,0,0,0,0.692655,0,-0.55757,-3.359981,0.48048
0,0,0,0,0,0,0,0.68708,0,-0.556174,-3.324011,0.49049
0,0,0,0,0,0,0,0.681521,0,-0.554613,-3.288628,0.500501
0,0,0,0,0,0,0,0.675978,0,-0.552896,-3.253814,0.510511
0,0,0,0,0,0,0,0.670452,0,-0.551032,-3.219553,0.520521
0,0,0,0,0,0,0,0.664946,0,-0.549032,-3.185829,0.530531
0,0,0,0,0,0,0,0.659461,0,-0.546904,-3.152625,0.540541
0,0,0,0,0,0,0,0.653998,0,-0.544655,-3.119927,0.550551
0,0,0,0,0,0,0,0.648557,0,-0.542295,-3.08772,0.560561
0,0,0,0,0,0,0,0.643141,0,-0.53983,-3.055991,0.570571
0,0,0,0,0,0,0,0.63775,0,-0.537268,-3.024726,0.580581
0,0,0,0,0,0,0,0.632385,0,-0.534615,-2.993913,0.590591
0,0,0,0,0,0,0,0.627048,0,-0.531878,-2.963539,0.600601
0,0,0,0,0,0,0,0.621738,0,-0.529063,-2.933593,0.610611
0,0,0,0,0,0,0,0.616456,0,-0.526175,-2.904063,0.620621
0,0,0,0,0,0,0,0.611204,0,-0.52322,-2.87494,0.630631
0,0,0,0,0,0,0,0.605981,0,-0.520204,-2.846212,0.640641
0,0,0,0,0,0,0,0.600789,0,-0.51713,-2.817869,0.650651
0,0,0,0,0,0,0,0.595629,0,-0.514004,-2.789902,0.660661
0,0,0,0,0,0,0,0.590499,0,-0.510831,-2.762302,0.670671
0,0,0,0,0,0,0,0.585402,0,-0.507614,-2.735059,0.680681
0,0,0,0,0,0,0,0.580337,0,-0.504357,-2.708166,0.690691
0,0,0,0,0,0,0,0.575305,0,-0.501064,-2.681614,0.700701
0,0,0,0,0,0,0,0.570306,0,-0.497739,-2.655395,0.710711
0,0,0,0,0,0,0,0.56534,0,-0.494385,-2.629502,0.720721
0,0,0,0,0,0,0,0.560408,0,-0.491005,-2.603928,0.730731
0,0,0,0,0,0,0,0.55551,0,-0.487602,-2.578664,0.740741
0,0,0,0,0,0,0,0.550646,0,-0.484179,-2.553706,0.750751
0,0,0,0,0,0,0,0.545817,0,-0.480739,-2.529046,0.760761
0,0,0,0,0,0,0,0.541022,0,-0.477284,-2.504677,0.770771
0,0,0,0,0,0,0,0.536262,0,-0.473817,-2.480594,0.780781
0,0,0,0,0,0,0,0.531536,0,-0.47034,-2.456792,0.790791
0,0,0,0,0,0,0,0.526846,0,-0.466854,-2.433263,0.800801
0,0,0,0,0,0,0,0.52219,0,-0.463363,-2.410004,0.810811
0,0,0,0,0,0,0,0.517569,0,-0.459868,-2.387009,0.820821
0,0,0,0,0,0,0,0.512983,0,-0.45637,-2.364272,0.830831
0,0,0,0,0,0,0,0.508433,0,-0.452872,-2.341789,0.840841
0,0,0,0,0,0,0,0.503917,0,-0.449375,-2.319555,0.850851
0,0,0,0,0,0,0,0.499436,0,-0.445881,-2.297565,0.860861
0,0,0,0,0,0,0,0.49499,0,-0.44239,-2.275816,0.870871
0,0,0,0,0,0,0,0.490579,0,-0.438905,-2.254303,0.880881
0,0,0,0,0,0,0,0.486203,0,-0.435426,-2.233021,0.890891
0,0,0,0,0,0,0,0.481862,0,-0.431955,-2.211968,0.900901
0,0,0,0,0,0,0,0.477556,0,-0.428493,-2.191138,0.910911
0,0,0,0,0,0,0,0.473284,0,-0.425041,-2.170529,0.920921
0,0,0,0,0,0,0,0.469046,0,-0.421599,-2.150136,0.930931
0,0,0,0,0,0,0,0.464843,0,-0.41817,-2.129956,0.940941
0,0,0,0,0,0,0,0.460674,0,-0.414753,-2.109986,0.950951
0,0,0,0,0,0,0,0.45654,0,-0.411349,-2.090223,0.960961
0,0,0,0,0,0,0,0.452439,0,-0.407959,-2.070663,0.970971
0,0,0,0,0,0,0,0.448372,0,-0.404584,-2.051303,0.980981
0,0,0,0,0,0,0,0.444339,0,-0.401225,-2.03214,0.990991
0,0,0,0,0,0,0,0.44034,0,-0.397882,-2.013171,1.001001
0,0,0,0,0,0,0,0.436374,0,-0.394555,-1.994394,1.011011
0,0,0,0,0,0,0,0.432441,0,-0.391245,-1.975806,1.021021
0,0,0,0,0,0,0,0.428541,0,-0.387953,-1.957403,1.031031
0,0,0,0,0,0,0,0.424674,0,-0.384679,-1.939184,1.041041
0,0,0,0,0,0,0,0.420839,0,-0.381424,-1.921146,1.051051
0,0,0,0,0,0,0,0.417038,0,-0.378187,-1.903286,1.061061
0,0,0,0,0,0,0,0.413268,0,-0.37497,-1.885602,1.071071
0,0,0,0,0,0,0,0.409531,0,-0.371772,-1.868092,1.081081
0,0,0,0,0,0,0,0.405825,0,-0.368594,-1.850753,1.091091
0,0,0,0,0,0,0,0.402151,0,-0.365436,-1.833583,1.101101
0,0,0,0,0,0,0,0.398509,0,-0.362298,-1.81658,1.111111
0,0,0,0,0,0,0,0.394898,0,-0.359181,-1.799742,1.121121
0,0,0,0,0,0,0,0.391318,0,-0.356084,-1.783066,1.131131
0,0,0,0,0,0,0,0.387769,0,-0.353008,-1.766551,1.141141
0,0,0,0,0,0,0,0.384251,0,-0.349954,-1.750195,1.151151
0,0,0,0,0,0,0,0.380763,0,-0.34692,-1.733996,1.161161
0,0,0,0,0,0,0,0.377305,0,-0.343908,-1.717952,1.171171
0,0,0,0,0,0,0,0.373878,0,-0.340917,-1.702061,1.181181
0,0,0,0,0,0,0,0.37048,0,-0.337948,-1.686321,1.191191
0,0,0,0,0,0,0,0.367112,0,-0.335,-1.670731,1.201201
0,0,0,0,0,0,0,0.363773,0,-0.332074,-1.655288,1.211211
0,0,0,0,0,0,0,0.360464,0,-0.329169,-1.639992,1.221221
0,0,0,0,0,0,0,0.357183,0,-0.326286,-1.62484,1.231231
0,0,0,0,0,0,0,0.353932,0,-0.323425,-1.60983,1.241241
0,0,0,0,0,0,0,0.350708,0,-0.320585,-1.594962,1.251251
0,0,0,0,0,0,0,0.347513,0,-0.317768,-1.580234,1.261261
0,0,0,0,0,0,0,0.344347,0,-0.314971,-1.565643,1.271271
0,0,0,0,0,0,0,0.341208,0,-0.312197,-1.55119,1.281281
0,0,0,0,0,0,0,0.338096,0,-0.309444,-1.536871,1.291291
0,0,0,0,0,0,0,0.335012,0,-0.306713,-1.522686,1.301301
0,0,0,0,0,0,0,0.331956,0,-0.304003,-1.508633,1.311311
0,0,0,0,0,0,0,0.328926,0,-0.301315,-1.494712,1.321321
0,0,0,0,0,0,0,0.325923,0,-0.298648,-1.480919,1.331331
0,0,0,0,0,0,0,0.322947,0,-0.296003,-1.467255,1.341341
0,0,0,0,0,0,0,0.319997,0,-0.293379,-1.453717,1.351351
0,0,0,0,0,0,0,0.317074,0,-0.290776,-1.440305,1.361361
0,0,0,0,0,0,0,0.314176,0,-0.288195,-1.427017,1.371371
0,0,0,0,0,0,0,0.311304,0,-0.285634,-1.413852,1.381381
0,0,0,0,0,0,0,0.308458,0,-0.283094,-1.400809,1.391391
0,0,0,0,0,0,0,0.305636,0,-0.280576,-1.387886,1.401401
0,0,0,0,0,0,0,0.30284,0,-0.278078,-1.375082,1.411411
0,0,0,0,0,0,0,0.300069,0,-0.275601,-1.362396,1.421421
0,0,0,0,0,0,0,0.297323,0,-0.273144,-1.349827,1.431431
0,0,0,0,0,0,0,0.294601,0,-0.270708,-1.337374,1.441441
0,0,0,0,0,0,0,0.291903,0,-0.268292,-1.325035,1.451451
0,0,0,0,0,0,0,0.289229,0,-0.265896,-1.31281,1.461461
0,0,0,0,0,0,0,0.28658,0,-0.263521,-1.300697,1.471471
0,0,0,0,0,0,0,0.283954,0,-0.261165,-1.288695,1.481481
0,0,0,0,0,0,0,0.281351,0,-0.25883,-1.276803,1.491491
0,0,0,0,0,0,0,0.278772,0,-0.256514,-1.26502,1.501502
0,0,0,0,0,0,0,0.276216,0,-0.254218,-1.253345,1.511512
0,0,0,0,0,0,0,0.273682,0,-0.251941,-1.241778,1.521522
0,0,0,0,0,0,0,0.271172,0,-0.249684,-1.230316,1.531532
0,0,0,0,0,0,0,0.268684,0,-0.247446,-1.218959,1.541542
0,0,0,0,0,0,0,0.266218,0,-0.245227,-1.207706,1.551552
0,0,0,0,0,0,0,0.263774,0,-0.243028,-1.196556,1.561562
0,0,0,0,0,0,0,0.261352,0,-0.240847,-1.185508,1.571572
0,0,0,0,0,0,0,0.258952,0,-0.238685,-1.174561,1.581582
0,0,0,0,0,0,0,0.256574,0,-0.236541,-1.163713,1.591592
0,0,0,0,0,0,0,0.254217,0,-0.234416,-1.152965,1.601602
0,0,0,0,0,0,0,0.251881,0,-0.232309,-1.142316,1.611612
0,0,0,0,0,0,0,0.249566,0,-0.230221,-1.131763,1.621622
0,0,0,0,0,0,0,0.247272,0,-0.22815,-1.121307,1.631632
0,0,0,0,0,0,0,0.244998,0,-0.226098,-1.110946,1.641642
0,0,0,0,0,0,0,0.242745,0,-0.224063,-1.100679,1.651652
0,0,0,0,0,0,0,0.240512,0,-0.222046,-1.090507,1.661662
0,0,0,0,0,0,0,0.2383,0,-0.220047,-1.080427,1.671672
0,0,0,0,0,0,0,0.236107,0,-0.218065,-1.070439,1.681682
0,0,0,0,0,0,0,0.233934,0,-0.2161,-1.060542,1.691692
0,0,0,0,0,0,0,0.231781,0,-0.214152,-1.050735,1.701702
0,0,0,0,0,0,0,0.229647,0,-0.212222,-1.041018,1.711712
0,0,0,0,0,0,0,0.227532,0,-0.210308,-1.031389,1.721722
0,0,0,0,0,0,0,0.225436,0,-0.208411,-1.021848,1.731732
0,0,0,0,0,0,0,0.223359,0,-0.206531,-1.012394,1.741742
0,0,0,0,0,0,0,0.221301,0,-0.204667,-1.003027,1.751752
0,0,0,0,0,0,0,0.219262,0,-0.202819,-0.993744,1.761762
0,0,0,0,0,0,0,0.217241,0,-0.200988,-0.984546,1.771772
0,0,0,0,0,0,0,0.215238,0,-0.199173,-0.975432,1.781782
0,0,0,0,0,0,0,0.213253,0,-0.197374,-0.966402,1.791792
0,0,0,0,0,0,0,0.211287,0,-0.19559,-0.957453,1.801802
0,0,0,0,0,0,0,0.209338,0,-0.193823,-0.948586,1.811812
0,0,0,0,0,0,0,0.207406,0,-0.192071,-0.939799,1.821822
0,0,0,0,0,0,0,0.205492,0,-0.190334,-0.931093,1.831832
0,0,0,0,0,0,0,0.203596,0,-0.188613,-0.922466,1.841842
0,0,0,0,0,0,0,0.201716,0,-0.186906,-0.913918,1.851852
0,0,0,0,0,0,0,0.199854,0,-0.185215,-0.905447,1.861862
0,0,0,0,0,0,0,0.198008,0,-0.183539,-0.897054,1.871872
0,0,0,0,0,0,0,0.196179,0,-0.181878,-0.888737,1.881882
0,0,0,0,0,0,0,0.194367,0,-0.180231,-0.880497,1.891892
0,0,0,0,0,0,0,0.192571,0,-0.178599,-0.872331,1.901902
0,0,0,0,0,0,0,0.190791,0,-0.176982,-0.864239,1.911912
0,0,0,0,0,0,0,0.189028,0,-0.175378,-0.856222,1.921922
0,0,0,0,0,0,0,0.18728,0,-0.173789,-0.848277,1.931932
0,0,0,0,0,0,0,0.185548,0,-0.172214,-0.840405,1.941942
0,0,0,0,0,0,0,0.183832,0,-0.170653,-0.832604,1.951952
0,0,0,0,0,0,0,0.182132,0,-0.169106,-0.824875,1.961962
0,0,0,0,0,0,0,0.180447,0,-0.167573,-0.817216,1.971972
0,0,0,0,0,0,0,0.178777,0,-0.166053,-0.809627,1.981982
0,0,0,0,0,0,0,0.177122,0,-0.164547,-0.802108,1.991992
0,0,0,0,0,0,0,0.175483,0,-0.163054,-0.794656,2.002002
0,0,0,0,0,0,0,0.173858,0,-0.161574,-0.787273,2.012012
0,0,0,0,0,0,0,0.172248,0,-0.160107,-0.779957,2.022022
0,0,0,0,0,0,0,0.170653,0,-0.158654,-0.772708,2.032032
0,0,0,0,0,0,0,0.169072,0,-0.157214,-0.765525,2.042042
0,0,0,0,0,0,0,0.167505,0,-0.155786,-0.758408,2.052052
0,0,0,0,0,0,0,0.165953,0,-0.154371,-0.751355,2.062062
0,0,0,0,0,0,0,0.164415,0,-0.152969,-0.744367,2.072072
0,0,0,0,0,0,0,0.16289,0,-0.151579,-0.737442,2.082082
0,0,0,0,0,0,0,0.16138,0,-0.150201,-0.730581,2.092092
0,0,0,0,0,0,0,0.159883,0,-0.148836,-0.723783,2.102102
0,0,0,0,0,0,0,0.1584,0,-0.147483,-0.717046,2.112112
0,0,0,0,0,0,0,0.156931,0,-0.146142,-0.710371,2.122122
0,0,0,0,0,0,0,0.155474,0,-0.144813,-0.703757,2.132132
0,0,0,0,0,0,0,0.154031,0,-0.143496,-0.697204,2.142142
0,0,0,0,0,0,0,0.152602,0,-0.142191,-0.69071,2.152152
0,0,0,0,0,0,0,0.151185,0,-0.140897,-0.684276,2.162162
0,0,0,0,0,0,0,0.149781,0,-0.139615,-0.6779,2.172172
0,0,0,0,0,0,0,0.14839,0,-0.138344,-0.671582,2.182182
0,0,0,0,0,0,0,0.147011,0,-0.137085,-0.665323,2.192192
0,0,0,0,0,0,0,0.145645,0,-0.135837,-0.65912,2.202202
0,0,0,0,0,0,0,0.144292,0,-0.1346,-0.652975,2.212212
0,0,0,0,0,0,0,0.14295,0,-0.133374,-0.646885,2.222222
0,0,0,0,0,0,0,0.141621,0,-0.132159,-0.640851,2.232232
0,0,0,0,0,0,0,0.140304,0,-0.130955,-0.634872,2.242242
0,0,0,0,0,0,0,0.139,0,-0.129762,-0.628948,2.252252
0,0,0,0,0,0,0,0.137707,0,-0.12858,-0.623079,2.262262
0,0,0,0,0,0,0,0.136425,0,-0.127408,-0.617262,2.272272
0,0,0,0,0,0,0,0.135156,0,-0.126246,-0.611499,2.282282
0,0,0,0,0,0,0,0.133898,0,-0.125095,-0.605789,2.292292
0,0,0,0,0,0,0,0.132651,0,-0.123954,-0.600131,2.302302
0,0,0,0,0,0,0,0.131416,0,-0.122824,-0.594525,2.312312
0,0,0,0,0,0,0,0.130192,0,-0.121704,-0.58897,2.322322
0,0,0,0,0,0,0,0.12898,0,-0.120593,-0.583466,2.332332
0,0,0,0,0,0,0,0.127778,0,-0.119493,-0.578012,2.342342
0,0,0,0,0,0,0,0.126587,0,-0.118403,-0.572609,2.352352
0,0,0,0,0,0,0,0.125408,0,-0.117322,-0.567255,2.362362
0,0,0,0,0,0,0,0.124239,0,-0.116251,-0.561949,2.372372
0,0,0,0,0,0,0,0.12308,0,-0.11519,-0.556693,2.382382
0,0,0,0,0,0,0,0.121933,0,-0.114138,-0.551484,2.392392
0,0,0,0,0,0,0,0.120795,0,-0.113095,-0.546324,2.402402
0,0,0,0,0,0,0,0.119668,0,-0.112062,-0.54121,2.412412
0,0,0,0,0,0,0,0.118552,0,-0.111039,-0.536144,2.422422
0,0,0,0,0,0,0,0.117445,0,-0.110024,-0.531124,2.432432
0,0,0,0,0,0,0,0.116349,0,-0.109019,-0.52615,2.442442
0,0,0,0,0,0,0,0.115263,0,-0.108022,-0.521221,2.452452
0,0,0,0,0,0,0,0.114186,0,-0.107035,-0.516338,2.462462
0,0,0,0,0,0,0,0.11312,0,-0.106057,-0.511499,2.472472
0,0,0,0,0,0,0,0.112063,0,-0.105087,-0.506705,2.482482
0,0,0,0,0,0,0,0.111016,0,-0.104126,-0.501955,2.492492
0,0,0,0,0,0,0,0.109978,0,-0.103174,-0.497249,2.502503
0,0,0,0,0,0,0,0.10895,0,-0.10223,-0.492585,2.512513
0,0,0,0,0,0,0,0.107932,0,-0.101295,-0.487965,2.522523
0,0,0,0,0,0,0,0.106922,0,-0.100368,-0.483387,2.532533
0,0,0,0,0,0,0,0.105922,0,-0.099449,-0.478851,2.542543
0,0,0,0,0,0,0,0.104931,0,-0.098539,-0.474356,2.552553
0,0,0,0,0,0,0,0.10395,0,-0.097637,-0.469903,2.562563
0,0,0,0,0,0,0,0.102977,0,-0.096743,-0.46549,2.572573
0,0,0,0,0,0,0,0.102013,0,-0.095857,-0.461119,2.582583
0,0,0,0,0,0,0,0.101058,0,-0.094979,-0.456787,2.592593
0,0,0,0,0,0,0,0.100111,0,-0.09411,-0.452495,2.602603
0,0,0,0,0,0,0,0.099174,0,-0.093247,-0.448243,2.612613
0,0,0,0,0,0,0,0.098244,0,-0.092393,-0.444029,2.622623
0,0,0,0,0,0,0,0.097324,0,-0.091547,-0.439855,2.632633
0,0,0,0,0,0,0,0.096412,0,-0.090708,-0.435719,2.642643
0,0,0,0,0,0,0,0.095508,0,-0.089876,-0.43162,2.652653
0,0,0,0,0,0,0,0.094612,0,-0.089052,-0.42756,2.662663
0,0,0,0,0,0,0,0.093725,0,-0.088236,-0.423537,2.672673
0,0,0,0,0,0,0,0.092846,0,-0.087427,-0.41955,2.682683
0,0,0,0,0,0,0,0.091975,0,-0.086625,-0.415601,2.692693
0,0,0,0,0,0,0,0.091111,0,-0.085831,-0.411688,2.702703
0,0,0,0,0,0,0,0.090256,0,-0.085043,-0.40781,2.712713
0,0,0,0,0,0,0,0.089409,0,-0.084263,-0.403969,2.722723
0,0,0,0,0,0,0,0.088569,0,-0.08349,-0.400163,2.732733
0,0,0,0,0,0,0,0.087737,0,-0.082724,-0.396392,2.742743
0,0,0,0,0,0,0,0.086913,0,-0.081965,-0.392655,2.752753
0,0,0,0,0,0,0,0.086096,0,-0.081212,-0.388953,2.762763
0,0,0,0,0,0,0,0.085287,0,-0.080467,-0.385285,2.772773
0,0,0,0,0,0,0,0.084485,0,-0.079728,-0.381651,2.782783
0,0,0,0,0,0,0,0.083691,0,-0.078996,-0.37805,2.792793
0,0,0,0,0,0,0,0.082904,0,-0.07827,-0.374483,2.802803
0,0,0,0,0,0,0,0.082124,0,-0.077551,-0.370948,2.812813
0,0,0,0,0,0,0,0.081351,0,-0.076839,-0.367446,2.822823
0,0,0,0,0,0,0,0.080586,0,-0.076133,-0.363976,2.832833
0,0,0,0,0,0,0,0.079827,0,-0.075433,-0.360538,2.842843
0,0,0,0,0,0,0,0.079076,0,-0.07474,-0.357132,2.852853
0,0,0,0,0,0,0,0.078331,0,-0.074053,-0.353757,2.862863
0,0,0,0,0,0,0,0.077593,0,-0.073372,-0.350413,2.872873
0,0,0,0,0,0,0,0.076862,0,-0.072698,-0.3471,2.882883
0,0,0,0,0,0,0,0.076138,0,-0.072029,-0.343818,2.892893
0,0,0,0,0,0,0,0.07542,0,-0.071367,-0.340566,2.902903
0,0,0,0,0,0,0,0.074709,0,-0.07071,-0.337344,2.912913
0,0,0,0,0,0,0,0.074004,0,-0.07006,-0.334151,2.922923
0,0,0,0,0,0,0,0.073306,0,-0.069415,-0.330988,2.932933
0,0,0,0,0,0,0,0.072615,0,-0.068776,-0.327855,2.942943
0,0,0,0,0,0,0,0.071929,0,-0.068144,-0.32475,2.952953
0,0,0,0,0,0,0,0.07125,0,-0.067516,-0.321674,2.962963
0,0,0,0,0,0,0,0.070578,0,-0.066895,-0.318626,2.972973
0,0,0,0,0,0,0,0.069911,0,-0.066279,-0.315606,2.982983
0,0,0,0,0,0,0,0.069251,0,-0.065669,-0.312614,2.992993
0,0,0,0,0,0,0,0.068596,0,-0.065064,-0.30965,3.003003
0,0,0,0,0,0,0,0.067948,0,-0.064465,-0.306714,3.013013
0,0,0,0,0,0,0,0.067306,0,-0.063871,-0.303804,3.023023
0,0,0,0,0,0,0,0.066669,0,-0.063283,-0.300921,3.033033
0,0,0,0,0,0,0,0.066039,0,-0.0627,-0.298065,3.043043
0,0,0,0,0,0,0,0.065414,0,-0.062122,-0.295235,3.053053
0,0,0,0,0,0,0,0.064795,0,-0.061549,-0.292432,3.063063
0,0,0,0,0,0,0,0.064182,0,-0.060982,-0.289654,3.073073
0,0,0,0,0,0,0,0.063574,0,-0.06042,-0.286902,3.083083
0,0,0,0,0,0,0,0.062972,0,-0.059863,-0.284175,3.093093
0,0,0,0,0,0,0,0.062376,0,-0.059311,-0.281474,3.103103
0,0,0,0,0,0,0,0.061785,0,-0.058764,-0.278797,3.113113
0,0,0,0,0,0,0,0.061199,0,-0.058222,-0.276146,3.123123
0,0,0,0,0,0,0,0.060619,0,-0.057685,-0.273518,3.133133
0,0,0,0,0,0,0,0.060044,0,-0.057153,-0.270916,3.143143
0,0,0,0,0,0,0,0.059475,0,-0.056626,-0.268337,3.153153
0,0,0,0,0,0,0,0.058911,0,-0.056103,-0.265782,3.163163
0,0,0,0,0,0,0,0.058352,0,-0.055585,-0.263251,3.173173
0,0,0,0,0,0,0,0.057798,0,-0.055072,-0.260743,3.183183
0,0,0,0,0,0,0,0.057249,0,-0.054564,-0.258258,3.193193
0,0,0,0,0,0,0,0.056705,0,-0.05406,-0.255796,3.203203
0,0,0,0,0,0,0,0.056167,0,-0.053561,-0.253357,3.213213
0,0,0,0,0,0,0,0.055633,0,-0.053066,-0.250941,3.223223
0,0,0,0,0,0,0,0.055104,0,-0.052576,-0.248547,3.233233
0,0,0,0,0,0,0,0.054581,0,-0.052091,-0.246175,3.243243
0,0,0,0,0,0,0,0.054062,0,-0.051609,-0.243826,3.253253
0,0,0,0,0,0,0,0.053547,0,-0.051133,-0.241498,3.263263
0,0,0,0,0,0,0,0.053038,0,-0.05066,-0.239191,3.273273
0,0,0,0,0,0,0,0.052533,0,-0.050192,-0.236906,3.283283
0,0,0,0,0,0,0,0.052033,0,-0.049728,-0.234642,3.293293
0,0,0,0,0,0,0,0.051538,0,-0.049268,-0.232399,3.303303
0,0,0,0,0,0,0,0.051047,0,-0.048813,-0.230177,3.313313
0,0,0,0,0,0,0,0.05056,0,-0.048362,-0.227975,3.323323
0,0,0,0,0,0,0,0.050078,0,-0.047914,-0.225794,3.333333
0,0,0,0,0,0,0,0.049601,0,-0.047471,-0.223633,3.343343
0,0,0,0,0,0,0,0.049128,0,-0.047032,-0.221492,3.353353
0,0,0,0,0,0,0,0.048659,0,-0.046597,-0.219371,3.363363
0,0,0,0,0,0,0,0.048195,0,-0.046166,-0.21727,3.373373
0,0,0,0,0,0,0,0.047735,0,-0.045739,-0.215188,3.383383
0,0,0,0,0,0,0,0.047279,0,-0.045315,-0.213125,3.393393
0,0,0,0,0,0,0,0.046828,0,-0.044896,-0.211082,3.403403
0,0,0,0,0,0,0,0.046381,0,-0.04448,-0.209057,3.413413
0,0,0,0,0,0,0,0.045937,0,-0.044069,-0.207052,3.423423
0,0,0,0,0,0,0,0.045498,0,-0.043661,-0.205065,3.433433
0,0,0,0,0,0,0,0.045063,0,-0.043256,-0.203096,3.443443
0,0,0,0,0,0,0,0.044632,0,-0.042856,-0.201146,3.453453
0,0,0,0,0,0,0,0.044205,0,-0.042459,-0.199213,3.463463
0,0,0,0,0,0,0,0.043782,0,-0.042065,-0.197299,3.473473
0,0,0,0,0,0,0,0.043363,0,-0.041676,-0.195402,3.483483
0,0,0,0,0,0,0,0.042948,0,-0.04129,-0.193523,3.493493
0,0,0,0,0,0,0,0.042537,0,-0.040907,-0.191662,3.503504
0,0,0,0,0,0,0,0.042129,0,-0.040528,-0.189818,3.513514
0,0,0,0,0,0,0,0.041725,0,-0.040152,-0.187991,3.523524
0,0,0,0,0,0,0,0.041325,0,-0.03978,-0.186181,3.533534
0,0,0,0,0,0,0,0.040929,0,-0.039411,-0.184387,3.543544
0,0,0,0,0,0,0,0.040536,0,-0.039046,-0.182611,3.553554
0,0,0,0,0,0,0,0.040147,0,-0.038683,-0.180851,3.563564
0,0,0,0,0,0,0,0.039762,0,-0.038325,-0.179107,3.573574
0,0,0,0,0,0,0,0.03938,0,-0.037969,-0.177379,3.583584
0,0,0,0,0,0,0,0.039001,0,-0.037617,-0.175668,3.593594
0,0,0,0,0,0,0,0.038627,0,-0.037268,-0.173972,3.603604
0,0,0,0,0,0,0,0.038255,0,-0.036922,-0.172293,3.613614
0,0,0,0,0,0,0,0.037888,0,-0.036579,-0.170629,3.623624
0,0,0,0,0,0,0,0.037523,0,-0.03624,-0.16898,3.633634
0,0,0,0,0,0,0,0.037162,0,-0.035903,-0.167347,3.643644
0,0,0,0,0,0,0,0.036804,0,-0.03557,-0.165728,3.653654
0,0,0,0,0,0,0,0.03645,0,-0.03524,-0.164125,3.663664
0,0,0,0,0,0,0,0.036099,0,-0.034912,-0.162537,3.673674
0,0,0,0,0,0,0,0.035751,0,-0.034588,-0.160964,3.683684
0,0,0,0,0,0,0,0.035406,0,-0.034267,-0.159405,3.693694
0,0,0,0,0,0,0,0.035065,0,-0.033948,-0.157861,3.703704
0,0,0,0,0,0,0,0.034727,0,-0.033633,-0.156331,3.713714
0,0,0,0,0,0,0,0.034392,0,-0.03332,-0.154816,3.723724
0,0,0,0,0,0,0,0.03406,0,-0.033011,-0.153314,3.733734
0,0,0,0,0,0,0,0.033731,0,-0.032704,-0.151827,3.743744
0,0,0,0,0,0,0,0.033405,0,-0.0324,-0.150353,3.753754
0,0,0,0,0,0,0,0.033082,0,-0.032098,-0.148893,3.763764
0,0,0,0,0,0,0,0.032762,0,-0.0318,-0.147447,3.773774
0,0,0,0,0,0,0,0.032445,0,-0.031504,-0.146014,3.783784
0,0,0,0,0,0,0,0.032131,0,-0.031211,-0.144595,3.793794
0,0,0,0,0,0,0,0.03182,0,-0.030921,-0.143189,3.803804
0,0,0,0,0,0,0,0.031512,0,-0.030633,-0.141796,3.813814
0,0,0,0,0,0,0,0.031207,0,-0.030348,-0.140415,3.823824
0,0,0,0,0,0,0,0.030905,0,-0.030066,-0.139048,3.833834
0,0,0,0,0,0,0,0.030605,0,-0.029786,-0.137694,3.843844
0,0,0,0,0,0,0,0.030309,0,-0.029508,-0.136352,3.853854
0,0,0,0,0,0,0,0.030015,0,-0.029234,-0.135023,3.863864
0,0,0,0,0,0,0,0.029723,0,-0.028961,-0.133706,3.873874
0,0,0,0,0,0,0,0.029435,0,-0.028692,-0.132401,3.883884
0,0,0,0,0,0,0,0.029149,0,-0.028425,-0.131109,3.893894
0,0,0,0,0,0,0,0.028866,0,-0.02816,-0.129828,3.903904
0,0,0,0,0,0,0,0.028585,0,-0.027897,-0.12856,3.913914
0,0,0,0,0,0,0,0.028307,0,-0.027637,-0.127303,3.923924
0,0,0,0,0,0,0,0.028032,0,-0.02738,-0.126058,3.933934
0,0,0,0,0,0,0,0.027759,0,-0.027125,-0.124825,3.943944
0,0,0,0,0,0,0,0.027489,0,-0.026872,-0.123604,3.953954
0,0,0,0,0,0,0,0.027221,0,-0.026621,-0.122393,3.963964
0,0,0,0,0,0,0,0.026956,0,-0.026373,-0.121194,3.973974
0,0,0,0,0,0,0,0.026693,0,-0.026127,-0.120007,3.983984
0,0,0,0,0,0,0,0.026433,0,-0.025883,-0.11883,3.993994
0,0,0,0,0,0,0,0.026175,0,-0.025642,-0.117664,4.004004
0,0,0,0,0,0,0,0.025919,0,-0.025403,-0.116509,4.014014
0,0,0,0,0,0,0,0.025666,0,-0.025166,-0.115365,4.024024
0,0,0,0,0,0,0,0.025415,0,-0.024931,-0.114232,4.034034
0,0,0,0,0,0,0,0.025167,0,-0.024698,-0.11311,4.044044
0,0,0,0,0,0,0,0.024921,0,-0.024467,-0.111997,4.054054
0,0,0,0,0,0,0,0.024677,0,-0.024239,-0.110896,4.064064
0,0,0,0,0,0,0,0.024436,0,-0.024013,-0.109804,4.074074
0,0,0,0,0,0,0,0.024197,0,-0.023788,-0.108723,4.084084
0,0,0,0,0,0,0,0.02396,0,-0.023566,-0.107652,4.094094
0,0,0,0,0,0,0,0.023725,0,-0.023346,-0.106591,4.104104
0,0,0,0,0,0,0,0.023492,0,-0.023128,-0.105539,4.114114
0,0,0,0,0,0,0,0.023262,0,-0.022912,-0.104498,4.124124
0,0,0,0,0,0,0,0.023033,0,-0.022698,-0.103467,4.134134
0,0,0,0,0,0,0,0.022807,0,-0.022485,-0.102445,4.144144
0,0,0,0,0,0,0,0.022583,0,-0.022275,-0.101432,4.154154
0,0,0,0,0,0,0,0.022361,0,-0.022067,-0.100429,4.164164
0,0,0,0,0,0,0,0.022141,0,-0.021861,-0.099436,4.174174
0,0,0,0,0,0,0,0.021924,0,-0.021656,-0.098452,4.184184
0,0,0,0,0,0,0,0.021708,0,-0.021454,-0.097477,4.194194
0,0,0,0,0,0,0,0.021494,0,-0.021253,-0.096511,4.204204
0,0,0,0,0,0,0,0.021282,0,-0.021054,-0.095554,4.214214
0,0,0,0,0,0,0,0.021073,0,-0.020857,-0.094607,4.224224
0,0,0,0,0,0,0,0.020865,0,-0.020662,-0.093668,4.234234
0,0,0,0,0,0,0,0.020659,0,-0.020468,-0.092738,4.244244
0,0,0,0,0,0,0,0.020455,0,-0.020277,-0.091816,4.254254
0,0,0,0,0,0,0,0.020253,0,-0.020087,-0.090904,4.264264
0,0,0,0,0,0,0,0.020053,0,-0.019898,-0.09,4.274274
0,0,0,0,0,0,0,0.019855,0,-0.019712,-0.089104,4.284284
0,0,0,0,0,0,0,0.019658,0,-0.019527,-0.088217,4.294294
0,0,0,0,0,0,0,0.019464,0,-0.019344,-0.087338,4.304304
0,0,0,0,0,0,0,0.019271,0,-0.019163,-0.086467,4.314314
0,0,0,0,0,0,0,0.01908,0,-0.018983,-0.085605,4.324324
0,0,0,0,0,0,0,0.018891,0,-0.018805,-0.08475,4.334334
0,0,0,0,0,0,0,0.018704,0,-0.018629,-0.083904,4.344344
0,0,0,0,0,0,0,0.018518,0,-0.018454,-0.083066,4.354354
0,0,0,0,0,0,0,0.018334,0,-0.018281,-0.082235,4.364364
0,0,0,0,0,0,0,0.018152,0,-0.01811,-0.081412,4.374374
0,0,0,0,0,0,0,0.017972,0,-0.01794,-0.080597,4.384384
0,0,0,0,0,0,0,0.017793,0,-0.017771,-0.07979,4.394394
0,0,0,0,0,0,0,0.017616,0,-0.017604,-0.07899,4.404404
0,0,0,0,0,0,0,0.01744,0,-0.017439,-0.078198,4.414414
0,0,0,0,0,0,0,0.017267,0,-0.017275,-0.077413,4.424424
0,0,0,0,0,0,0,0.017095,0,-0.017113,-0.076636,4.434434
0,0,0,0,0,0,0,0.016924,0,-0.016952,-0.075866,4.444444
0,0,0,0,0,0,0,0.016755,0,-0.016793,-0.075103,4.454454
0,0,0,0,0,0,0,0.016588,0,-0.016635,-0.074348,4.464464
0,0,0,0,0,0,0,0.016422,0,-0.016479,-0.073599,4.474474
0,0,0,0,0,0,0,0.016258,0,-0.016324,-0.072858,4.484484
0,0,0,0,0,0,0,0.016095,0,-0.01617,-0.072123,4.494494
0,0,0,0,0,0,0,0.015934,0,-0.016018,-0.071396,4.504505
0,0,0,0,0,0,0,0.015775,0,-0.015867,-0.070675,4.514515
0,0,0,0,0,0,0,0.015617,0,-0.015718,-0.069961,4.524525
0,0,0,0,0,0,0,0.01546,0,-0.01557,-0.069254,4.534535
0,0,0,0,0,0,0,0.015305,0,-0.015424,-0.068554,4.544545
0,0,0,0,0,0,0,0.015151,0,-0.015278,-0.06786,4.554555
0,0,0,0,0,0,0,0.014999,0,-0.015134,-0.067172,4.564565
0,0,0,0,0,0,0,0.014848,0,-0.014992,-0.066491,4.574575
0,0,0,0,0,0,0,0.014699,0,-0.014851,-0.065817,4.584585
0,0,0,0,0,0,0,0.014551,0,-0.014711,-0.065149,4.594595
0,0,0,0,0,0,0,0.014404,0,-0.014572,-0.064487,4.604605
0,0,0,0,0,0,0,0.014259,0,-0.014435,-0.063832,4.614615
0,0,0,0,0,0,0,0.014115,0,-0.014299,-0.063182,4.624625
0,0,0,0,0,0,0,0.013973,0,-0.014164,-0.062539,4.634635
0,0,0,0,0,0,0,0.013832,0,-0.01403,-0.061902,4.644645
0,0,0,0,0,0,0,0.013692,0,-0.013898,-0.061271,4.654655
0,0,0,0,0,0,0,0.013553,0,-0.013766,-0.060646,4.664665
0,0,0,0,0,0,0,0.013416,0,-0.013637,-0.060027,4.674675
0,0,0,0,0,0,0,0.01328,0,-0.013508,-0.059414,4.684685
0,0,0,0,0,0,0,0.013146,0,-0.01338,-0.058806,4.694695
0,0,0,0,0,0,0,0.013013,0,-0.013254,-0.058204,4.704705
0,0,0,0,0,0,0,0.012881,0,-0.013128,-0.057608,4.714715
0,0,0,0,0,0,0,0.01275,0,-0.013004,-0.057018,4.724725
0,0,0,0,0,0,0,0.01262,0,-0.012881,-0.056433,4.734735
0,0,0,0,0,0,0,0.012492,0,-0.01276,-0.055854,4.744745
0,0,0,0,0,0,0,0.012365,0,-0.012639,-0.05528,4.754755
0,0,0,0,0,0,0,0.012239,0,-0.012519,-0.054711,4.764765
0,0,0,0,0,0,0,0.012114,0,-0.012401,-0.054148,4.774775
0,0,0,0,0,0,0,0.011991,0,-0.012283,-0.053591,4.784785
0,0,0,0,0,0,0,0.011868,0,-0.012167,-0.053038,4.794795
0,0,0,0,0,0,0,0.011747,0,-0.012052,-0.052491,4.804805
0,0,0,0,0,0,0,0.011627,0,-0.011938,-0.051949,4.814815
0,0,0,0,0,0,0,0.011508,0,-0.011824,-0.051413,4.824825
0,0,0,0,0,0,0,0.01139,0,-0.011712,-0.050881,4.834835
0,0,0,0,0,0,0,0.011274,0,-0.011601,-0.050354,4.844845
0,0,0,0,0,0,0,0.011158,0,-0.011491,-0.049833,4.854855
0,0,0,0,0,0,0,0.011043,0,-0.011382,-0.049316,4.864865
0,0,0,0,0,0,0,0.01093,0,-0.011274,-0.048804,4.874875
0,0,0,0,0,0,0,0.010818,0,-0.011167,-0.048297,4.884885
0,0,0,0,0,0,0,0.010706,0,-0.011061,-0.047795,4.894895
0,0,0,0,0,0,0,0.010596,0,-0.010956,-0.047298,4.904905
0,0,0,0,0,0,0,0.010487,0,-0.010852,-0.046805,4.914915
0,0,0,0,0,0,0,0.010379,0,-0.010749,-0.046318,4.924925
0,0,0,0,0,0,0,0.010272,0,-0.010646,-0.045834,4.934935
0,0,0,0,0,0,0,0.010166,0,-0.010545,-0.045356,4.944945
0,0,0,0,0,0,0,0.010061,0,-0.010445,-0.044882,4.954955
0,0,0,0,0,0,0,0.009957,0,-0.010345,-0.044412,4.964965
0,0,0,0,0,0,0,0.009854,0,-0.010247,-0.043947,4.974975
0,0,0,0,0,0,0,0.009752,0,-0.010149,-0.043486,4.984985
0,0,0,0,0,0,0,0.009651,0,-0.010053,-0.04303,4.994995
0,0,0,0,0,0,0,0.00955,0,-0.009957,-0.042578,5.005005
0,0,0,0,0,0,0,0.009451,0,-0.009862,-0.042131,5.015015
0,0,0,0,0,0,0,0.009353,0,-0.009768,-0.041688,5.025025
0,0,0,0,0,0,0,0.009256,0,-0.009675,-0.041249,5.035035
0,0,0,0,0,0,0,0.009159,0,-0.009582,-0.040814,5.045045
0,0,0,0,0,0,0,0.009064,0,-0.009491,-0.040383,5.055055
0,0,0,0,0,0,0,0.008969,0,-0.0094,-0.039957,5.065065
0,0,0,0,0,0,0,0.008876,0,-0.00931,-0.039534,5.075075
0,0,0,0,0,0,0,0.008783,0,-0.009221,-0.039116,5.085085
0,0,0,0,0,0,0,0.008691,0,-0.009133,-0.038701,5.095095
0,0,0,0,0,0,0,0.0086,0,-0.009046,-0.038291,5.105105
0,0,0,0,0,0,0,0.00851,0,-0.008959,-0.037884,5.115115
0,0,0,0,0,0,0,0.008421,0,-0.008873,-0.037482,5.125125
0,0,0,0,0,0,0,0.008332,0,-0.008788,-0.037083,5.135135
0,0,0,0,0,0,0,0.008245,0,-0.008704,-0.036688,5.145145
0,0,0,0,0,0,0,0.008158,0,-0.008621,-0.036297,5.155155
0,0,0,0,0,0,0,0.008072,0,-0.008538,-0.03591,5.165165
0,0,0,0,0,0,0,0.007987,0,-0.008456,-0.035526,5.175175
0,0,0,0,0,0,0,0.007903,0,-0.008375,-0.035146,5.185185
0,0,0,0,0,0,0,0.007819,0,-0.008295,-0.03477,5.195195
0,0,0,0,0,0,0,0.007737,0,-0.008215,-0.034397,5.205205
0,0,0,0,0,0,0,0.007655,0,-0.008136,-0.034028,5.215215
0,0,0,0,0,0,0,0.007574,0,-0.008058,-0.033663,5.225225
0,0,0,0,0,0,0,0.007494,0,-0.00798,-0.033301,5.235235
0,0,0,0,0,0,0,0.007414,0,-0.007903,-0.032942,5.245245
0,0,0,0,0,0,0,0.007335,0,-0.007827,-0.032587,5.255255
0,0,0,0,0,0,0,0.007257,0,-0.007752,-0.032236,5.265265
0,0,0,0,0,0,0,0.00718,0,-0.007677,-0.031888,5.275275
0,0,0,0,0,0,0,0.007104,0,-0.007603,-0.031543,5.285285
0,0,0,0,0,0,0,0.007028,0,-0.00753,-0.031201,5.295295
0,0,0,0,0,0,0,0.006953,0,-0.007457,-0.030863,5.305305
0,0,0,0,0,0,0,0.006879,0,-0.007385,-0.030528,5.315315
0,0,0,0,0,0,0,0.006805,0,-0.007314,-0.030197,5.325325
0,0,0,0,0,0,0,0.006732,0,-0.007243,-0.029868,5.335335
0,0,0,0,0,0,0,0.00666,0,-0.007173,-0.029543,5.345345
0,0,0,0,0,0,0,0.006589,0,-0.007103,-0.029221,5.355355
0,0,0,0,0,0,0,0.006518,0,-0.007035,-0.028902,5.365365
0,0,0,0,0,0,0,0.006448,0,-0.006967,-0.028586,5.375375
0,0,0,0,0,0,0,0.006378,0,-0.006899,-0.028273,5.385385
0,0,0,0,0,0,0,0.00631,0,-0.006832,-0.027964,5.395395
0,0,0,0,0,0,0,0.006242,0,-0.006766,-0.027657,5.405405
0,0,0,0,0,0,0,0.006174,0,-0.0067,-0.027353,5.415415
0,0,0,0,0,0,0,0.006108,0,-0.006635,-0.027052,5.425425
0,0,0,0,0,0,0,0.006041,0,-0.00657,-0.026755,5.435435
0,0,0,0,0,0,0,0.005976,0,-0.006507,-0.02646,5.445445
0,0,0,0,0,0,0,0.005911,0,-0.006443,-0.026168,5.455455
0,0,0,0,0,0,0,0.005847,0,-0.00638,-0.025878,5.465465
0,0,0,0,0,0,0,0.005783,0,-0.006318,-0.025592,5.475475
0,0,0,0,0,0,0,0.00572,0,-0.006257,-0.025309,5.485485
0,0,0,0,0,0,0,0.005658,0,-0.006196,-0.025028,5.495495
0,0,0,0,0,0,0,0.005596,0,-0.006135,-0.02475,5.505506
0,0,0,0,0,0,0,0.005535,0,-0.006075,-0.024474,5.515516
0,0,0,0,0,0,0,0.005475,0,-0.006016,-0.024202,5.525526
0,0,0,0,0,0,0,0.005415,0,-0.005957,-0.023932,5.535536
0,0,0,0,0,0,0,0.005356,0,-0.005899,-0.023665,5.545546
0,0,0,0,0,0,0,0.005297,0,-0.005841,-0.0234,5.555556
0,0,0,0,0,0,0,0.005239,0,-0.005784,-0.023138,5.565566
0,0,0,0,0,0,0,0.005181,0,-0.005727,-0.022879,5.575576
0,0,0,0,0,0,0,0.005124,0,-0.005671,-0.022622,5.585586
0,0,0,0,0,0,0,0.005067,0,-0.005615,-0.022367,5.595596
0,0,0,0,0,0,0,0.005012,0,-0.00556,-0.022115,5.605606
0,0,0,0,0,0,0,0.004956,0,-0.005505,-0.021866,5.615616
0,0,0,0,0,0,0,0.004901,0,-0.005451,-0.021619,5.625626
0,0,0,0,0,0,0,0.004847,0,-0.005397,-0.021375,5.635636
0,0,0,0,0,0,0,0.004793,0,-0.005344,-0.021133,5.645646
0,0,0,0,0,0,0,0.00474,0,-0.005291,-0.020893,5.655656
0,0,0,0,0,0,0,0.004687,0,-0.005239,-0.020656,5.665666
0,0,0,0,0,0,0,0.004635,0,-0.005187,-0.020421,5.675676
0,0,0,0,0,0,0,0.004583,0,-0.005136,-0.020189,5.685686
0,0,0,0,0,0,0,0.004532,0,-0.005085,-0.019958,5.695696
0,0,0,0,0,0,0,0.004482,0,-0.005035,-0.01973,5.705706
0,0,0,0,0,0,0,0.004432,0,-0.004985,-0.019505,5.715716
0,0,0,0,0,0,0,0.004382,0,-0.004936,-0.019281,5.725726
0,0,0,0,0,0,0,0.004333,0,-0.004887,-0.01906,5.735736
0,0,0,0,0,0,0,0.004284,0,-0.004838,-0.018841,5.745746
0,0,0,0,0,0,0,0.004236,0,-0.00479,-0.018624,5.755756
0,0,0,0,0,0,0,0.004188,0,-0.004742,-0.01841,5.765766
0,0,0,0,0,0,0,0.004141,0,-0.004695,-0.018197,5.775776
0,0,0,0,0,0,0,0.004094,0,-0.004648,-0.017987,5.785786
0,0,0,0,0,0,0,0.004048,0,-0.004602,-0.017779,5.795796
0,0,0,0,0,0,0,0.004002,0,-0.004556,-0.017573,5.805806
0,0,0,0,0,0,0,0.003957,0,-0.00451,-0.017369,5.815816
0,0,0,0,0,0,0,0.003912,0,-0.004465,-0.017167,5.825826
0,0,0,0,0,0,0,0.003867,0,-0.004421,-0.016967,5.835836
0,0,0,0,0,0,0,0.003823,0,-0.004376,-0.016769,5.845846
0,0,0,0,0,0,0,0.00378,0,-0.004332,-0.016573,5.855856
0,0,0,0,0,0,0,0.003736,0,-0.004289,-0.016379,5.865866
0,0,0,0,0,0,0,0.003694,0,-0.004246,-0.016187,5.875876
0,0,0,0,0,0,0,0.003651,0,-0.004203,-0.015997,5.885886
0,0,0,0,0,0,0,0.00361,0,-0.004161,-0.015809,5.895896
0,0,0,0,0,0,0,0.003568,0,-0.004119,-0.015623,5.905906
0,0,0,0,0,0,0,0.003527,0,-0.004077,-0.015439,5.915916
0,0,0,0,0,0,0,0.003487,0,-0.004036,-0.015256,5.925926
0,0,0,0,0,0,0,0.003446,0,-0.003995,-0.015076,5.935936
0,0,0,0,0,0,0,0.003407,0,-0.003955,-0.014897,5.945946
0,0,0,0,0,0,0,0.003367,0,-0.003915,-0.01472,5.955956
0,0,0,0,0,0,0,0.003328,0,-0.003875,-0.014545,5.965966
0,0,0,0,0,0,0,0.00329,0,-0.003836,-0.014372,5.975976
0,0,0,0,0,0,0,0.003251,0,-0.003797,-0.0142,5.985986
0,0,0,0,0,0,0,0.003214,0,-0.003758,-0.014031,5.995996
0,0,0,0,0,0,0,0.003176,0,-0.00372,-0.013863,6.006006
0,0,0,0,0,0,0,0.003139,0,-0.003682,-0.013696,6.016016
0,0,0,0,0,0,0,0.003102,0,-0.003644,-0.013532,6.026026
0,0,0,0,0,0,0,0.003066,0,-0.003607,-0.013369,6.036036
0,0,0,0,0,0,0,0.00303,0,-0.00357,-0.013208,6.046046
0,0,0,0,0,0,0,0.002995,0,-0.003534,-0.013048,6.056056
0,0,0,0,0,0,0,0.002959,0,-0.003498,-0.01289,6.066066
0,0,0,0,0,0,0,0.002925,0,-0.003462,-0.012734,6.076076
0,0,0,0,0,0,0,0.00289,0,-0.003426,-0.01258,6.086086
0,0,0,0,0,0,0,0.002856,0,-0.003391,-0.012427,6.096096
0,0,0,0,0,0,0,0.002822,0,-0.003356,-0.012275,6.106106
0,0,0,0,0,0,0,0.002789,0,-0.003321,-0.012125,6.116116
0,0,0,0,0,0,0,0.002756,0,-0.003287,-0.011977,6.126126
0,0,0,0,0,0,0,0.002723,0,-0.003253,-0.011831,6.136136
0,0,0,0,0,0,0,0.002691,0,-0.003219,-0.011685,6.146146
0,0,0,0,0,0,0,0.002659,0,-0.003186,-0.011542,6.156156
0,0,0,0,0,0,0,0.002627,0,-0.003153,-0.0114,6.166166
0,0,0,0,0,0,0,0.002595,0,-0.00312,-0.011259,6.176176
0,0,0,0,0,0,0,0.002564,0,-0.003088,-0.01112,6.186186
0,0,0,0,0,0,0,0.002534,0,-0.003056,-0.010982,6.196196
0,0,0,0,0,0,0,0.002503,0,-0.003024,-0.010846,6.206206
0,0,0,0,0,0,0,0.002473,0,-0.002992,-0.010711,6.216216
0,0,0,0,0,0,0,0.002443,0,-0.002961,-0.010578,6.226226
0,0,0,0,0,0,0,0.002414,0,-0.00293,-0.010446,6.236236
0,0,0,0,0,0,0,0.002385,0,-0.002899,-0.010315,6.246246
0,0,0,0,0,0,0,0.002356,0,-0.002869,-0.010186,6.256256
0,0,0,0,0,0,0,0.002327,0,-0.002839,-0.010059,6.266266
0,0,0,0,0,0,0,0.002299,0,-0.002809,-0.009932,6.276276
0,0,0,0,0,0,0,0.002271,0,-0.002779,-0.009807,6.286286
0,0,0,0,0,0,0,0.002243,0,-0.00275,-0.009683,6.296296
0,0,0,0,0,0,0,0.002216,0,-0.002721,-0.009561,6.306306
0,0,0,0,0,0,0,0.002189,0,-0.002692,-0.00944,6.316316
0,0,0,0,0,0,0,0.002162,0,-0.002664,-0.00932,6.326326
0,0,0,0,0,0,0,0.002136,0,-0.002635,-0.009202,6.336336
0,0,0,0,0,0,0,0.002109,0,-0.002607,-0.009084,6.346346
0,0,0,0,0,0,0,0.002083,0,-0.00258,-0.008969,6.356356
0,0,0,0,0,0,0,0.002058,0,-0.002552,-0.008854,6.366366
0,0,0,0,0,0,0,0.002032,0,-0.002525,-0.00874,6.376376
0,0,0,0,0,0,0,0.002007,0,-0.002498,-0.008628,6.386386
0,0,0,0,0,0,0,0.001982,0,-0.002471,-0.008517,6.396396
0,0,0,0,0,0,0,0.001958,0,-0.002445,-0.008407,6.406406
0,0,0,0,0,0,0,0.001933,0,-0.002419,-0.008299,6.416416
0,0,0,0,0,0,0,0.001909,0,-0.002393,-0.008191,6.426426
0,0,0,0,0,0,0,0.001885,0,-0.002367,-0.008085,6.436436
0,0,0,0,0,0,0,0.001862,0,-0.002341,-0.00798,6.446446
0,0,0,0,0,0,0,0.001838,0,-0.002316,-0.007876,6.456456
0,0,0,0,0,0,0,0.001815,0,-0.002291,-0.007774,6.466466
0,0,0,0,0,0,0,0.001793,0,-0.002266,-0.007672,6.476476
0,0,0,0,0,0,0,0.00177,0,-0.002242,-0.007572,6.486486
0,0,0,0,0,0,0,0.001748,0,-0.002217,-0.007472,6.496496
0,0,0,0,0,0,0,0.001726,0,-0.002193,-0.007374,6.506507
0,0,0,0,0,0,0,0.001704,0,-0.002169,-0.007277,6.516517
0,0,0,0,0,0,0,0.001682,0,-0.002145,-0.007181,6.526527
0,0,0,0,0,0,0,0.001661,0,-0.002122,-0.007086,6.536537
0,0,0,0,0,0,0,0.00164,0,-0.002099,-0.006992,6.546547
0,0,0,0,0,0,0,0.001619,0,-0.002076,-0.006899,6.556557
0,0,0,0,0,0,0,0.001598,0,-0.002053,-0.006807,6.566567
0,0,0,0,0,0,0,0.001578,0,-0.00203,-0.006716,6.576577
0,0,0,0,0,0,0,0.001558,0,-0.002008,-0.006626,6.586587
0,0,0,0,0,0,0,0.001538,0,-0.001986,-0.006538,6.596597
0,0,0,0,0,0,0,0.001518,0,-0.001964,-0.00645,6.606607
0,0,0,0,0,0,0,0.001498,0,-0.001942,-0.006363,6.616617
0,0,0,0,0,0,0,0.001479,0,-0.00192,-0.006277,6.626627
0,0,0,0,0,0,0,0.00146,0,-0.001899,-0.006192,6.636637
0,0,0,0,0,0,0,0.001441,0,-0.001878,-0.006108,6.646647
0,0,0,0,0,0,0,0.001422,0,-0.001857,-0.006026,6.656657
0,0,0,0,0,0,0,0.001404,0,-0.001836,-0.005944,6.666667
0,0,0,0,0,0,0,0.001385,0,-0.001815,-0.005863,6.676677
0,0,0,0,0,0,0,0.001367,0,-0.001795,-0.005783,6.686687
0,0,0,0,0,0,0,0.00135,0,-0.001775,-0.005703,6.696697
0,0,0,0,0,0,0,0.001332,0,-0.001755,-0.005625,6.706707
0,0,0,0,0,0,0,0.001314,0,-0.001735,-0.005548,6.716717
0,0,0,0,0,0,0,0.001297,0,-0.001715,-0.005471,6.726727
0,0,0,0,0,0,0,0.00128,0,-0.001696,-0.005396,6.736737
0,0,0,0,0,0,0,0.001263,0,-0.001676,-0.005321,6.746747
0,0,0,0,0,0,0,0.001247,0,-0.001657,-0.005247,6.756757
0,0,0,0,0,0,0,0.00123,0,-0.001638,-0.005174,6.766767
0,0,0,0,0,0,0,0.001214,0,-0.00162,-0.005102,6.776777
0,0,0,0,0,0,0,0.001198,0,-0.001601,-0.005031,6.786787
0,0,0,0,0,0,0,0.001182,0,-0.001583,-0.004961,6.796797
0,0,0,0,0,0,0,0.001166,0,-0.001564,-0.004891,6.806807
0,0,0,0,0,0,0,0.00115,0,-0.001546,-0.004823,6.816817
0,0,0,0,0,0,0,0.001135,0,-0.001528,-0.004755,6.826827
0,0,0,0,0,0,0,0.00112,0,-0.001511,-0.004688,6.836837
0,0,0,0,0,0,0,0.001105,0,-0.001493,-0.004621,6.846847
0,0,0,0,0,0,0,0.00109,0,-0.001476,-0.004556,6.856857
0,0,0,0,0,0,0,0.001075,0,-0.001459,-0.004491,6.866867
0,0,0,0,0,0,0,0.001061,0,-0.001442,-0.004427,6.876877
0,0,0,0,0,0,0,0.001046,0,-0.001425,-0.004364,6.886887
0,0,0,0,0,0,0,0.001032,0,-0.001408,-0.004302,6.896897
0,0,0,0,0,0,0,0.001018,0,-0.001391,-0.00424,6.906907
0,0,0,0,0,0,0,0.001004,0,-0.001375,-0.004179,6.916917
0,0,0,0,0,0,0,0.000991,0,-0.001359,-0.004119,6.926927
0,0,0,0,0,0,0,0.000977,0,-0.001343,-0.004059,6.936937
0,0,0,0,0,0,0,0.000964,0,-0.001327,-0.004001,6.946947
0,0,0,0,0,0,0,0.000951,0,-0.001311,-0.003943,6.956957
0,0,0,0,0,0,0,0.000937,0,-0.001295,-0.003885,6.966967
0,0,0,0,0,0,0,0.000925,0,-0.00128,-0.003829,6.976977
0,0,0,0,0,0,0,0.000912,0,-0.001264,-0.003773,6.986987
0,0,0,0,0,0,0,0.000899,0,-0.001249,-0.003718,6.996997
0,0,0,0,0,0,0,0.000887,0,-0.001234,-0.003663,7.007007
0,0,0,0,0,0,0,0.000875,0,-0.001219,-0.00361,7.017017
0,0,0,0,0,0,0,0.000862,0,-0.001205,-0.003557,7.027027
0,0,0,0,0,0,0,0.00085,0,-0.00119,-0.003504,7.037037
0,0,0,0,0,0,0,0.000839,0,-0.001175,-0.003452,7.047047
0,0,0,0,0,0,0,0.000827,0,-0.001161,-0.003401,7.057057
0,0,0,0,0,0,0,0.000815,0,-0.001147,-0.003351,7.067067
0,0,0,0,0,0,0,0.000804,0,-0.001133,-0.003301,7.077077
0,0,0,0,0,0,0,0.000793,0,-0.001119,-0.003252,7.087087
0,0,0,0,0,0,0,0.000782,0,-0.001105,-0.003203,7.097097
0,0,0,0,0,0,0,0.000771,0,-0.001091,-0.003155,7.107107
0,0,0,0,0,0,0,0.00076,0,-0.001078,-0.003108,7.117117
0,0,0,0,0,0,0,0.000749,0,-0.001065,-0.003061,7.127127
0,0,0,0,0,0,0,0.000738,0,-0.001051,-0.003015,7.137137
0,0,0,0,0,0,0,0.000728,0,-0.001038,-0.002969,7.147147
0,0,0,0,0,0,0,0.000718,0,-0.001025,-0.002924,7.157157
0,0,0,0,0,0,0,0.000707,0,-0.001012,-0.00288,7.167167
0,0,0,0,0,0,0,0.000697,0,-0.000999,-0.002836,7.177177
0,0,0,0,0,0,0,0.000687,0,-0.000987,-0.002793,7.187187
0,0,0,0,0,0,0,0.000678,0,-0.000974,-0.002751,7.197197
0,0,0,0,0,0,0,0.000668,0,-0.000962,-0.002709,7.207207
0,0,0,0,0,0,0,0.000658,0,-0.00095,-0.002667,7.217217
0,0,0,0,0,0,0,0.000649,0,-0.000938,-0.002626,7.227227
0,0,0,0,0,0,0,0.00064,0,-0.000925,-0.002586,7.237237
0,0,0,0,0,0,0,0.00063,0,-0.000914,-0.002546,7.247247
0,0,0,0,0,0,0,0.000621,0,-0.000902,-0.002507,7.257257
0,0,0,0,0,0,0,0.000612,0,-0.00089,-0.002468,7.267267
0,0,0,0,0,0,0,0.000603,0,-0.000879,-0.00243,7.277277
0,0,0,0,0,0,0,0.000595,0,-0.000867,-0.002392,7.287287
0,0,0,0,0,0,0,0.000586,0,-0.000856,-0.002355,7.297297
0,0,0,0,0,0,0,0.000578,0,-0.000845,-0.002318,7.307307
0,0,0,0,0,0,0,0.000569,0,-0.000833,-0.002282,7.317317
0,0,0,0,0,0,0,0.000561,0,-0.000823,-0.002246,7.327327
0,0,0,0,0,0,0,0.000553,0,-0.000812,-0.002211,7.337337
0,0,0,0,0,0,0,0.000545,0,-0.000801,-0.002176,7.347347
0,0,0,0,0,0,0,0.000537,0,-0.00079,-0.002142,7.357357
0,0,0,0,0,0,0,0.000529,0,-0.00078,-0.002108,7.367367
0,0,0,0,0,0,0,0.000521,0,-0.000769,-0.002075,7.377377
0,0,0,0,0,0,0,0.000513,0,-0.000759,-0.002042,7.387387
0,0,0,0,0,0,0,0.000506,0,-0.000749,-0.00201,7.397397
0,0,0,0,0,0,0,0.000498,0,-0.000738,-0.001978,7.407407
0,0,0,0,0,0,0,0.000491,0,-0.000728,-0.001946,7.417417
0,0,0,0,0,0,0,0.000484,0,-0.000718,-0.001916,7.427427
0,0,0,0,0,0,0,0.000477,0,-0.000709,-0.001885,7.437437
0,0,0,0,0,0,0,0.00047,0,-0.000699,-0.001855,7.447447
0,0,0,0,0,0,0,0.000463,0,-0.000689,-0.001825,7.457457
0,0,0,0,0,0,0,0.000456,0,-0.00068,-0.001796,7.467467
0,0,0,0,0,0,0,0.000449,0,-0.00067,-0.001767,7.477477
0,0,0,0,0,0,0,0.000442,0,-0.000661,-0.001739,7.487487
0,0,0,0,0,0,0,0.000436,0,-0.000652,-0.001711,7.497497
0,0,0,0,0,0,0,0.000429,0,-0.000643,-0.001684,7.507508
0,0,0,0,0,0,0,0.000423,0,-0.000634,-0.001657,7.517518
0,0,0,0,0,0,0,0.000417,0,-0.000625,-0.00163,7.527528
0,0,0,0,0,0,0,0.000411,0,-0.000616,-0.001604,7.537538
0,0,0,0,0,0,0,0.000404,0,-0.000607,-0.001578,7.547548
0,0,0,0,0,0,0,0.000398,0,-0.000598,-0.001552,7.557558
0,0,0,0,0,0,0,0.000392,0,-0.00059,-0.001527,7.567568
0,0,0,0,0,0,0,0.000387,0,-0.000581,-0.001503,7.577578
0,0,0,0,0,0,0,0.000381,0,-0.000573,-0.001478,7.587588
0,0,0,0,0,0,0,0.000375,0,-0.000564,-0.001454,7.597598
0,0,0,0,0,0,0,0.000369,0,-0.000556,-0.001431,7.607608
0,0,0,0,0,0,0,0.000364,0,-0.000548,-0.001408,7.617618
0,0,0,0,0,0,0,0.000358,0,-0.00054,-0.001385,7.627628
0,0,0,0,0,0,0,0.000353,0,-0.000532,-0.001362,7.637638
0,0,0,0,0,0,0,0.000348,0,-0.000524,-0.00134,7.647648
0,0,0,0,0,0,0,0.000343,0,-0.000516,-0.001319,7.657658
0,0,0,0,0,0,0,0.000338,0,-0.000509,-0.001297,7.667668
0,0,0,0,0,0,0,0.000332,0,-0.000501,-0.001276,7.677678
0,0,0,0,0,0,0,0.000327,0,-0.000493,-0.001256,7.687688
0,0,0,0,0,0,0,0.000323,0,-0.000486,-0.001235,7.697698
0,0,0,0,0,0,0,0.000318,0,-0.000479,-0.001215,7.707708
0,0,0,0,0,0,0,0.000313,0,-0.000471,-0.001196,7.717718
0,0,0,0,0,0,0,0.000308,0,-0.000464,-0.001176,7.727728
0,0,0,0,0,0,0,0.000304,0,-0.000457,-0.001157,7.737738
0,0,0,0,0,0,0,0.000299,0,-0.00045,-0.001139,7.747748
0,0,0,0,0,0,0,0.000295,0,-0.000443,-0.00112,7.757758
0,0,0,0,0,0,0,0.00029,0,-0.000436,-0.001102,7.767768
0,0,0,0,0,0,0,0.000286,0,-0.000429,-0.001084,7.777778
0,0,0,0,0,0,0,0.000282,0,-0.000422,-0.001067,7.787788
0,0,0,0,0,0,0,0.000278,0,-0.000416,-0.00105,7.797798
0,0,0,0,0,0,0,0.000273,0,-0.000409,-0.001033,7.807808
0,0,0,0,0,0,0,0.000269,0,-0.000402,-0.001017,7.817818
0,0,0,0,0,0,0,0.000265,0,-0.000396,-0.001,7.827828
0,0,0,0,0,0,0,0.000261,0,-0.00039,-0.000985,7.837838
0,0,0,0,0,0,0,0.000258,0,-0.000383,-0.000969,7.847848
0,0,0,0,0,0,0,0.000254,0,-0.000377,-0.000954,7.857858
0,0,0,0,0,0,0,0.00025,0,-0.000371,-0.000939,7.867868
0,0,0,0,0,0,0,0.000246,0,-0.000365,-0.000924,7.877878
0,0,0,0,0,0,0,0.000243,0,-0.000359,-0.000909,7.887888
0,0,0,0,0,0,0,0.000239,0,-0.000353,-0.000895,7.897898
0,0,0,0,0,0,0,0.000236,0,-0.000347,-0.000881,7.907908
0,0,0,0,0,0,0,0.000232,0,-0.000341,-0.000867,7.917918
0,0,0,0,0,0,0,0.000229,0,-0.000335,-0.000854,7.927928
0,0,0,0,0,0,0,0.000225,0,-0.00033,-0.000841,7.937938
0,0,0,0,0,0,0,0.000222,0,-0.000324,-0.000828,7.947948
0,0,0,0,0,0,0,0.000219,0,-0.000319,-0.000815,7.957958
0,0,0,0,0,0,0,0.000216,0,-0.000313,-0.000803,7.967968
0,0,0,0,0,0,0,0.000213,0,-0.000308,-0.000791,7.977978
0,0,0,0,0,0,0,0.00021,0,-0.000302,-0.000779,7.987988
0,0,0,0,0,0,0,0.000207,0,-0.000297,-0.000767,7.997998
0,0,0,0,0,0,0,0.000204,0,-0.000292,-0.000756,8.008008
0,0,0,0,0,0,0,0.000201,0,-0.000287,-0.000745,8.018018
0,0,0,0,0,0,0,0.000198,0,-0.000282,-0.000734,8.028028
0,0,0,0,0,0,0,0.000195,0,-0.000277,-0.000723,8.038038
0,0,0,0,0,0,0,0.000192,0,-0.000272,-0.000712,8.048048
0,0,0,0,0,0,0,0.00019,0,-0.000267,-0.000702,8.058058
0,0,0,0,0,0,0,0.000187,0,-0.000262,-0.000692,8.068068
0,0,0,0,0,0,0,0.000185,0,-0.000257,-0.000682,8.078078
0,0,0,0,0,0,0,0.000182,0,-0.000253,-0.000673,8.088088
0,0,0,0,0,0,0,0.000179,0,-0.000248,-0.000663,8.098098
0,0,0,0,0,0,0,0.000177,0,-0.000243,-0.000654,8.108108
0,0,0,0,0,0,0,0.000175,0,-0.000239,-0.000645,8.118118
0,0,0,0,0,0,0,0.000172,0,-0.000234,-0.000637,8.128128
0,0,0,0,0,0,0,0.00017,0,-0.00023,-0.000628,8.138138
0,0,0,0,0,0,0,0.000168,0,-0.000226,-0.00062,8.148148
0,0,0,0,0,0,0,0.000165,0,-0.000222,-0.000611,8.158158
0,0,0,0,0,0,0,0.000163,0,-0.000217,-0.000604,8.168168
0,0,0,0,0,0,0,0.000161,0,-0.000213,-0.000596,8.178178
0,0,0,0,0,0,0,0.000159,0,-0.000209,-0.000588,8.188188
0,0,0,0,0,0,0,0.000157,0,-0.000205,-0.000581,8.198198
0,0,0,0,0,0,0,0.000155,0,-0.000201,-0.000574,8.208208
0,0,0,0,0,0,0,0.000153,0,-0.000197,-0.000567,8.218218
0,0,0,0,0,0,0,0.000151,0,-0.000194,-0.00056,8.228228
0,0,0,0,0,0,0,0.000149,0,-0.00019,-0.000553,8.238238
0,0,0,0,0,0,0,0.000147,0,-0.000186,-0.000547,8.248248
0,0,0,0,0,0,0,0.000145,0,-0.000182,-0.00054,8.258258
0,0,0,0,0,0,0,0.000143,0,-0.000179,-0.000534,8.268268
0,0,0,0,0,0,0,0.000142,0,-0.000175,-0.000528,8.278278
0,0,0,0,0,0,0,0.00014,0,-0.000172,-0.000522,8.288288
0,0,0,0,0,0,0,0.000138,0,-0.000168,-0.000517,8.298298
0,0,0,0,0,0,0,0.000136,0,-0.000165,-0.000511,8.308308
0,0,0,0,0,0,0,0.000135,0,-0.000162,-0.000506,8.318318
0,0,0,0,0,0,0,0.000133,0,-0.000158,-0.000501,8.328328
0,0,0,0,0,0,0,0.000132,0,-0.000155,-0.000496,8.338338
0,0,0,0,0,0,0,0.00013,0,-0.000152,-0.000491,8.348348
0,0,0,0,0,0,0,0.000129,0,-0.000149,-0.000486,8.358358
0,0,0,0,0,0,0,0.000127,0,-0.000146,-0.000482,8.368368
0,0,0,0,0,0,0,0.000126,0,-0.000143,-0.000477,8.378378
0,0,0,0,0,0,0,0.000124,0,-0.00014,-0.000473,8.388388
0,0,0,0,0,0,0,0.000123,0,-0.000137,-0.000469,8.398398
0,0,0,0,0,0,0,0.000122,0,-0.000135,-0.000465,8.408408
0,0,0,0,0,0,0,0.00012,0,-0.000132,-0.000461,8.418418
0,0,0,0,0,0,0,0.000119,0,-0.000129,-0.000457,8.428428
0,0,0,0,0,0,0,0.000118,0,-0.000126,-0.000453,8.438438
0,0,0,0,0,0,0,0.000116,0,-0.000124,-0.00045,8.448448
0,0,0,0,0,0,0,0.000115,0,-0.000121,-0.000446,8.458458
0,0,0,0,0,0,0,0.000114,0,-0.000119,-0.000443,8.468468
0,0,0,0,0,0,0,0.000113,0,-0.000116,-0.00044,8.478478
0,0,0,0,0,0,0,0.000112,0,-0.000114,-0.000437,8.488488
0,0,0,0,0,0,0,0.00011,0,-0.000112,-0.000434,8.498498
0,0,0,0,0,0,0,0.000109,0,-0.00011,-0.000431,8.508509
0,0,0,0,0,0,0,0.000108,0,-0.000107,-0.000428,8.518519
0,0,0,0,0,0,0,0.000107,0,-0.000105,-0.000425,8.528529
0,0,0,0,0,0,0,0.000106,0,-0.000103,-0.000423,8.538539
0,0,0,0,0,0,0,0.000105,0,-0.000101,-0.00042,8.548549
0,0,0,0,0,0,0,0.000104,0,-9.9E-05,-0.000418,8.558559
0,0,0,0,0,0,0,0.000103,0,-9.7E-05,-0.000416,8.568569
0,0,0,0,0,0,0,0.000102,0,-9.5E-05,-0.000414,8.578579
0,0,0,0,0,0,0,0.000101,0,-9.3E-05,-0.000411,8.588589
0,0,0,0,0,0,0,0.0001,0,-9.2E-05,-0.000409,8.598599
0,0,0,0,0,0,0,9.9E-05,0,-9E-05,-0.000407,8.608609
0,0,0,0,0,0,0,9.9E-05,0,-8.8E-05,-0.000406,8.618619
0,0,0,0,0,0,0,9.8E-05,0,-8.7E-05,-0.000404,8.628629
0,0,0,0,0,0,0,9.7E-05,0,-8.5E-05,-0.000402,8.638639
0,0,0,0,0,0,0,9.6E-05,0,-8.4E-05,-0.0004,8.648649
0,0,0,0,0,0,0,9.5E-05,0,-8.2E-05,-0.000399,8.658659
0,0,0,0,0,0,0,9.4E-05,0,-8.1E-05,-0.000397,8.668669
0,0,0,0,0,0,0,9.4E-05,0,-7.9E-05,-0.000396,8.678679
0,0,0,0,0,0,0,9.3E-05,0,-7.8E-05,-0.000394,8.688689
0,0,0,0,0,0,0,9.2E-05,0,-7.7E-05,-0.000393,8.698699
0,0,0,0,0,0,0,9.1E-05,0,-7.6E-05,-0.000392,8.708709
0,0,0,0,0,0,0,9E-05,0,-7.4E-05,-0.000391,8.718719
0,0,0,0,0,0,0,9E-05,0,-7.3E-05,-0.000389,8.728729
0,0,0,0,0,0,0,8.9E-05,0,-7.2E-05,-0.000388,8.738739
0,0,0,0,0,0,0,8.8E-05,0,-7.1E-05,-0.000387,8.748749
0,0,0,0,0,0,0,8.8E-05,0,-7E-05,-0.000386,8.758759
0,0,0,0,0,0,0,8.7E-05,0,-6.9E-05,-0.000385,8.768769
0,0,0,0,0,0,0,8.6E-05,0,-6.8E-05,-0.000384,8.778779
0,0,0,0,0,0,0,8.5E-05,0,-6.8E-05,-0.000383,8.788789
0,0,0,0,0,0,0,8.5E-05,0,-6.7E-05,-0.000382,8.798799
0,0,0,0,0,0,0,8.4E-05,0,-6.6E-05,-0.000381,8.808809
0,0,0,0,0,0,0,8.3E-05,0,-6.5E-05,-0.00038,8.818819
0,0,0,0,0,0,0,8.3E-05,0,-6.5E-05,-0.000379,8.828829
0,0,0,0,0,0,0,8.2E-05,0,-6.4E-05,-0.000378,8.838839
0,0,0,0,0,0,0,8.2E-05,0,-6.4E-05,-0.000377,8.848849
0,0,0,0,0,0,0,8.1E-05,0,-6.3E-05,-0.000376,8.858859
0,0,0,0,0,0,0,8E-05,0,-6.3E-05,-0.000375,8.868869
0,0,0,0,0,0,0,8E-05,0,-6.2E-05,-0.000375,8.878879
0,0,0,0,0,0,0,7.9E-05,0,-6.2E-05,-0.000374,8.888889
0,0,0,0,0,0,0,7.8E-05,0,-6.2E-05,-0.000373,8.898899
0,0,0,0,0,0,0,7.8E-05,0,-6.1E-05,-0.000372,8.908909
0,0,0,0,0,0,0,7.7E-05,0,-6.1E-05,-0.000371,8.918919
0,0,0,0,0,0,0,7.7E-05,0,-6.1E-05,-0.00037,8.928929
0,0,0,0,0,0,0,7.6E-05,0,-6.1E-05,-0.000369,8.938939
0,0,0,0,0,0,0,7.5E-05,0,-6.1E-05,-0.000368,8.948949
0,0,0,0,0,0,0,7.5E-05,0,-6.1E-05,-0.000367,8.958959
0,0,0,0,0,0,0,7.4E-05,0,-6.1E-05,-0.000366,8.968969
0,0,0,0,0,0,0,7.4E-05,0,-6.1E-05,-0.000365,8.978979
0,0,0,0,0,0,0,7.3E-05,0,-6.1E-05,-0.000364,8.988989
0,0,0,0,0,0,0,7.2E-05,0,-6.1E-05,-0.000363,8.998999
0,0,0,0,0,0,0,7.2E-05,0,-6.1E-05,-0.000362,9.009009
0,0,0,0,0,0,0,7.1E-05,0,-6.1E-05,-0.00036,9.019019
0,0,0,0,0,0,0,7.1E-05,0,-6.1E-05,-0.000359,9.029029
0,0,0,0,0,0,0,7E-05,0,-6.1E-05,-0.000358,9.039039
0,0,0,0,0,0,0,6.9E-05,0,-6.2E-05,-0.000356,9.049049
0,0,0,0,0,0,0,6.9E-05,0,-6.2E-05,-0.000355,9.059059
0,0,0,0,0,0,0,6.8E-05,0,-6.2E-05,-0.000353,9.069069
0,0,0,0,0,0,0,6.7E-05,0,-6.3E-05,-0.000352,9.079079
0,0,0,0,0,0,0,6.7E-05,0,-6.3E-05,-0.00035,9.089089
0,0,0,0,0,0,0,6.6E-05,0,-6.3E-05,-0.000349,9.099099
0,0,0,0,0,0,0,6.6E-05,0,-6.4E-05,-0.000347,9.109109
0,0,0,0,0,0,0,6.5E-05,0,-6.4E-05,-0.000345,9.119119
0,0,0,0,0,0,0,6.4E-05,0,-6.5E-05,-0.000343,9.129129
0,0,0,0,0,0,0,6.4E-05,0,-6.5E-05,-0.000341,9.139139
0,0,0,0,0,0,0,6.3E-05,0,-6.6E-05,-0.000339,9.149149
0,0,0,0,0,0,0,6.2E-05,0,-6.6E-05,-0.000337,9.159159
0,0,0,0,0,0,0,6.2E-05,0,-6.7E-05,-0.000335,9.169169
0,0,0,0,0,0,0,6.1E-05,0,-6.7E-05,-0.000333,9.179179
0,0,0,0,0,0,0,6E-05,0,-6.8E-05,-0.00033,9.189189
0,0,0,0,0,0,0,6E-05,0,-6.9E-05,-0.000328,9.199199
0,0,0,0,0,0,0,5.9E-05,0,-6.9E-05,-0.000325,9.209209
0,0,0,0,0,0,0,5.8E-05,0,-7E-05,-0.000322,9.219219
0,0,0,0,0,0,0,5.7E-05,0,-7.1E-05,-0.00032,9.229229
0,0,0,0,0,0,0,5.7E-05,0,-7.1E-05,-0.000317,9.239239
0,0,0,0,0,0,0,5.6E-05,0,-7.2E-05,-0.000314,9.249249
0,0,0,0,0,0,0,5.5E-05,0,-7.3E-05,-0.000311,9.259259
0,0,0,0,0,0,0,5.5E-05,0,-7.4E-05,-0.000307,9.269269
0,0,0,0,0,0,0,5.4E-05,0,-7.4E-05,-0.000304,9.279279
0,0,0,0,0,0,0,5.3E-05,0,-7.5E-05,-0.000301,9.289289
0,0,0,0,0,0,0,5.2E-05,0,-7.6E-05,-0.000297,9.299299
0,0,0,0,0,0,0,5.2E-05,0,-7.6E-05,-0.000294,9.309309
0,0,0,0,0,0,0,5.1E-05,0,-7.7E-05,-0.00029,9.319319
0,0,0,0,0,0,0,5E-05,0,-7.8E-05,-0.000286,9.329329
0,0,0,0,0,0,0,4.9E-05,0,-7.9E-05,-0.000282,9.339339
0,0,0,0,0,0,0,4.8E-05,0,-7.9E-05,-0.000278,9.349349
0,0,0,0,0,0,0,4.8E-05,0,-8E-05,-0.000274,9.359359
0,0,0,0,0,0,0,4.7E-05,0,-8.1E-05,-0.000269,9.369369
0,0,0,0,0,0,0,4.6E-05,0,-8.1E-05,-0.000265,9.379379
0,0,0,0,0,0,0,4.5E-05,0,-8.2E-05,-0.00026,9.389389
0,0,0,0,0,0,0,4.4E-05,0,-8.3E-05,-0.000256,9.399399
0,0,0,0,0,0,0,4.4E-05,0,-8.4E-05,-0.000251,9.409409
0,0,0,0,0,0,0,4.3E-05,0,-8.4E-05,-0.000246,9.419419
0,0,0,0,0,0,0,4.2E-05,0,-8.5E-05,-0.000241,9.429429
0,0,0,0,0,0,0,4.1E-05,0,-8.5E-05,-0.000236,9.439439
0,0,0,0,0,0,0,4E-05,0,-8.6E-05,-0.000231,9.449449
0,0,0,0,0,0,0,3.9E-05,0,-8.7E-05,-0.000225,9.459459
0,0,0,0,0,0,0,3.8E-05,0,-8.7E-05,-0.00022,9.469469
0,0,0,0,0,0,0,3.8E-05,0,-8.8E-05,-0.000214,9.479479
0,0,0,0,0,0,0,3.7E-05,0,-8.8E-05,-0.000208,9.489489
0,0,0,0,0,0,0,3.6E-05,0,-8.9E-05,-0.000202,9.499499
0,0,0,0,0,0,0,3.5E-05,0,-8.9E-05,-0.000196,9.50951
0,0,0,0,0,0,0,3.4E-05,0,-8.9E-05,-0.00019,9.51952
0,0,0,0,0,0,0,3.3E-05,0,-9E-05,-0.000184,9.52953
0,0,0,0,0,0,0,3.2E-05,0,-9E-05,-0.000178,9.53954
0,0,0,0,0,0,0,3.1E-05,0,-9E-05,-0.000171,9.54955
0,0,0,0,0,0,0,3E-05,0,-9.1E-05,-0.000165,9.55956
0,0,0,0,0,0,0,3E-05,0,-9.1E-05,-0.000158,9.56957
0,0,0,0,0,0,0,2.9E-05,0,-9.1E-05,-0.000151,9.57958
0,0,0,0,0,0,0,2.8E-05,0,-9.1E-05,-0.000144,9.58959
0,0,0,0,0,0,0,2.7E-05,0,-9.1E-05,-0.000137,9.5996
0,0,0,0,0,0,0,2.6E-05,0,-9.1E-05,-0.00013,9.60961
0,0,0,0,0,0,0,2.5E-05,0,-9.1E-05,-0.000122,9.61962
0,0,0,0,0,0,0,2.4E-05,0,-9.1E-05,-0.000115,9.62963
0,0,0,0,0,0,0,2.3E-05,0,-9.1E-05,-0.000107,9.63964
0,0,0,0,0,0,0,2.2E-05,0,-9.1E-05,-0.0001,9.64965
0,0,0,0,0,0,0,2.1E-05,0,-9E-05,-9.2E-05,9.65966
0,0,0,0,0,0,0,2E-05,0,-9E-05,-8.4E-05,9.66967
0,0,0,0,0,0,0,2E-05,0,-8.9E-05,-7.6E-05,9.67968
0,0,0,0,0,0,0,1.9E-05,0,-8.9E-05,-6.7E-05,9.68969
0,0,0,0,0,0,0,1.8E-05,0,-8.8E-05,-5.9E-05,9.6997
0,0,0,0,0,0,0,1.7E-05,0,-8.8E-05,-5E-05,9.70971
0,0,0,0,0,0,0,1.6E-05,0,-8.7E-05,-4.1E-05,9.71972
0,0,0,0,0,0,0,1.5E-05,0,-8.6E-05,-3.2E-05,9.72973
0,0,0,0,0,0,0,1.4E-05,0,-8.5E-05,-2.3E-05,9.73974
0,0,0,0,0,0,0,1.3E-05,0,-8.4E-05,-1.4E-05,9.74975
0,0,0,0,0,0,0,1.3E-05,0,-8.3E-05,-4E-06,9.75976
0,0,0,0,0,0,0,1.2E-05,0,-8.1E-05,6E-06,9.76977
0,0,0,0,0,0,0,1.1E-05,0,-8E-05,1.6E-05,9.77978
0,0,0,0,0,0,0,1E-05,0,-7.8E-05,2.6E-05,9.78979
0,0,0,0,0,0,0,9E-06,0,-7.7E-05,3.7E-05,9.7998
0,0,0,0,0,0,0,9E-06,0,-7.5E-05,4.7E-05,9.80981
0,0,0,0,0,0,0,8E-06,0,-7.3E-05,5.9E-05,9.81982
0,0,0,0,0,0,0,7E-06,0,-7.1E-05,7E-05,9.82983
0,0,0,0,0,0,0,6E-06,0,-6.9E-05,8.2E-05,9.83984
0,0,0,0,0,0,0,6E-06,0,-6.6E-05,9.4E-05,9.84985
0,0,0,0,0,0,0,5E-06,0,-6.4E-05,0.000107,9.85986
0,0,0,0,0,0,0,5E-06,0,-6.1E-05,0.00012,9.86987
0,0,0,0,0,0,0,4E-06,0,-5.8E-05,0.000134,9.87988
0,0,0,0,0,0,0,3E-06,0,-5.5E-05,0.000148,9.88989
0,0,0,0,0,0,0,3E-06,0,-5.1E-05,0.000162,9.8999
0,0,0,0,0,0,0,2E-06,0,-4.7E-05,0.000178,9.90991
0,0,0,0,0,0,0,2E-06,0,-4.3E-05,0.000194,9.91992
0,0,0,0,0,0,0,1E-06,0,-3.9E-05,0.00021,9.92993
0,0,0,0,0,0,0,1E-06,0,-3.5E-05,0.000227,9.93994
0,0,0,0,0,0,0,1E-06,0,-3E-05,0.000245,9.94995
0,0,0,0,0,0,0,1E-06,0,-2.5E-05,0.000264,9.95996
0,0,0,0,0,0,0,0,0,-1.9E-05,0.000284,9.96997
0,0,0,0,0,0,0,0,0,-1.3E-05,0.000305,9.97998
0,0,0,0,0,0,0,0,0,-7E-06,0.000326,9.98999
0,0,0,0,0,0,0,0,0,0,0.000349,10
m_value,M_value,L_value,g_value,d_value,b_value,theta_cmd,theta_0,thetadot_cmd,theta_dot_0,F_value,t0
0,0,0,0,0,0,0,1,0,0,-7.150064,0
0,0,0,0,0,0,0,0.999779,0,-0.043671,-7.024763,0.01001
0,0,0,0,0,0,0,0.999134,0,-0.084872,-6.90335,0.02002
0,0,0,0,0,0,0,0.998088,0,-0.123724,-6.785667,0.03003
0,0,0,0,0,0,0,0.996664,0,-0.160339,-6.671564,0.04004
0,0,0,0,0,0,0,0.994885,0,-0.194826,-6.560897,0.05005
0,0,0,0,0,0,0,0.992771,0,-0.227289,-6.453527,0.06006
0,0,0,0,0,0,0,0.990341,0,-0.257826,-6.349322,0.07007
0,0,0,0,0,0,0,0.987615,0,-0.286531,-6.248156,0.08008
0,0,0,0,0,0,0,0.984611,0,-0.313494,-6.149907,0.09009
0,0,0,0,0,0,0,0.981345,0,-0.3388,-6.054459,0.1001
0,0,0,0,0,0,0,0.977833,0,-0.36253,-5.961701,0.11011
0,0,0,0,0,0,0,0.974092,0,-0.384763,-5.871527,0.12012
0,0,0,0,0,0,0,0.970135,0,-0.405572,-5.783835,0.13013
0,0,0,0,0,0,0,0.965977,0,-0.425028,-5.698528,0.14014
0,0,0,0,0,0,0,0.96163,0,-0.443198,-5.615512,0.15015
0,0,0,0,0,0,0,0.957108,0,-0.460146,-5.534699,0.16016
0,0,0,0,0,0,0,0.952422,0,-0.475934,-5.456001,0.17017
0,0,0,0,0,0,0,0.947583,0,-0.490619,-5.379339,0.18018
0,0,0,0,0,0,0,0.942603,0,-0.504257,-5.304633,0.19019
0,0,0,0,0,0,0,0.937491,0,-0.5169,-5.231809,0.2002
0,0,0,0,0,0,0,0.932258,0,-0.5286,-5.160795,0.21021
0,0,0,0,0,0,0,0.926912,0,-0.539404,-5.091521,0.22022
0,0,0,0,0,0,0,0.921462,0,-0.549358,-5.023923,0.23023
0,0,0,0,0,0,0,0.915916,0,-0.558505,-4.957938,0.24024
0,0,0,0,0,0,0,0.910283,0,-0.566886,-4.893504,0.25025
0,0,0,0,0,0,0,0.90457,0,-0.574542,-4.830565,0.26026
0,0,0,0,0,0,0,0.898783,0,-0.58151,-4.769066,0.27027
0,0,0,0,0,0,0,0.89293,0,-0.587826,-4.708952,0.28028
0,0,0,0,0,0,0,0.887017,0,-0.593523,-4.650175,0.29029
0,0,0,0,0,0,0,0.88105,0,-0.598634,-4.592684,0.3003
0,0,0,0,0,0,0,0.875034,0,-0.603191,-4.536435,0.31031
0,0,0,0,0,0,0,0.868976,0,-0.607222,-4.481382,0.32032
0,0,0,0,0,0,0,0.862879,0,-0.610755,-4.427483,0.33033
0,0,0,0,0,0,0,0.85675,0,-0.613818,-4.374697,0.34034
0,0,0,0,0,0,0,0.850592,0,-0.616435,-4.322986,0.35035
0,0,0,0,0,0,0,0.84441,0,-0.618631,-4.272311,0.36036
0,0,0,0,0,0,0,0.838208,0,-0.620428,-4.222637,0.37037
0,0,0,0,0,0,0,0.83199,0,-0.621849,-4.17393,0.38038
0,0,0,0,0,0,0,0.82576,0,-0.622915,-4.126157,0.39039
0,0,0,0,0,0,0,0.819521,0,-0.623644,-4.079287,0.4004
0,0,0,0,0,0,0,0.813276,0,-0.624056,-4.033289,0.41041
0,0,0,0,0,0,0,0.807028,0,-0.624169,-3.988135,0.42042
0,0,0,0,0,0,0,0.800781,0,-0.624,-3.943797,0.43043
0,0,0,0,0,0,0,0.794537,0,-0.623564,-3.900248,0.44044
0,0,0,0,0,0,0,0.788298,0,-0.622878,-3.857463,0.45045
0,0,0,0,0,0,0,0.782067,0,-0.621956,-3.815419,0.46046
0,0,0,0,0,0,0,0.775847,0,-0.620812,-3.774091,0.47047
0,0,0,0,0,0,0,0.769639,0,-0.619459,-3.733457,0.48048
0,0,0,0,0,0,0,0.763446,0,-0.617909,-3.693496,0.49049
0,0,0,0,0,0,0,0.757269,0,-0.616175,-3.654187,0.500501
0,0,0,0,0,0,0,0.751111,0,-0.614268,-3.615511,0.510511
0,0,0,0,0,0,0,0.744972,0,-0.612199,-3.577449,0.520521
0,0,0,0,0,0,0,0.738855,0,-0.609977,-3.539983,0.530531
0,0,0,0,0,0,0,0.732761,0,-0.607613,-3.503095,0.540541
0,0,0,0,0,0,0,0.726691,0,-0.605116,-3.466768,0.550551
0,0,0,0,0,0,0,0.720647,0,-0.602495,-3.430988,0.560561
0,0,0,0,0,0,0,0.71463,0,-0.599757,-3.395738,0.570571
0,0,0,0,0,0,0,0.70864,0,-0.596911,-3.361003,0.580581
0,0,0,0,0,0,0,0.70268,0,-0.593965,-3.326771,0.590591
0,0,0,0,0,0,0,0.696749,0,-0.590925,-3.293026,0.600601
0,0,0,0,0,0,0,0.69085,0,-0.587798,-3.259757,0.610611
0,0,0,0,0,0,0,0.684982,0,-0.58459,-3.22695,0.620621
0,0,0,0,0,0,0,0.679146,0,-0.581309,-3.194594,0.630631
0,0,0,0,0,0,0,0.673344,0,-0.577958,-3.162678,0.640641
0,0,0,0,0,0,0,0.667576,0,-0.574545,-3.131189,0.650651
0,0,0,0,0,0,0,0.661842,0,-0.571073,-3.100118,0.660661
0,0,0,0,0,0,0,0.656143,0,-0.567548,-3.069454,0.670671
0,0,0,0,0,0,0,0.65048,0,-0.563975,-3.039187,0.680681
0,0,0,0,0,0,0,0.644853,0,-0.560358,-3.009308,0.690691
0,0,0,0,0,0,0,0.639262,0,-0.556701,-2.979809,0.700701
0,0,0,0,0,0,0,0.633708,0,-0.553008,-2.950679,0.710711
0,0,0,0,0,0,0,0.628191,0,-0.549282,-2.921911,0.720721
0,0,0,0,0,0,0,0.622711,0,-0.545528,-2.893497,0.730731
0,0,0,0,0,0,0,0.617269,0,-0.541749,-2.865429,0.740741
0,0,0,0,0,0,0,0.611865,0,-0.537947,-2.837699,0.750751
0,0,0,0,0,0,0,0.6065,0,-0.534126,-2.8103,0.760761
0,0,0,0,0,0,0,0.601172,0,-0.530289,-2.783226,0.770771
0,0,0,0,0,0,0,0.595883,0,-0.526438,-2.756469,0.780781
0,0,0,0,0,0,0,0.590633,0,-0.522576,-2.730023,0.790791
0,0,0,0,0,0,0,0.585421,0,-0.518705,-2.703881,0.800801
0,0,0,0,0,0,0,0.580248,0,-0.514827,-2.678039,0.810811
0,0,0,0,0,0,0,0.575114,0,-0.510945,-2.652489,0.820821
0,0,0,0,0,0,0,0.570019,0,-0.50706,-2.627226,0.830831
0,0,0,0,0,0,0,0.564963,0,-0.503175,-2.602246,0.840841
0,0,0,0,0,0,0,0.559946,0,-0.499291,-2.577542,0.850851
0,0,0,0,0,0,0,0.554967,0,-0.495409,-2.55311,0.860861
0,0,0,0,0,0,0,0.550028,0,-0.491532,-2.528944,0.870871
0,0,0,0,0,0,0,0.545127,0,-0.487661,-2.505041,0.880881
0,0,0,0,0,0,0,0.540265,0,-0.483798,-2.481395,0.890891
0,0,0,0,0,0,0,0.535441,0,-0.479942,-2.458002,0.900901
0,0,0,0,0,0,0,0.530656,0,-0.476097,-2.434858,0.910911
0,0,0,0,0,0,0,0.52591,0,-0.472262,-2.411958,0.920921
0,0,0,0,0,0,0,0.521201,0,-0.46844,-2.389299,0.930931
0,0,0,0,0,0,0,0.516531,0,-0.46463,-2.366877,0.940941
0,0,0,0,0,0,0,0.511899,0,-0.460835,-2.344688,0.950951
0,0,0,0,0,0,0,0.507305,0,-0.457054,-2.322728,0.960961
0,0,0,0,0,0,0,0.502749,0,-0.453289,-2.300994,0.970971
0,0,0,0,0,0,0,0.49823,0,-0.449541,-2.279482,0.980981
0,0,0,0,0,0,0,0.493749,0,-0.44581,-2.258189,0.990991
0,0,0,0,0,0,0,0.489305,0,-0.442096,-2.237112,1.001001
0,0,0,0,0,0,0,0.484898,0,-0.438401,-2.216248,1.011011
0,0,0,0,0,0,0,0.480528,0,-0.434725,-2.195593,1.021021
0,0,0,0,0,0,0,0.476195,0,-0.431068,-2.175144,1.031031
0,0,0,0,0,0,0,0.471898,0,-0.427432,-2.1549,1.041041
0,0,0,0,0,0,0,0.467638,0,-0.423816,-2.134856,1.051051
0,0,0,0,0,0,0,0.463413,0,-0.420221,-2.11501,1.061061
0,0,0,0,0,0,0,0.459225,0,-0.416647,-2.09536,1.071071
0,0,0,0,0,0,0,0.455072,0,-0.413095,-2.075902,1.081081
0,0,0,0,0,0,0,0.450955,0,-0.409565,-2.056635,1.091091
0,0,0,0,0,0,0,0.446873,0,-0.406057,-2.037556,1.101101
0,0,0,0,0,0,0,0.442825,0,-0.402572,-2.018662,1.111111
0,0,0,0,0,0,0,0.438813,0,-0.399109,-1.999951,1.121121
0,0,0,0,0,0,0,0.434835,0,-0.39567,-1.981421,1.131131
0,0,0,0,0,0,0,0.430892,0,-0.392253,-1.963069,1.141141
0,0,0,0,0,0,0,0.426982,0,-0.38886,-1.944894,1.151151
0,0,0,0,0,0,0,0.423106,0,-0.385491,-1.926893,1.161161
0,0,0,0,0,0,0,0.419264,0,-0.382145,-1.909064,1.171171
0,0,0,0,0,0,0,0.415456,0,-0.378823,-1.891405,1.181181
0,0,0,0,0,0,0,0.41168,0,-0.375524,-1.873915,1.191191
0,0,0,0,0,0,0,0.407938,0,-0.37225,-1.85659,1.201201
0,0,0,0,0,0,0,0.404228,0,-0.369,-1.839429,1.211211
0,0,0,0,0,0,0,0.40055,0,-0.365773,-1.822431,1.221221
0,0,0,0,0,0,0,0.396905,0,-0.362571,-1.805593,1.231231
0,0,0,0,0,0,0,0.393292,0,-0.359393,-1.788913,1.241241
0,0,0,0,0,0,0,0.38971,0,-0.356238,-1.772391,1.251251
0,0,0,0,0,0,0,0.38616,0,-0.353108,-1.756024,1.261261
0,0,0,0,0,0,0,0.382641,0,-0.350002,-1.73981,1.271271
0,0,0,0,0,0,0,0.379152,0,-0.34692,-1.723748,1.281281
0,0,0,0,0,0,0,0.375695,0,-0.343863,-1.707835,1.291291
0,0,0,0,0,0,0,0.372268,0,-0.340829,-1.692072,1.301301
0,0,0,0,0,0,0,0.368872,0,-0.337819,-1.676455,1.311311
0,0,0,0,0,0,0,0.365505,0,-0.334833,-1.660984,1.321321
0,0,0,0,0,0,0,0.362168,0,-0.33187,-1.645656,1.331331
0,0,0,0,0,0,0,0.358861,0,-0.328932,-1.630471,1.341341
0,0,0,0,0,0,0,0.355583,0,-0.326017,-1.615426,1.351351
0,0,0,0,0,0,0,0.352334,0,-0.323126,-1.600521,1.361361
0,0,0,0,0,0,0,0.349114,0,-0.320258,-1.585754,1.371371
0,0,0,0,0,0,0,0.345922,0,-0.317413,-1.571123,1.381381
0,0,0,0,0,0,0,0.342759,0,-0.314592,-1.556628,1.391391
0,0,0,0,0,0,0,0.339624,0,-0.311794,-1.542266,1.401401
0,0,0,0,0,0,0,0.336517,0,-0.309019,-1.528036,1.411411
0,0,0,0,0,0,0,0.333437,0,-0.306268,-1.513938,1.421421
0,0,0,0,0,0,0,0.330385,0,-0.303538,-1.49997,1.431431
0,0,0,0,0,0,0,0.327361,0,-0.300832,-1.48613,1.441441
0,0,0,0,0,0,0,0.324363,0,-0.298148,-1.472417,1.451451
0,0,0,0,0,0,0,0.321391,0,-0.295487,-1.45883,1.461461
0,0,0,0,0,0,0,0.318447,0,-0.292848,-1.445368,1.471471
0,0,0,0,0,0,0,0.315529,0,-0.290232,-1.43203,1.481481
0,0,0,0,0,0,0,0.312636,0,-0.287637,-1.418814,1.491491
0,0,0,0,0,0,0,0.30977,0,-0.285064,-1.405719,1.501502
0,0,0,0,0,0,0,0.306929,0,-0.282514,-1.392744,1.511512
0,0,0,0,0,0,0,0.304114,0,-0.279985,-1.379888,1.521522
0,0,0,0,0,0,0,0.301324,0,-0.277477,-1.367149,1.531532
0,0,0,0,0,0,0,0.298559,0,-0.274991,-1.354527,1.541542
0,0,0,0,0,0,0,0.295819,0,-0.272526,-1.342021,1.551552
0,0,0,0,0,0,0,0.293103,0,-0.270082,-1.329629,1.561562
0,0,0,0,0,0,0,0.290411,0,-0.267659,-1.31735,1.571572
0,0,0,0,0,0,0,0.287744,0,-0.265257,-1.305183,1.581582
0,0,0,0,0,0,0,0.285101,0,-0.262876,-1.293127,1.591592
0,0,0,0,0,0,0,0.282481,0,-0.260515,-1.281182,1.601602
0,0,0,0,0,0,0,0.279885,0,-0.258174,-1.269345,1.611612
0,0,0,0,0,0,0,0.277313,0,-0.255854,-1.257617,1.621622
0,0,0,0,0,0,0,0.274763,0,-0.253554,-1.245996,1.631632
0,0,0,0,0,0,0,0.272236,0,-0.251274,-1.23448,1.641642
0,0,0,0,0,0,0,0.269732,0,-0.249013,-1.22307,1.651652
0,0,0,0,0,0,0,0.267251,0,-0.246772,-1.211764,1.661662
0,0,0,0,0,0,0,0.264792,0,-0.244551,-1.200561,1.671672
0,0,0,0,0,0,0,0.262355,0,-0.242349,-1.18946,1.681682
0,0,0,0,0,0,0,0.25994,0,-0.240166,-1.17846,1.691692
0,0,0,0,0,0,0,0.257547,0,-0.238002,-1.16756,1.701702
0,0,0,0,0,0,0,0.255175,0,-0.235857,-1.15676,1.711712
0,0,0,0,0,0,0,0.252825,0,-0.233731,-1.146058,1.721722
0,0,0,0,0,0,0,0.250496,0,-0.231624,-1.135454,1.731732
0,0,0,0,0,0,0,0.248188,0,-0.229535,-1.124946,1.741742
0,0,0,0,0,0,0,0.245901,0,-0.227464,-1.114534,1.751752
0,0,0,0,0,0,0,0.243634,0,-0.225411,-1.104217,1.761762
0,0,0,0,0,0,0,0.241388,0,-0.223377,-1.093994,1.771772
0,0,0,0,0,0,0,0.239162,0,-0.22136,-1.083864,1.781782
0,0,0,0,0,0,0,0.236956,0,-0.219361,-1.073827,1.791792
0,0,0,0,0,0,0,0.23477,0,-0.217379,-1.06388,1.801802
0,0,0,0,0,0,0,0.232604,0,-0.215415,-1.054025,1.811812
0,0,0,0,0,0,0,0.230458,0,-0.213469,-1.044259,1.821822
0,0,0,0,0,0,0,0.22833,0,-0.211539,-1.034582,1.831832
0,0,0,0,0,0,0,0.226222,0,-0.209627,-1.024993,1.841842
0,0,0,0,0,0,0,0.224134,0,-0.207731,-1.015492,1.851852
0,0,0,0,0,0,0,0.222064,0,-0.205852,-1.006077,1.861862
0,0,0,0,0,0,0,0.220012,0,-0.20399,-0.996748,1.871872
0,0,0,0,0,0,0,0.21798,0,-0.202144,-0.987504,1.881882
0,0,0,0,0,0,0,0.215965,0,-0.200314,-0.978344,1.891892
0,0,0,0,0,0,0,0.213969,0,-0.198501,-0.969268,1.901902
0,0,0,0,0,0,0,0.211991,0,-0.196703,-0.960274,1.911912
0,0,0,0,0,0,0,0.210031,0,-0.194922,-0.951362,1.921922
0,0,0,0,0,0,0,0.208089,0,-0.193156,-0.942531,1.931932
0,0,0,0,0,0,0,0.206164,0,-0.191406,-0.933781,1.941942
0,0,0,0,0,0,0,0.204257,0,-0.189672,-0.925111,1.951952
0,0,0,0,0,0,0,0.202367,0,-0.187953,-0.91652,1.961962
0,0,0,0,0,0,0,0.200494,0,-0.186249,-0.908007,1.971972
0,0,0,0,0,0,0,0.198638,0,-0.18456,-0.899571,1.981982
0,0,0,0,0,0,0,0.196799,0,-0.182886,-0.891213,1.991992
0,0,0,0,0,0,0,0.194977,0,-0.181228,-0.882931,2.002002
0,0,0,0,0,0,0,0.193171,0,-0.179583,-0.874724,2.012012
0,0,0,0,0,0,0,0.191381,0,-0.177954,-0.866592,2.022022
0,0,0,0,0,0,0,0.189608,0,-0.176339,-0.858534,2.032032
0,0,0,0,0,0,0,0.187851,0,-0.174738,-0.85055,2.042042
0,0,0,0,0,0,0,0.18611,0,-0.173152,-0.842638,2.052052
0,0,0,0,0,0,0,0.184385,0,-0.171579,-0.834799,2.062062
0,0,0,0,0,0,0,0.182675,0,-0.170021,-0.827031,2.072072
0,0,0,0,0,0,0,0.180981,0,-0.168477,-0.819335,2.082082
0,0,0,0,0,0,0,0.179302,0,-0.166946,-0.811708,2.092092
0,0,0,0,0,0,0,0.177638,0,-0.165429,-0.804151,2.102102
0,0,0,0,0,0,0,0.17599,0,-0.163926,-0.796663,2.112112
0,0,0,0,0,0,0,0.174356,0,-0.162435,-0.789243,2.122122
0,0,0,0,0,0,0,0.172738,0,-0.160959,-0.781891,2.132132
0,0,0,0,0,0,0,0.171134,0,-0.159495,-0.774607,2.142142
0,0,0,0,0,0,0,0.169545,0,-0.158045,-0.767388,2.152152
0,0,0,0,0,0,0,0.16797,0,-0.156607,-0.760236,2.162162
0,0,0,0,0,0,0,0.166409,0,-0.155182,-0.753149,2.172172
0,0,0,0,0,0,0,0.164863,0,-0.15377,-0.746127,2.182182
0,0,0,0,0,0,0,0.163331,0,-0.152371,-0.739169,2.192192
0,0,0,0,0,0,0,0.161813,0,-0.150984,-0.732274,2.202202
0,0,0,0,0,0,0,0.160308,0,-0.149609,-0.725443,2.212212
0,0,0,0,0,0,0,0.158817,0,-0.148247,-0.718673,2.222222
0,0,0,0,0,0,0,0.15734,0,-0.146897,-0.711966,2.232232
0,0,0,0,0,0,0,0.155877,0,-0.145559,-0.70532,2.242242
0,0,0,0,0,0,0,0.154426,0,-0.144233,-0.698735,2.252252
0,0,0,0,0,0,0,0.152989,0,-0.142919,-0.69221,2.262262
0,0,0,0,0,0,0,0.151565,0,-0.141616,-0.685745,2.272272
0,0,0,0,0,0,0,0.150154,0,-0.140326,-0.679339,2.282282
0,0,0,0,0,0,0,0.148755,0,-0.139047,-0.672992,2.292292
0,0,0,0,0,0,0,0.14737,0,-0.137779,-0.666702,2.302302
0,0,0,0,0,0,0,0.145997,0,-0.136523,-0.66047,2.312312
0,0,0,0,0,0,0,0.144637,0,-0.135278,-0.654295,2.322322
0,0,0,0,0,0,0,0.143289,0,-0.134044,-0.648177,2.332332
0,0,0,0,0,0,0,0.141953,0,-0.132821,-0.642115,2.342342
0,0,0,0,0,0,0,0.14063,0,-0.131609,-0.636108,2.352352
0,0,0,0,0,0,0,0.139318,0,-0.130408,-0.630156,2.362362
0,0,0,0,0,0,0,0.138019,0,-0.129218,-0.624259,2.372372
0,0,0,0,0,0,0,0.136731,0,-0.128038,-0.618416,2.382382
0,0,0,0,0,0,0,0.135456,0,-0.126869,-0.612626,2.392392
0,0,0,0,0,0,0,0.134191,0,-0.125711,-0.606889,2.402402
0,0,0,0,0,0,0,0.132939,0,-0.124563,-0.601205,2.412412
0,0,0,0,0,0,0,0.131698,0,-0.123425,-0.595573,2.422422
0,0,0,0,0,0,0,0.130468,0,-0.122297,-0.589993,2.432432
0,0,0,0,0,0,0,0.129249,0,-0.12118,-0.584464,2.442442
0,0,0,0,0,0,0,0.128042,0,-0.120073,-0.578985,2.452452
0,0,0,0,0,0,0,0.126845,0,-0.118975,-0.573557,2.462462
0,0,0,0,0,0,0,0.12566,0,-0.117888,-0.568178,2.472472
0,0,0,0,0,0,0,0.124485,0,-0.11681,-0.562849,2.482482
0,0,0,0,0,0,0,0.123321,0,-0.115742,-0.557569,2.492492
0,0,0,0,0,0,0,0.122168,0,-0.114683,-0.552337,2.502503
0,0,0,0,0,0,0,0.121025,0,-0.113634,-0.547153,2.512513
0,0,0,0,0,0,0,0.119893,0,-0.112595,-0.542016,2.522523
0,0,0,0,0,0,0,0.118771,0,-0.111565,-0.536927,2.532533
0,0,0,0,0,0,0,0.117659,0,-0.110544,-0.531885,2.542543
0,0,0,0,0,0,0,0.116558,0,-0.109532,-0.526889,2.552553
0,0,0,0,0,0,0,0.115467,0,-0.10853,-0.521938,2.562563
0,0,0,0,0,0,0,0.114385,0,-0.107536,-0.517033,2.572573
0,0,0,0,0,0,0,0.113314,0,-0.106552,-0.512174,2.582583
0,0,0,0,0,0,0,0.112252,0,-0.105576,-0.507359,2.592593
0,0,0,0,0,0,0,0.1112,0,-0.104609,-0.502588,2.602603
0,0,0,0,0,0,0,0.110158,0,-0.103651,-0.497861,2.612613
0,0,0,0,0,0,0,0.109125,0,-0.102701,-0.493177,2.622623
0,0,0,0,0,0,0,0.108102,0,-0.10176,-0.488536,2.632633
0,0,0,0,0,0,0,0.107088,0,-0.100828,-0.483938,2.642643
0,0,0,0,0,0,0,0.106083,0,-0.099904,-0.479383,2.652653
0,0,0,0,0,0,0,0.105087,0,-0.098988,-0.474869,2.662663
0,0,0,0,0,0,0,0.104101,0,-0.09808,-0.470397,2.672673
0,0,0,0,0,0,0,0.103124,0,-0.097181,-0.465965,2.682683
0,0,0,0,0,0,0,0.102156,0,-0.09629,-0.461575,2.692693
0,0,0,0,0,0,0,0.101196,0,-0.095407,-0.457225,2.702703
0,0,0,0,0,0,0,0.100245,0,-0.094532,-0.452915,2.712713
0,0,0,0,0,0,0,0.099304,0,-0.093664,-0.448645,2.722723
0,0,0,0,0,0,0,0.09837,0,-0.092805,-0.444414,2.732733
0,0,0,0,0,0,0,0.097446,0,-0.091953,-0.440221,2.742743
0,0,0,0,0,0,0,0.096529,0,-0.091109,-0.436068,2.752753
0,0,0,0,0,0,0,0.095622,0,-0.090273,-0.431953,2.762763
0,0,0,0,0,0,0,0.094722,0,-0.089444,-0.427875,2.772773
0,0,0,0,0,0,0,0.093831,0,-0.088623,-0.423835,2.782783
0,0,0,0,0,0,0,0.092948,0,-0.087809,-0.419833,2.792793
0,0,0,0,0,0,0,0.092073,0,-0.087003,-0.415867,2.802803
0,0,0,0,0,0,0,0.091206,0,-0.086204,-0.411938,2.812813
0,0,0,0,0,0,0,0.090347,0,-0.085412,-0.408045,2.822823
0,0,0,0,0,0,0,0.089496,0,-0.084627,-0.404188,2.832833
0,0,0,0,0,0,0,0.088653,0,-0.083849,-0.400366,2.842843
0,0,0,0,0,0,0,0.087817,0,-0.083079,-0.39658,2.852853
0,0,0,0,0,0,0,0.08699,0,-0.082315,-0.392828,2.862863
0,0,0,0,0,0,0,0.086169,0,-0.081558,-0.389111,2.872873
0,0,0,0,0,0,0,0.085357,0,-0.080808,-0.385429,2.882883
0,0,0,0,0,0,0,0.084552,0,-0.080065,-0.38178,2.892893
0,0,0,0,0,0,0,0.083754,0,-0.079329,-0.378165,2.902903
0,0,0,0,0,0,0,0.082963,0,-0.078599,-0.374583,2.912913
0,0,0,0,0,0,0,0.08218,0,-0.077876,-0.371034,2.922923
0,0,0,0,0,0,0,0.081404,0,-0.07716,-0.367519,2.932933
0,0,0,0,0,0,0,0.080635,0,-0.07645,-0.364035,2.942943
0,0,0,0,0,0,0,0.079874,0,-0.075746,-0.360584,2.952953
0,0,0,0,0,0,0,0.079119,0,-0.075049,-0.357164,2.962963
0,0,0,0,0,0,0,0.078371,0,-0.074358,-0.353776,2.972973
0,0,0,0,0,0,0,0.07763,0,-0.073673,-0.35042,2.982983
0,0,0,0,0,0,0,0.076896,0,-0.072995,-0.347094,2.992993
0,0,0,0,0,0,0,0.076169,0,-0.072323,-0.343799,3.003003
0,0,0,0,0,0,0,0.075448,0,-0.071657,-0.340535,3.013013
0,0,0,0,0,0,0,0.074734,0,-0.070996,-0.337301,3.023023
0,0,0,0,0,0,0,0.074027,0,-0.070342,-0.334096,3.033033
0,0,0,0,0,0,0,0.073326,0,-0.069694,-0.330921,3.043043
0,0,0,0,0,0,0,0.072632,0,-0.069052,-0.327776,3.053053
0,0,0,0,0,0,0,0.071944,0,-0.068415,-0.324659,3.063063
0,0,0,0,0,0,0,0.071262,0,-0.067785,-0.321572,3.073073
0,0,0,0,0,0,0,0.070587,0,-0.06716,-0.318513,3.083083
0,0,0,0,0,0,0,0.069917,0,-0.066541,-0.315482,3.093093
0,0,0,0,0,0,0,0.069254,0,-0.065927,-0.312479,3.103103
0,0,0,0,0,0,0,0.068598,0,-0.065319,-0.309504,3.113113
0,0,0,0,0,0,0,0.067947,0,-0.064716,-0.306556,3.123123
0,0,0,0,0,0,0,0.067302,0,-0.064119,-0.303636,3.133133
0,0,0,0,0,0,0,0.066663,0,-0.063528,-0.300743,3.143143
0,0,0,0,0,0,0,0.06603,0,-0.062942,-0.297876,3.153153
0,0,0,0,0,0,0,0.065403,0,-0.062361,-0.295037,3.163163
0,0,0,0,0,0,0,0.064782,0,-0.061785,-0.292223,3.173173
0,0,0,0,0,0,0,0.064166,0,-0.061215,-0.289435,3.183183
0,0,0,0,0,0,0,0.063556,0,-0.06065,-0.286673,3.193193
0,0,0,0,0,0,0,0.062952,0,-0.06009,-0.283937,3.203203
0,0,0,0,0,0,0,0.062353,0,-0.059535,-0.281226,3.213213
0,0,0,0,0,0,0,0.06176,0,-0.058985,-0.27854,3.223223
0,0,0,0,0,0,0,0.061172,0,-0.05844,-0.27588,3.233233
0,0,0,0,0,0,0,0.06059,0,-0.0579,-0.273243,3.243243
0,0,0,0,0,0,0,0.060013,0,-0.057365,-0.270631,3.253253
0,0,0,0,0,0,0,0.059441,0,-0.056835,-0.268044,3.263263
0,0,0,0,0,0,0,0.058875,0,-0.05631,-0.26548,3.273273
0,0,0,0,0,0,0,0.058314,0,-0.055789,-0.26294,3.283283
0,0,0,0,0,0,0,0.057758,0,-0.055273,-0.260424,3.293293
0,0,0,0,0,0,0,0.057207,0,-0.054762,-0.257931,3.303303
0,0,0,0,0,0,0,0.056662,0,-0.054256,-0.255461,3.313313
0,0,0,0,0,0,0,0.056121,0,-0.053754,-0.253014,3.323323
0,0,0,0,0,0,0,0.055586,0,-0.053257,-0.250589,3.333333
0,0,0,0,0,0,0,0.055055,0,-0.052764,-0.248187,3.343343
0,0,0,0,0,0,0,0.054529,0,-0.052276,-0.245808,3.353353
0,0,0,0,0,0,0,0.054008,0,-0.051793,-0.24345,3.363363
0,0,0,0,0,0,0,0.053492,0,-0.051313,-0.241114,3.373373
0,0,0,0,0,0,0,0.052981,0,-0.050838,-0.2388,3.383383
0,0,0,0,0,0,0,0.052475,0,-0.050368,-0.236508,3.393393
0,0,0,0,0,0,0,0.051973,0,-0.049901,-0.234237,3.403403
0,0,0,0,0,0,0,0.051476,0,-0.049439,-0.231987,3.413413
0,0,0,0,0,0,0,0.050983,0,-0.048982,-0.229757,3.423423
0,0,0,0,0,0,0,0.050495,0,-0.048528,-0.227549,3.433433
0,0,0,0,0,0,0,0.050011,0,-0.048078,-0.225361,3.443443
0,0,0,0,0,0,0,0.049532,0,-0.047633,-0.223193,3.453453
0,0,0,0,0,0,0,0.049058,0,-0.047192,-0.221045,3.463463
0,0,0,0,0,0,0,0.048588,0,-0.046754,-0.218917,3.473473
0,0,0,0,0,0,0,0.048122,0,-0.046321,-0.21681,3.483483
0,0,0,0,0,0,0,0.04766,0,-0.045892,-0.214721,3.493493
0,0,0,0,0,0,0,0.047203,0,-0.045466,-0.212652,3.503504
0,0,0,0,0,0,0,0.04675,0,-0.045045,-0.210603,3.513514
0,0,0,0,0,0,0,0.046301,0,-0.044627,-0.208572,3.523524
0,0,0,0,0,0,0,0.045857,0,-0.044213,-0.20656,3.533534
0,0,0,0,0,0,0,0.045416,0,-0.043803,-0.204567,3.543544
0,0,0,0,0,0,0,0.04498,0,-0.043397,-0.202593,3.553554
0,0,0,0,0,0,0,0.044547,0,-0.042994,-0.200636,3.563564
0,0,0,0,0,0,0,0.044119,0,-0.042596,-0.198698,3.573574
0,0,0,0,0,0,0,0.043694,0,-0.0422,-0.196778,3.583584
0,0,0,0,0,0,0,0.043274,0,-0.041809,-0.194876,3.593594
0,0,0,0,0,0,0,0.042857,0,-0.041421,-0.192992,3.603604
0,0,0,0,0,0,0,0.042445,0,-0.041036,-0.191125,3.613614
0,0,0,0,0,0,0,0.042036,0,-0.040655,-0.189275,3.623624
0,0,0,0,0,0,0,0.041631,0,-0.040278,-0.187443,3.633634
0,0,0,0,0,0,0,0.041229,0,-0.039904,-0.185628,3.643644
0,0,0,0,0,0,0,0.040832,0,-0.039533,-0.18383,3.653654
0,0,0,0,0,0,0,0.040438,0,-0.039166,-0.182048,3.663664
0,0,0,0,0,0,0,0.040048,0,-0.038802,-0.180283,3.673674
0,0,0,0,0,0,0,0.039661,0,-0.038441,-0.178534,3.683684
0,0,0,0,0,0,0,0.039278,0,-0.038084,-0.176802,3.693694
0,0,0,0,0,0,0,0.038899,0,-0.03773,-0.175086,3.703704
0,0,0,0,0,0,0,0.038523,0,-0.037379,-0.173386,3.713714
0,0,0,0,0,0,0,0.03815,0,-0.037032,-0.171702,3.723724
0,0,0,0,0,0,0,0.037781,0,-0.036688,-0.170033,3.733734
0,0,0,0,0,0,0,0.037416,0,-0.036346,-0.16838,3.743744
0,0,0,0,0,0,0,0.037054,0,-0.036008,-0.166742,3.753754
0,0,0,0,0,0,0,0.036695,0,-0.035674,-0.16512,3.763764
0,0,0,0,0,0,0,0.03634,0,-0.035342,-0.163513,3.773774
0,0,0,0,0,0,0,0.035987,0,-0.035013,-0.16192,3.783784
0,0,0,0,0,0,0,0.035639,0,-0.034687,-0.160343,3.793794
0,0,0,0,0,0,0,0.035293,0,-0.034364,-0.15878,3.803804
0,0,0,0,0,0,0,0.034951,0,-0.034044,-0.157232,3.813814
0,0,0,0,0,0,0,0.034611,0,-0.033727,-0.155698,3.823824
0,0,0,0,0,0,0,0.034275,0,-0.033413,-0.154179,3.833834
0,0,0,0,0,0,0,0.033942,0,-0.033102,-0.152674,3.843844
0,0,0,0,0,0,0,0.033613,0,-0.032794,-0.151182,3.853854
0,0,0,0,0,0,0,0.033286,0,-0.032489,-0.149705,3.863864
0,0,0,0,0,0,0,0.032962,0,-0.032186,-0.148242,3.873874
0,0,0,0,0,0,0,0.032642,0,-0.031886,-0.146792,3.883884
0,0,0,0,0,0,0,0.032324,0,-0.031589,-0.145356,3.893894
0,0,0,0,0,0,0,0.032009,0,-0.031295,-0.143933,3.903904
0,0,0,0,0,0,0,0.031697,0,-0.031003,-0.142523,3.913914
0,0,0,0,0,0,0,0.031388,0,-0.030714,-0.141127,3.923924
0,0,0,0,0,0,0,0.031082,0,-0.030428,-0.139744,3.933934
0,0,0,0,0,0,0,0.030779,0,-0.030144,-0.138373,3.943944
0,0,0,0,0,0,0,0.030479,0,-0.029863,-0.137016,3.953954
0,0,0,0,0,0,0,0.030181,0,-0.029584,-0.135671,3.963964
0,0,0,0,0,0,0,0.029887,0,-0.029308,-0.134338,3.973974
0,0,0,0,0,0,0,0.029595,0,-0.029035,-0.133018,3.983984
0,0,0,0,0,0,0,0.029305,0,-0.028764,-0.131711,3.993994
0,0,0,0,0,0,0,0.029019,0,-0.028496,-0.130416,4.004004
0,0,0,0,0,0,0,0.028735,0,-0.02823,-0.129132,4.014014
0,0,0,0,0,0,0,0.028454,0,-0.027966,-0.127861,4.024024
0,0,0,0,0,0,0,0.028175,0,-0.027705,-0.126602,4.034034
0,0,0,0,0,0,0,0.027899,0,-0.027446,-0.125354,4.044044
0,0,0,0,0,0,0,0.027625,0,-0.02719,-0.124118,4.054054
0,0,0,0,0,0,0,0.027355,0,-0.026936,-0.122894,4.064064
0,0,0,0,0,0,0,0.027086,0,-0.026684,-0.121681,4.074074
0,0,0,0,0,0,0,0.02682,0,-0.026435,-0.12048,4.084084
0,0,0,0,0,0,0,0.026557,0,-0.026188,-0.11929,4.094094
0,0,0,0,0,0,0,0.026296,0,-0.025943,-0.118111,4.104104
0,0,0,0,0,0,0,0.026038,0,-0.025701,-0.116943,4.114114
0,0,0,0,0,0,0,0.025781,0,-0.025461,-0.115785,4.124124
0,0,0,0,0,0,0,0.025528,0,-0.025223,-0.114639,4.134134
0,0,0,0,0,0,0,0.025277,0,-0.024987,-0.113504,4.144144
0,0,0,0,0,0,0,0.025028,0,-0.024753,-0.112379,4.154154
0,0,0,0,0,0,0,0.024781,0,-0.024521,-0.111264,4.164164
0,0,0,0,0,0,0,0.024537,0,-0.024292,-0.110161,4.174174
0,0,0,0,0,0,0,0.024295,0,-0.024065,-0.109067,4.184184
0,0,0,0,0,0,0,0.024055,0,-0.02384,-0.107984,4.194194
0,0,0,0,0,0,0,0.023817,0,-0.023616,-0.106911,4.204204
0,0,0,0,0,0,0,0.023582,0,-0.023395,-0.105848,4.214214
0,0,0,0,0,0,0,0.023349,0,-0.023176,-0.104795,4.224224
0,0,0,0,0,0,0,0.023118,0,-0.022959,-0.103751,4.234234
0,0,0,0,0,0,0,0.022889,0,-0.022744,-0.102718,4.244244
0,0,0,0,0,0,0,0.022663,0,-0.022531,-0.101694,4.254254
0,0,0,0,0,0,0,0.022438,0,-0.02232,-0.10068,4.264264
0,0,0,0,0,0,0,0.022216,0,-0.022111,-0.099676,4.274274
0,0,0,0,0,0,0,0.021996,0,-0.021904,-0.09868,4.284284
0,0,0,0,0,0,0,0.021777,0,-0.021698,-0.097695,4.294294
0,0,0,0,0,0,0,0.021561,0,-0.021495,-0.096718,4.304304
0,0,0,0,0,0,0,0.021347,0,-0.021293,-0.095751,4.314314
0,0,0,0,0,0,0,0.021135,0,-0.021094,-0.094792,4.324324
0,0,0,0,0,0,0,0.020925,0,-0.020896,-0.093843,4.334334
0,0,0,0,0,0,0,0.020717,0,-0.0207,-0.092903,4.344344
0,0,0,0,0,0,0,0.02051,0,-0.020506,-0.091971,4.354354
0,0,0,0,0,0,0,0.020306,0,-0.020313,-0.091048,4.364364
0,0,0,0,0,0,0,0.020104,0,-0.020122,-0.090134,4.374374
0,0,0,0,0,0,0,0.019903,0,-0.019933,-0.089229,4.384384
0,0,0,0,0,0,0,0.019705,0,-0.019746,-0.088332,4.394394
0,0,0,0,0,0,0,0.019508,0,-0.019561,-0.087443,4.404404
0,0,0,0,0,0,0,0.019313,0,-0.019377,-0.086563,4.414414
0,0,0,0,0,0,0,0.01912,0,-0.019195,-0.085691,4.424424
0,0,0,0,0,0,0,0.018929,0,-0.019015,-0.084828,4.434434
0,0,0,0,0,0,0,0.018739,0,-0.018836,-0.083972,4.444444
0,0,0,0,0,0,0,0.018552,0,-0.018659,-0.083125,4.454454
0,0,0,0,0,0,0,0.018366,0,-0.018483,-0.082285,4.464464
0,0,0,0,0,0,0,0.018182,0,-0.01831,-0.081454,4.474474
0,0,0,0,0,0,0,0.017999,0,-0.018137,-0.08063,4.484484
0,0,0,0,0,0,0,0.017818,0,-0.017967,-0.079814,4.494494
0,0,0,0,0,0,0,0.017639,0,-0.017798,-0.079005,4.504505
0,0,0,0,0,0,0,0.017462,0,-0.01763,-0.078205,4.514515
0,0,0,0,0,0,0,0.017286,0,-0.017464,-0.077412,4.524525
0,0,0,0,0,0,0,0.017112,0,-0.0173,-0.076626,4.534535
0,0,0,0,0,0,0,0.01694,0,-0.017137,-0.075848,4.544545
0,0,0,0,0,0,0,0.016769,0,-0.016975,-0.075077,4.554555
0,0,0,0,0,0,0,0.0166,0,-0.016816,-0.074313,4.564565
0,0,0,0,0,0,0,0.016433,0,-0.016657,-0.073557,4.574575
0,0,0,0,0,0,0,0.016267,0,-0.0165,-0.072808,4.584585
0,0,0,0,0,0,0,0.016102,0,-0.016345,-0.072065,4.594595
0,0,0,0,0,0,0,0.01594,0,-0.01619,-0.07133,4.604605
0,0,0,0,0,0,0,0.015778,0,-0.016038,-0.070602,4.614615
0,0,0,0,0,0,0,0.015618,0,-0.015886,-0.069881,4.624625
0,0,0,0,0,0,0,0.01546,0,-0.015737,-0.069166,4.634635
0,0,0,0,0,0,0,0.015303,0,-0.015588,-0.068458,4.644645
0,0,0,0,0,0,0,0.015148,0,-0.015441,-0.067757,4.654655
0,0,0,0,0,0,0,0.014994,0,-0.015295,-0.067063,4.664665
0,0,0,0,0,0,0,0.014842,0,-0.015151,-0.066375,4.674675
0,0,0,0,0,0,0,0.014691,0,-0.015007,-0.065693,4.684685
0,0,0,0,0,0,0,0.014541,0,-0.014866,-0.065018,4.694695
0,0,0,0,0,0,0,0.014393,0,-0.014725,-0.06435,4.704705
0,0,0,0,0,0,0,0.014247,0,-0.014586,-0.063688,4.714715
0,0,0,0,0,0,0,0.014101,0,-0.014448,-0.063032,4.724725
0,0,0,0,0,0,0,0.013957,0,-0.014311,-0.062382,4.734735
0,0,0,0,0,0,0,0.013815,0,-0.014176,-0.061738,4.744745
0,0,0,0,0,0,0,0.013674,0,-0.014042,-0.061101,4.754755
0,0,0,0,0,0,0,0.013534,0,-0.013909,-0.06047,4.764765
0,0,0,0,0,0,0,0.013395,0,-0.013777,-0.059844,4.774775
0,0,0,0,0,0,0,0.013258,0,-0.013647,-0.059225,4.784785
0,0,0,0,0,0,0,0.013122,0,-0.013517,-0.058611,4.794795
0,0,0,0,0,0,0,0.012987,0,-0.013389,-0.058003,4.804805
0,0,0,0,0,0,0,0.012854,0,-0.013262,-0.057401,4.814815
0,0,0,0,0,0,0,0.012722,0,-0.013137,-0.056805,4.824825
0,0,0,0,0,0,0,0.012591,0,-0.013012,-0.056214,4.834835
0,0,0,0,0,0,0,0.012461,0,-0.012889,-0.055629,4.844845
0,0,0,0,0,0,0,0.012333,0,-0.012766,-0.05505,4.854855
0,0,0,0,0,0,0,0.012206,0,-0.012645,-0.054476,4.864865
0,0,0,0,0,0,0,0.01208,0,-0.012525,-0.053907,4.874875
0,0,0,0,0,0,0,0.011955,0,-0.012406,-0.053344,4.884885
0,0,0,0,0,0,0,0.011831,0,-0.012288,-0.052786,4.894895
0,0,0,0,0,0,0,0.011709,0,-0.012171,-0.052234,4.904905
0,0,0,0,0,0,0,0.011588,0,-0.012056,-0.051687,4.914915
0,0,0,0,0,0,0,0.011467,0,-0.011941,-0.051145,4.924925
0,0,0,0,0,0,0,0.011349,0,-0.011828,-0.050608,4.934935
0,0,0,0,0,0,0,0.011231,0,-0.011715,-0.050076,4.944945
0,0,0,0,0,0,0,0.011114,0,-0.011603,-0.04955,4.954955
0,0,0,0,0,0,0,0.010998,0,-0.011493,-0.049028,4.964965
0,0,0,0,0,0,0,0.010884,0,-0.011384,-0.048512,4.974975
0,0,0,0,0,0,0,0.01077,0,-0.011275,-0.048,4.984985
0,0,0,0,0,0,0,0.010658,0,-0.011168,-0.047493,4.994995
0,0,0,0,0,0,0,0.010547,0,-0.011061,-0.046991,5.005005
0,0,0,0,0,0,0,0.010437,0,-0.010956,-0.046494,5.015015
0,0,0,0,0,0,0,0.010328,0,-0.010851,-0.046002,5.025025
0,0,0,0,0,0,0,0.010219,0,-0.010747,-0.045514,5.035035
0,0,0,0,0,0,0,0.010112,0,-0.010645,-0.045031,5.045045
0,0,0,0,0,0,0,0.010006,0,-0.010543,-0.044553,5.055055
0,0,0,0,0,0,0,0.009901,0,-0.010442,-0.044079,5.065065
0,0,0,0,0,0,0,0.009797,0,-0.010343,-0.04361,5.075075
0,0,0,0,0,0,0,0.009694,0,-0.010244,-0.043145,5.085085
0,0,0,0,0,0,0,0.009592,0,-0.010146,-0.042684,5.095095
0,0,0,0,0,0,0,0.009491,0,-0.010049,-0.042229,5.105105
0,0,0,0,0,0,0,0.009391,0,-0.009952,-0.041777,5.115115
0,0,0,0,0,0,0,0.009292,0,-0.009857,-0.04133,5.125125
0,0,0,0,0,0,0,0.009194,0,-0.009763,-0.040887,5.135135
0,0,0,0,0,0,0,0.009096,0,-0.009669,-0.040448,5.145145
0,0,0,0,0,0,0,0.009,0,-0.009576,-0.040014,5.155155
0,0,0,0,0,0,0,0.008905,0,-0.009484,-0.039584,5.165165
0,0,0,0,0,0,0,0.00881,0,-0.009393,-0.039157,5.175175
0,0,0,0,0,0,0,0.008717,0,-0.009303,-0.038735,5.185185
0,0,0,0,0,0,0,0.008624,0,-0.009214,-0.038318,5.195195
0,0,0,0,0,0,0,0.008532,0,-0.009125,-0.037904,5.205205
0,0,0,0,0,0,0,0.008441,0,-0.009037,-0.037494,5.215215
0,0,0,0,0,0,0,0.008351,0,-0.00895,-0.037088,5.225225
0,0,0,0,0,0,0,0.008262,0,-0.008864,-0.036686,5.235235
0,0,0,0,0,0,0,0.008174,0,-0.008779,-0.036287,5.245245
0,0,0,0,0,0,0,0.008086,0,-0.008694,-0.035893,5.255255
0,0,0,0,0,0,0,0.008,0,-0.008611,-0.035503,5.265265
0,0,0,0,0,0,0,0.007914,0,-0.008528,-0.035116,5.275275
0,0,0,0,0,0,0,0.007829,0,-0.008445,-0.034733,5.285285
0,0,0,0,0,0,0,0.007745,0,-0.008364,-0.034354,5.295295
0,0,0,0,0,0,0,0.007662,0,-0.008283,-0.033978,5.305305
0,0,0,0,0,0,0,0.007579,0,-0.008203,-0.033606,5.315315
0,0,0,0,0,0,0,0.007497,0,-0.008124,-0.033238,5.325325
0,0,0,0,0,0,0,0.007416,0,-0.008045,-0.032873,5.335335
0,0,0,0,0,0,0,0.007336,0,-0.007967,-0.032512,5.345345
0,0,0,0,0,0,0,0.007257,0,-0.00789,-0.032154,5.355355
0,0,0,0,0,0,0,0.007178,0,-0.007814,-0.0318,5.365365
0,0,0,0,0,0,0,0.0071,0,-0.007738,-0.031449,5.375375
0,0,0,0,0,0,0,0.007023,0,-0.007663,-0.031101,5.385385
0,0,0,0,0,0,0,0.006947,0,-0.007588,-0.030757,5.395395
0,0,0,0,0,0,0,0.006871,0,-0.007515,-0.030417,5.405405
0,0,0,0,0,0,0,0.006797,0,-0.007442,-0.030079,5.415415
0,0,0,0,0,0,0,0.006722,0,-0.007369,-0.029745,5.425425
0,0,0,0,0,0,0,0.006649,0,-0.007298,-0.029414,5.435435
0,0,0,0,0,0,0,0.006576,0,-0.007227,-0.029087,5.445445
0,0,0,0,0,0,0,0.006504,0,-0.007156,-0.028762,5.455455
0,0,0,0,0,0,0,0.006433,0,-0.007087,-0.028441,5.465465
0,0,0,0,0,0,0,0.006363,0,-0.007017,-0.028123,5.475475
0,0,0,0,0,0,0,0.006293,0,-0.006949,-0.027808,5.485485
0,0,0,0,0,0,0,0.006223,0,-0.006881,-0.027496,5.495495
0,0,0,0,0,0,0,0.006155,0,-0.006814,-0.027188,5.505506
0,0,0,0,0,0,0,0.006087,0,-0.006747,-0.026882,5.515516
0,0,0,0,0,0,0,0.00602,0,-0.006681,-0.026579,5.525526
0,0,0,0,0,0,0,0.005953,0,-0.006616,-0.026279,5.535536
0,0,0,0,0,0,0,0.005887,0,-0.006551,-0.025982,5.545546
0,0,0,0,0,0,0,0.005822,0,-0.006487,-0.025689,5.555556
0,0,0,0,0,0,0,0.005757,0,-0.006423,-0.025398,5.565566
0,0,0,0,0,0,0,0.005693,0,-0.00636,-0.025109,5.575576
0,0,0,0,0,0,0,0.00563,0,-0.006298,-0.024824,5.585586
0,0,0,0,0,0,0,0.005567,0,-0.006236,-0.024542,5.595596
0,0,0,0,0,0,0,0.005505,0,-0.006174,-0.024262,5.605606
0,0,0,0,0,0,0,0.005444,0,-0.006114,-0.023985,5.615616
0,0,0,0,0,0,0,0.005383,0,-0.006053,-0.023711,5.625626
0,0,0,0,0,0,0,0.005323,0,-0.005994,-0.023439,5.635636
0,0,0,0,0,0,0,0.005263,0,-0.005935,-0.023171,5.645646
0,0,0,0,0,0,0,0.005204,0,-0.005876,-0.022905,5.655656
0,0,0,0,0,0,0,0.005145,0,-0.005818,-0.022641,5.665666
0,0,0,0,0,0,0,0.005087,0,-0.00576,-0.02238,5.675676
0,0,0,0,0,0,0,0.00503,0,-0.005703,-0.022122,5.685686
0,0,0,0,0,0,0,0.004973,0,-0.005647,-0.021866,5.695696
0,0,0,0,0,0,0,0.004917,0,-0.005591,-0.021613,5.705706
0,0,0,0,0,0,0,0.004861,0,-0.005535,-0.021363,5.715716
0,0,0,0,0,0,0,0.004806,0,-0.00548,-0.021115,5.725726
0,0,0,0,0,0,0,0.004751,0,-0.005426,-0.020869,5.735736
0,0,0,0,0,0,0,0.004697,0,-0.005372,-0.020626,5.745746
0,0,0,0,0,0,0,0.004644,0,-0.005319,-0.020385,5.755756
0,0,0,0,0,0,0,0.004591,0,-0.005266,-0.020147,5.765766
0,0,0,0,0,0,0,0.004538,0,-0.005213,-0.019911,5.775776
0,0,0,0,0,0,0,0.004487,0,-0.005161,-0.019677,5.785786
0,0,0,0,0,0,0,0.004435,0,-0.005109,-0.019446,5.795796
0,0,0,0,0,0,0,0.004384,0,-0.005058,-0.019217,5.805806
0,0,0,0,0,0,0,0.004334,0,-0.005008,-0.018991,5.815816
0,0,0,0,0,0,0,0.004284,0,-0.004958,-0.018767,5.825826
0,0,0,0,0,0,0,0.004235,0,-0.004908,-0.018545,5.835836
0,0,0,0,0,0,0,0.004186,0,-0.004859,-0.018325,5.845846
0,0,0,0,0,0,0,0.004137,0,-0.00481,-0.018107,5.855856
0,0,0,0,0,0,0,0.004089,0,-0.004761,-0.017892,5.865866
0,0,0,0,0,0,0,0.004042,0,-0.004713,-0.017679,5.875876
0,0,0,0,0,0,0,0.003995,0,-0.004666,-0.017468,5.885886
0,0,0,0,0,0,0,0.003949,0,-0.004619,-0.017259,5.895896
0,0,0,0,0,0,0,0.003903,0,-0.004572,-0.017052,5.905906
0,0,0,0,0,0,0,0.003857,0,-0.004526,-0.016848,5.915916
0,0,0,0,0,0,0,0.003812,0,-0.00448,-0.016645,5.925926
0,0,0,0,0,0,0,0.003767,0,-0.004435,-0.016445,5.935936
0,0,0,0,0,0,0,0.003723,0,-0.00439,-0.016246,5.945946
0,0,0,0,0,0,0,0.00368,0,-0.004345,-0.01605,5.955956
0,0,0,0,0,0,0,0.003636,0,-0.004301,-0.015856,5.965966
0,0,0,0,0,0,0,0.003593,0,-0.004258,-0.015663,5.975976
0,0,0,0,0,0,0,0.003551,0,-0.004214,-0.015473,5.985986
0,0,0,0,0,0,0,0.003509,0,-0.004171,-0.015285,5.995996
0,0,0,0,0,0,0,0.003467,0,-0.004129,-0.015098,6.006006
0,0,0,0,0,0,0,0.003426,0,-0.004086,-0.014914,6.016016
0,0,0,0,0,0,0,0.003386,0,-0.004045,-0.014731,6.026026
0,0,0,0,0,0,0,0.003345,0,-0.004003,-0.01455,6.036036
0,0,0,0,0,0,0,0.003306,0,-0.003962,-0.014371,6.046046
0,0,0,0,0,0,0,0.003266,0,-0.003922,-0.014194,6.056056
0,0,0,0,0,0,0,0.003227,0,-0.003881,-0.014019,6.066066
0,0,0,0,0,0,0,0.003188,0,-0.003841,-0.013846,6.076076
0,0,0,0,0,0,0,0.00315,0,-0.003802,-0.013674,6.086086
0,0,0,0,0,0,0,0.003112,0,-0.003763,-0.013504,6.096096
0,0,0,0,0,0,0,0.003075,0,-0.003724,-0.013336,6.106106
0,0,0,0,0,0,0,0.003038,0,-0.003685,-0.01317,6.116116
0,0,0,0,0,0,0,0.003001,0,-0.003647,-0.013006,6.126126
0,0,0,0,0,0,0,0.002965,0,-0.003609,-0.012843,6.136136
0,0,0,0,0,0,0,0.002929,0,-0.003572,-0.012682,6.146146
0,0,0,0,0,0,0,0.002893,0,-0.003535,-0.012522,6.156156
0,0,0,0,0,0,0,0.002858,0,-0.003498,-0.012365,6.166166
0,0,0,0,0,0,0,0.002823,0,-0.003462,-0.012209,6.176176
0,0,0,0,0,0,0,0.002789,0,-0.003425,-0.012054,6.186186
0,0,0,0,0,0,0,0.002755,0,-0.00339,-0.011902,6.196196
0,0,0,0,0,0,0,0.002721,0,-0.003354,-0.01175,6.206206
0,0,0,0,0,0,0,0.002687,0,-0.003319,-0.011601,6.216216
0,0,0,0,0,0,0,0.002654,0,-0.003284,-0.011453,6.226226
0,0,0,0,0,0,0,0.002622,0,-0.00325,-0.011307,6.236236
0,0,0,0,0,0,0,0.002589,0,-0.003216,-0.011162,6.246246
0,0,0,0,0,0,0,0.002557,0,-0.003182,-0.011019,6.256256
0,0,0,0,0,0,0,0.002526,0,-0.003148,-0.010877,6.266266
0,0,0,0,0,0,0,0.002494,0,-0.003115,-0.010737,6.276276
0,0,0,0,0,0,0,0.002463,0,-0.003082,-0.010598,6.286286
0,0,0,0,0,0,0,0.002433,0,-0.003049,-0.010461,6.296296
0,0,0,0,0,0,0,0.002402,0,-0.003017,-0.010325,6.306306
0,0,0,0,0,0,0,0.002372,0,-0.002985,-0.010191,6.316316
0,0,0,0,0,0,0,0.002342,0,-0.002953,-0.010058,6.326326
0,0,0,0,0,0,0,0.002313,0,-0.002922,-0.009927,6.336336
0,0,0,0,0,0,0,0.002284,0,-0.00289,-0.009797,6.346346
0,0,0,0,0,0,0,0.002255,0,-0.00286,-0.009668,6.356356
0,0,0,0,0,0,0,0.002227,0,-0.002829,-0.009541,6.366366
0,0,0,0,0,0,0,0.002199,0,-0.002799,-0.009415,6.376376
0,0,0,0,0,0,0,0.002171,0,-0.002769,-0.009291,6.386386
0,0,0,0,0,0,0,0.002143,0,-0.002739,-0.009168,6.396396
0,0,0,0,0,0,0,0.002116,0,-0.002709,-0.009046,6.406406
0,0,0,0,0,0,0,0.002089,0,-0.00268,-0.008926,6.416416
0,0,0,0,0,0,0,0.002062,0,-0.002651,-0.008807,6.426426
0,0,0,0,0,0,0,0.002036,0,-0.002622,-0.008689,6.436436
0,0,0,0,0,0,0,0.00201,0,-0.002594,-0.008573,6.446446
0,0,0,0,0,0,0,0.001984,0,-0.002566,-0.008458,6.456456
0,0,0,0,0,0,0,0.001958,0,-0.002538,-0.008344,6.466466
0,0,0,0,0,0,0,0.001933,0,-0.00251,-0.008231,6.476476
0,0,0,0,0,0,0,0.001908,0,-0.002483,-0.00812,6.486486
0,0,0,0,0,0,0,0.001883,0,-0.002456,-0.00801,6.496496
0,0,0,0,0,0,0,0.001859,0,-0.002429,-0.007901,6.506507
0,0,0,0,0,0,0,0.001835,0,-0.002402,-0.007794,6.516517
0,0,0,0,0,0,0,0.001811,0,-0.002376,-0.007687,6.526527
0,0,0,0,0,0,0,0.001787,0,-0.002349,-0.007582,6.536537
0,0,0,0,0,0,0,0.001764,0,-0.002323,-0.007478,6.546547
0,0,0,0,0,0,0,0.001741,0,-0.002298,-0.007375,6.556557
0,0,0,0,0,0,0,0.001718,0,-0.002272,-0.007273,6.566567
0,0,0,0,0,0,0,0.001695,0,-0.002247,-0.007173,6.576577
0,0,0,0,0,0,0,0.001673,0,-0.002222,-0.007073,6.586587
0,0,0,0,0,0,0,0.001651,0,-0.002197,-0.006975,6.596597
0,0,0,0,0,0,0,0.001629,0,-0.002173,-0.006878,6.606607
0,0,0,0,0,0,0,0.001607,0,-0.002148,-0.006782,6.616617
0,0,0,0,0,0,0,0.001586,0,-0.002124,-0.006687,6.626627
0,0,0,0,0,0,0,0.001565,0,-0.0021,-0.006593,6.636637
0,0,0,0,0,0,0,0.001544,0,-0.002077,-0.0065,6.646647
0,0,0,0,0,0,0,0.001523,0,-0.002053,-0.006409,6.656657
0,0,0,0,0,0,0,0.001503,0,-0.00203,-0.006318,6.666667
0,0,0,0,0,0,0,0.001482,0,-0.002007,-0.006229,6.676677
0,0,0,0,0,0,0,0.001462,0,-0.001984,-0.00614,6.686687
0,0,0,0,0,0,0,0.001443,0,-0.001962,-0.006053,6.696697
0,0,0,0,0,0,0,0.001423,0,-0.001939,-0.005966,6.706707
0,0,0,0,0,0,0,0.001404,0,-0.001917,-0.005881,6.716717
0,0,0,0,0,0,0,0.001385,0,-0.001895,-0.005796,6.726727
0,0,0,0,0,0,0,0.001366,0,-0.001874,-0.005713,6.736737
0,0,0,0,0,0,0,0.001347,0,-0.001852,-0.00563,6.746747
0,0,0,0,0,0,0,0.001329,0,-0.001831,-0.005549,6.756757
0,0,0,0,0,0,0,0.001311,0,-0.00181,-0.005468,6.766767
0,0,0,0,0,0,0,0.001293,0,-0.001789,-0.005389,6.776777
0,0,0,0,0,0,0,0.001275,0,-0.001768,-0.00531,6.786787
0,0,0,0,0,0,0,0.001257,0,-0.001747,-0.005232,6.796797
0,0,0,0,0,0,0,0.00124,0,-0.001727,-0.005155,6.806807
0,0,0,0,0,0,0,0.001223,0,-0.001707,-0.00508,6.816817
0,0,0,0,0,0,0,0.001206,0,-0.001687,-0.005005,6.826827
0,0,0,0,0,0,0,0.001189,0,-0.001667,-0.004931,6.836837
0,0,0,0,0,0,0,0.001172,0,-0.001647,-0.004858,6.846847
0,0,0,0,0,0,0,0.001156,0,-0.001628,-0.004785,6.856857
0,0,0,0,0,0,0,0.00114,0,-0.001609,-0.004714,6.866867
0,0,0,0,0,0,0,0.001124,0,-0.00159,-0.004643,6.876877
0,0,0,0,0,0,0,0.001108,0,-0.001571,-0.004574,6.886887
0,0,0,0,0,0,0,0.001092,0,-0.001552,-0.004505,6.896897
0,0,0,0,0,0,0,0.001077,0,-0.001534,-0.004437,6.906907
0,0,0,0,0,0,0,0.001062,0,-0.001515,-0.00437,6.916917
0,0,0,0,0,0,0,0.001046,0,-0.001497,-0.004304,6.926927
0,0,0,0,0,0,0,0.001032,0,-0.001479,-0.004238,6.936937
0,0,0,0,0,0,0,0.001017,0,-0.001461,-0.004174,6.946947
0,0,0,0,0,0,0,0.001002,0,-0.001444,-0.00411,6.956957
0,0,0,0,0,0,0,0.000988,0,-0.001426,-0.004047,6.966967
0,0,0,0,0,0,0,0.000974,0,-0.001409,-0.003985,6.976977
0,0,0,0,0,0,0,0.00096,0,-0.001392,-0.003923,6.986987
0,0,0,0,0,0,0,0.000946,0,-0.001375,-0.003863,6.996997
0,0,0,0,0,0,0,0.000932,0,-0.001358,-0.003803,7.007007
0,0,0,0,0,0,0,0.000919,0,-0.001341,-0.003744,7.017017
0,0,0,0,0,0,0,0.000905,0,-0.001324,-0.003685,7.027027
0,0,0,0,0,0,0,0.000892,0,-0.001308,-0.003628,7.037037
0,0,0,0,0,0,0,0.000879,0,-0.001292,-0.003571,7.047047
0,0,0,0,0,0,0,0.000866,0,-0.001276,-0.003515,7.057057
0,0,0,0,0,0,0,0.000854,0,-0.00126,-0.003459,7.067067
0,0,0,0,0,0,0,0.000841,0,-0.001244,-0.003405,7.077077
0,0,0,0,0,0,0,0.000829,0,-0.001229,-0.003351,7.087087
0,0,0,0,0,0,0,0.000816,0,-0.001213,-0.003297,7.097097
0,0,0,0,0,0,0,0.000804,0,-0.001198,-0.003245,7.107107
0,0,0,0,0,0,0,0.000793,0,-0.001183,-0.003193,7.117117
0,0,0,0,0,0,0,0.000781,0,-0.001168,-0.003142,7.127127
0,0,0,0,0,0,0,0.000769,0,-0.001153,-0.003091,7.137137
0,0,0,0,0,0,0,0.000758,0,-0.001138,-0.003041,7.147147
0,0,0,0,0,0,0,0.000746,0,-0.001123,-0.002992,7.157157
0,0,0,0,0,0,0,0.000735,0,-0.001109,-0.002944,7.167167
0,0,0,0,0,0,0,0.000724,0,-0.001095,-0.002896,7.177177
0,0,0,0,0,0,0,0.000713,0,-0.001081,-0.002849,7.187187
0,0,0,0,0,0,0,0.000703,0,-0.001067,-0.002802,7.197197
0,0,0,0,0,0,0,0.000692,0,-0.001053,-0.002756,7.207207
0,0,0,0,0,0,0,0.000681,0,-0.001039,-0.002711,7.217217
0,0,0,0,0,0,0,0.000671,0,-0.001025,-0.002666,7.227227
0,0,0,0,0,0,0,0.000661,0,-0.001012,-0.002622,7.237237
0,0,0,0,0,0,0,0.000651,0,-0.000998,-0.002579,7.247247
0,0,0,0,0,0,0,0.000641,0,-0.000985,-0.002536,7.257257
0,0,0,0,0,0,0,0.000631,0,-0.000972,-0.002493,7.267267
0,0,0,0,0,0,0,0.000621,0,-0.000959,-0.002452,7.277277
0,0,0,0,0,0,0,0.000612,0,-0.000946,-0.002411,7.287287
0,0,0,0,0,0,0,0.000603,0,-0.000934,-0.00237,7.297297
0,0,0,0,0,0,0,0.000593,0,-0.000921,-0.00233,7.307307
0,0,0,0,0,0,0,0.000584,0,-0.000909,-0.002291,7.317317
0,0,0,0,0,0,0,0.000575,0,-0.000896,-0.002252,7.327327
0,0,0,0,0,0,0,0.000566,0,-0.000884,-0.002214,7.337337
0,0,0,0,0,0,0,0.000557,0,-0.000872,-0.002176,7.347347
0,0,0,0,0,0,0,0.000549,0,-0.00086,-0.002139,7.357357
0,0,0,0,0,0,0,0.00054,0,-0.000848,-0.002103,7.367367
0,0,0,0,0,0,0,0.000532,0,-0.000836,-0.002066,7.377377
0,0,0,0,0,0,0,0.000523,0,-0.000825,-0.002031,7.387387
0,0,0,0,0,0,0,0.000515,0,-0.000813,-0.001996,7.397397
0,0,0,0,0,0,0,0.000507,0,-0.000802,-0.001962,7.407407
0,0,0,0,0,0,0,0.000499,0,-0.000791,-0.001928,7.417417
0,0,0,0,0,0,0,0.000491,0,-0.000779,-0.001894,7.427427
0,0,0,0,0,0,0,0.000484,0,-0.000768,-0.001861,7.437437
0,0,0,0,0,0,0,0.000476,0,-0.000757,-0.001829,7.447447
0,0,0,0,0,0,0,0.000468,0,-0.000747,-0.001797,7.457457
0,0,0,0,0,0,0,0.000461,0,-0.000736,-0.001765,7.467467
0,0,0,0,0,0,0,0.000454,0,-0.000725,-0.001734,7.477477
0,0,0,0,0,0,0,0.000446,0,-0.000715,-0.001704,7.487487
0,0,0,0,0,0,0,0.000439,0,-0.000704,-0.001674,7.497497
0,0,0,0,0,0,0,0.000432,0,-0.000694,-0.001644,7.507508
0,0,0,0,0,0,0,0.000425,0,-0.000684,-0.001615,7.517518
0,0,0,0,0,0,0,0.000419,0,-0.000674,-0.001587,7.527528
0,0,0,0,0,0,0,0.000412,0,-0.000664,-0.001559,7.537538
0,0,0,0,0,0,0,0.000405,0,-0.000654,-0.001531,7.547548
0,0,0,0,0,0,0,0.000399,0,-0.000644,-0.001504,7.557558
0,0,0,0,0,0,0,0.000392,0,-0.000635,-0.001477,7.567568
0,0,0,0,0,0,0,0.000386,0,-0.000625,-0.00145,7.577578
0,0,0,0,0,0,0,0.00038,0,-0.000616,-0.001424,7.587588
0,0,0,0,0,0,0,0.000374,0,-0.000606,-0.001399,7.597598
0,0,0,0,0,0,0,0.000368,0,-0.000597,-0.001374,7.607608
0,0,0,0,0,0,0,0.000362,0,-0.000588,-0.001349,7.617618
0,0,0,0,0,0,0,0.000356,0,-0.000579,-0.001325,7.627628
0,0,0,0,0,0,0,0.00035,0,-0.00057,-0.001301,7.637638
0,0,0,0,0,0,0,0.000345,0,-0.000561,-0.001278,7.647648
0,0,0,0,0,0,0,0.000339,0,-0.000552,-0.001255,7.657658
0,0,0,0,0,0,0,0.000334,0,-0.000543,-0.001232,7.667668
0,0,0,0,0,0,0,0.000328,0,-0.000535,-0.00121,7.677678
0,0,0,0,0,0,0,0.000323,0,-0.000526,-0.001188,7.687688
0,0,0,0,0,0,0,0.000318,0,-0.000518,-0.001166,7.697698
0,0,0,0,0,0,0,0.000313,0,-0.00051,-0.001145,7.707708
0,0,0,0,0,0,0,0.000307,0,-0.000501,-0.001125,7.717718
0,0,0,0,0,0,0,0.000302,0,-0.000493,-0.001104,7.727728
0,0,0,0,0,0,0,0.000298,0,-0.000485,-0.001084,7.737738
0,0,0,0,0,0,0,0.000293,0,-0.000477,-0.001065,7.747748
0,0,0,0,0,0,0,0.000288,0,-0.000469,-0.001045,7.757758
0,0,0,0,0,0,0,0.000283,0,-0.000462,-0.001027,7.767768
0,0,0,0,0,0,0,0.000279,0,-0.000454,-0.001008,7.777778
0,0,0,0,0,0,0,0.000274,0,-0.000446,-0.00099,7.787788
0,0,0,0,0,0,0,0.00027,0,-0.000439,-0.000972,7.797798
0,0,0,0,0,0,0,0.000265,0,-0.000431,-0.000955,7.807808
0,0,0,0,0,0,0,0.000261,0,-0.000424,-0.000937,7.817818
0,0,0,0,0,0,0,0.000257,0,-0.000417,-0.000921,7.827828
0,0,0,0,0,0,0,0.000253,0,-0.00041,-0.000904,7.837838
0,0,0,0,0,0,0,0.000249,0,-0.000402,-0.000888,7.847848
0,0,0,0,0,0,0,0.000245,0,-0.000395,-0.000872,7.857858
0,0,0,0,0,0,0,0.000241,0,-0.000389,-0.000857,7.867868
0,0,0,0,0,0,0,0.000237,0,-0.000382,-0.000842,7.877878
0,0,0,0,0,0,0,0.000233,0,-0.000375,-0.000827,7.887888
0,0,0,0,0,0,0,0.00023,0,-0.000368,-0.000812,7.897898
0,0,0,0,0,0,0,0.000226,0,-0.000362,-0.000798,7.907908
0,0,0,0,0,0,0,0.000222,0,-0.000355,-0.000784,7.917918
0,0,0,0,0,0,0,0.000219,0,-0.000349,-0.00077,7.927928
0,0,0,0,0,0,0,0.000215,0,-0.000342,-0.000757,7.937938
0,0,0,0,0,0,0,0.000212,0,-0.000336,-0.000744,7.947948
0,0,0,0,0,0,0,0.000209,0,-0.00033,-0.000731,7.957958
0,0,0,0,0,0,0,0.000205,0,-0.000324,-0.000718,7.967968
0,0,0,0,0,0,0,0.000202,0,-0.000318,-0.000706,7.977978
0,0,0,0,0,0,0,0.000199,0,-0.000312,-0.000694,7.987988
0,0,0,0,0,0,0,0.000196,0,-0.000306,-0.000683,7.997998
0,0,0,0,0,0,0,0.000193,0,-0.0003,-0.000671,8.008008
0,0,0,0,0,0,0,0.00019,0,-0.000294,-0.00066,8.018018
0,0,0,0,0,0,0,0.000187,0,-0.000288,-0.000649,8.028028
0,0,0,0,0,0,0,0.000184,0,-0.000283,-0.000639,8.038038
0,0,0,0,0,0,0,0.000181,0,-0.000277,-0.000628,8.048048
0,0,0,0,0,0,0,0.000179,0,-0.000272,-0.000618,8.058058
0,0,0,0,0,0,0,0.000176,0,-0.000266,-0.000608,8.068068
0,0,0,0,0,0,0,0.000173,0,-0.000261,-0.000599,8.078078
0,0,0,0,0,0,0,0.000171,0,-0.000256,-0.000589,8.088088
0,0,0,0,0,0,0,0.000168,0,-0.000251,-0.00058,8.098098
0,0,0,0,0,0,0,0.000166,0,-0.000246,-0.000571,8.108108
0,0,0,0,0,0,0,0.000163,0,-0.00024,-0.000563,8.118118
0,0,0,0,0,0,0,0.000161,0,-0.000236,-0.000554,8.128128
0,0,0,0,0,0,0,0.000158,0,-0.000231,-0.000546,8.138138
0,0,0,0,0,0,0,0.000156,0,-0.000226,-0.000538,8.148148
0,0,0,0,0,0,0,0.000154,0,-0.000221,-0.000531,8.158158
0,0,0,0,0,0,0,0.000152,0,-0.000216,-0.000523,8.168168
0,0,0,0,0,0,0,0.00015,0,-0.000212,-0.000516,8.178178
0,0,0,0,0,0,0,0.000147,0,-0.000207,-0.000509,8.188188
0,0,0,0,0,0,0,0.000145,0,-0.000203,-0.000502,8.198198
0,0,0,0,0,0,0,0.000143,0,-0.000198,-0.000495,8.208208
0,0,0,0,0,0,0,0.000141,0,-0.000194,-0.000489,8.218218
0,0,0,0,0,0,0,0.00014,0,-0.00019,-0.000483,8.228228
0,0,0,0,0,0,0,0.000138,0,-0.000186,-0.000477,8.238238
0,0,0,0,0,0,0,0.000136,0,-0.000181,-0.000471,8.248248
0,0,0,0,0,0,0,0.000134,0,-0.000177,-0.000465,8.258258
0,0,0,0,0,0,0,0.000132,0,-0.000173,-0.00046,8.268268
0,0,0,0,0,0,0,0.000131,0,-0.000169,-0.000454,8.278278
0,0,0,0,0,0,0,0.000129,0,-0.000166,-0.000449,8.288288
0,0,0,0,0,0,0,0.000127,0,-0.000162,-0.000444,8.298298
0,0,0,0,0,0,0,0.000126,0,-0.000158,-0.000439,8.308308
0,0,0,0,0,0,0,0.000124,0,-0.000154,-0.000435,8.318318
0,0,0,0,0,0,0,0.000123,0,-0.000151,-0.000431,8.328328
0,0,0,0,0,0,0,0.000121,0,-0.000147,-0.000426,8.338338
0,0,0,0,0,0,0,0.00012,0,-0.000144,-0.000422,8.348348
0,0,0,0,0,0,0,0.000118,0,-0.00014,-0.000418,8.358358
0,0,0,0,0,0,0,0.000117,0,-0.000137,-0.000415,8.368368
0,0,0,0,0,0,0,0.000115,0,-0.000134,-0.000411,8.378378
0,0,0,0,0,0,0,0.000114,0,-0.000131,-0.000408,8.388388
0,0,0,0,0,0,0,0.000113,0,-0.000127,-0.000404,8.398398
0,0,0,0,0,0,0,0.000112,0,-0.000124,-0.000401,8.408408
0,0,0,0,0,0,0,0.00011,0,-0.000121,-0.000398,8.418418
0,0,0,0,0,0,0,0.000109,0,-0.000118,-0.000395,8.428428
0,0,0,0,0,0,0,0.000108,0,-0.000115,-0.000393,8.438438
0,0,0,0,0,0,0,0.000107,0,-0.000113,-0.00039,8.448448
0,0,0,0,0,0,0,0.000106,0,-0.00011,-0.000388,8.458458
0,0,0,0,0,0,0,0.000105,0,-0.000107,-0.000385,8.468468
0,0,0,0,0,0,0,0.000104,0,-0.000105,-0.000383,8.478478
0,0,0,0,0,0,0,0.000103,0,-0.000102,-0.000381,8.488488
0,0,0,0,0,0,0,0.000102,0,-9.9E-05,-0.000379,8.498498
0,0,0,0,0,0,0,0.000101,0,-9.7E-05,-0.000377,8.508509
0,0,0,0,0,0,0,0.0001,0,-9.5E-05,-0.000376,8.518519
0,0,0,0,0,0,0,9.9E-05,0,-9.2E-05,-0.000374,8.528529
0,0,0,0,0,0,0,9.8E-05,0,-9E-05,-0.000372,8.538539
0,0,0,0,0,0,0,9.7E-05,0,-8.8E-05,-0.000371,8.548549
0,0,0,0,0,0,0,9.6E-05,0,-8.6E-05,-0.00037,8.558559
0,0,0,0,0,0,0,9.5E-05,0,-8.4E-05,-0.000369,8.568569
0,0,0,0,0,0,0,9.4E-05,0,-8.2E-05,-0.000367,8.578579
0,0,0,0,0,0,0,9.4E-05,0,-8E-05,-0.000366,8.588589
0,0,0,0,0,0,0,9.3E-05,0,-7.8E-05,-0.000366,8.598599
0,0,0,0,0,0,0,9.2E-05,0,-7.6E-05,-0.000365,8.608609
0,0,0,0,0,0,0,9.1E-05,0,-7.4E-05,-0.000364,8.618619
0,0,0,0,0,0,0,9E-05,0,-7.2E-05,-0.000363,8.628629
0,0,0,0,0,0,0,9E-05,0,-7.1E-05,-0.000363,8.638639
0,0,0,0,0,0,0,8.9E-05,0,-6.9E-05,-0.000362,8.648649
0,0,0,0,0,0,0,8.8E-05,0,-6.8E-05,-0.000362,8.658659
0,0,0,0,0,0,0,8.8E-05,0,-6.6E-05,-0.000361,8.668669
0,0,0,0,0,0,0,8.7E-05,0,-6.5E-05,-0.000361,8.678679
0,0,0,0,0,0,0,8.6E-05,0,-6.3E-05,-0.000361,8.688689
0,0,0,0,0,0,0,8.6E-05,0,-6.2E-05,-0.000361,8.698699
0,0,0,0,0,0,0,8.5E-05,0,-6.1E-05,-0.00036,8.708709
0,0,0,0,0,0,0,8.5E-05,0,-6E-05,-0.00036,8.718719
0,0,0,0,0,0,0,8.4E-05,0,-5.9E-05,-0.00036,8.728729
0,0,0,0,0,0,0,8.3E-05,0,-5.7E-05,-0.00036,8.738739
0,0,0,0,0,0,0,8.3E-05,0,-5.6E-05,-0.00036,8.748749
0,0,0,0,0,0,0,8.2E-05,0,-5.6E-05,-0.00036,8.758759
0,0,0,0,0,0,0,8.2E-05,0,-5.5E-05,-0.00036,8.768769
0,0,0,0,0,0,0,8.1E-05,0,-5.4E-05,-0.00036,8.778779
0,0,0,0,0,0,0,8.1E-05,0,-5.3E-05,-0.000361,8.788789
0,0,0,0,0,0,0,8E-05,0,-5.2E-05,-0.000361,8.798799
0,0,0,0,0,0,0,8E-05,0,-5.2E-05,-0.000361,8.808809
0,0,0,0,0,0,0,7.9E-05,0,-5.1E-05,-0.000361,8.818819
0,0,0,0,0,0,0,7.9E-05,0,-5E-05,-0.000361,8.828829
0,0,0,0,0,0,0,7.8E-05,0,-5E-05,-0.000362,8.838839
0,0,0,0,0,0,0,7.8E-05,0,-4.9E-05,-0.000362,8.848849
0,0,0,0,0,0,0,7.7E-05,0,-4.9E-05,-0.000362,8.858859
0,0,0,0,0,0,0,7.7E-05,0,-4.9E-05,-0.000362,8.868869
0,0,0,0,0,0,0,7.6E-05,0,-4.8E-05,-0.000362,8.878879
0,0,0,0,0,0,0,7.6E-05,0,-4.8E-05,-0.000363,8.888889
0,0,0,0,0,0,0,7.5E-05,0,-4.8E-05,-0.000363,8.898899
0,0,0,0,0,0,0,7.5E-05,0,-4.8E-05,-0.000363,8.908909
0,0,0,0,0,0,0,7.4E-05,0,-4.8E-05,-0.000363,8.918919
0,0,0,0,0,0,0,7.4E-05,0,-4.8E-05,-0.000363,8.928929
0,0,0,0,0,0,0,7.3E-05,0,-4.8E-05,-0.000363,8.938939
0,0,0,0,0,0,0,7.3E-05,0,-4.8E-05,-0.000363,8.948949
0,0,0,0,0,0,0,7.2E-05,0,-4.8E-05,-0.000363,8.958959
0,0,0,0,0,0,0,7.2E-05,0,-4.8E-05,-0.000363,8.968969
0,0,0,0,0,0,0,7.1E-05,0,-4.8E-05,-0.000363,8.978979
0,0,0,0,0,0,0,7.1E-05,0,-4.9E-05,-0.000363,8.988989
0,0,0,0,0,0,0,7E-05,0,-4.9E-05,-0.000363,8.998999
0,0,0,0,0,0,0,7E-05,0,-4.9E-05,-0.000363,9.009009
0,0,0,0,0,0,0,6.9E-05,0,-5E-05,-0.000362,9.019019
0,0,0,0,0,0,0,6.9E-05,0,-5E-05,-0.000362,9.029029
0,0,0,0,0,0,0,6.8E-05,0,-5E-05,-0.000361,9.039039
0,0,0,0,0,0,0,6.8E-05,0,-5.1E-05,-0.000361,9.049049
0,0,0,0,0,0,0,6.7E-05,0,-5.1E-05,-0.00036,9.059059
0,0,0,0,0,0,0,6.7E-05,0,-5.2E-05,-0.00036,9.069069
0,0,0,0,0,0,0,6.6E-05,0,-5.3E-05,-0.000359,9.079079
0,0,0,0,0,0,0,6.6E-05,0,-5.3E-05,-0.000358,9.089089
0,0,0,0,0,0,0,6.5E-05,0,-5.4E-05,-0.000357,9.099099
0,0,0,0,0,0,0,6.5E-05,0,-5.5E-05,-0.000356,9.109109
0,0,0,0,0,0,0,6.4E-05,0,-5.5E-05,-0.000355,9.119119
0,0,0,0,0,0,0,6.4E-05,0,-5.6E-05,-0.000354,9.129129
0,0,0,0,0,0,0,6.3E-05,0,-5.7E-05,-0.000353,9.139139
0,0,0,0,0,0,0,6.2E-05,0,-5.8E-05,-0.000351,9.149149
0,0,0,0,0,0,0,6.2E-05,0,-5.9E-05,-0.00035,9.159159
0,0,0,0,0,0,0,6.1E-05,0,-5.9E-05,-0.000348,9.169169
0,0,0,0,0,0,0,6.1E-05,0,-6E-05,-0.000346,9.179179
0,0,0,0,0,0,0,6E-05,0,-6.1E-05,-0.000344,9.189189
0,0,0,0,0,0,0,5.9E-05,0,-6.2E-05,-0.000342,9.199199
0,0,0,0,0,0,0,5.9E-05,0,-6.3E-05,-0.00034,9.209209
0,0,0,0,0,0,0,5.8E-05,0,-6.4E-05,-0.000338,9.219219
0,0,0,0,0,0,0,5.8E-05,0,-6.5E-05,-0.000335,9.229229
0,0,0,0,0,0,0,5.7E-05,0,-6.6E-05,-0.000333,9.239239
0,0,0,0,0,0,0,5.6E-05,0,-6.7E-05,-0.00033,9.249249
0,0,0,0,0,0,0,5.6E-05,0,-6.8E-05,-0.000327,9.259259
0,0,0,0,0,0,0,5.5E-05,0,-6.9E-05,-0.000324,9.269269
0,0,0,0,0,0,0,5.4E-05,0,-7E-05,-0.000321,9.279279
0,0,0,0,0,0,0,5.3E-05,0,-7.1E-05,-0.000318,9.289289
0,0,0,0,0,0,0,5.3E-05,0,-7.2E-05,-0.000315,9.299299
0,0,0,0,0,0,0,5.2E-05,0,-7.3E-05,-0.000311,9.309309
0,0,0,0,0,0,0,5.1E-05,0,-7.5E-05,-0.000307,9.319319
0,0,0,0,0,0,0,5E-05,0,-7.6E-05,-0.000304,9.329329
0,0,0,0,0,0,0,5E-05,0,-7.7E-05,-0.0003,9.339339
0,0,0,0,0,0,0,4.9E-05,0,-7.8E-05,-0.000295,9.349349
0,0,0,0,0,0,0,4.8E-05,0,-7.9E-05,-0.000291,9.359359
0,0,0,0,0,0,0,4.7E-05,0,-8E-05,-0.000287,9.369369
0,0,0,0,0,0,0,4.7E-05,0,-8.1E-05,-0.000282,9.379379
0,0,0,0,0,0,0,4.6E-05,0,-8.2E-05,-0.000277,9.389389
0,0,0,0,0,0,0,4.5E-05,0,-8.3E-05,-0.000272,9.399399
0,0,0,0,0,0,0,4.4E-05,0,-8.4E-05,-0.000267,9.409409
0,0,0,0,0,0,0,4.3E-05,0,-8.5E-05,-0.000262,9.419419
0,0,0,0,0,0,0,4.2E-05,0,-8.5E-05,-0.000256,9.429429
0,0,0,0,0,0,0,4.2E-05,0,-8.6E-05,-0.000251,9.439439
0,0,0,0,0,0,0,4.1E-05,0,-8.7E-05,-0.000245,9.449449
0,0,0,0,0,0,0,4E-05,0,-8.8E-05,-0.000239,9.459459
0,0,0,0,0,0,0,3.9E-05,0,-8.9E-05,-0.000233,9.469469
0,0,0,0,0,0,0,3.8E-05,0,-8.9E-05,-0.000227,9.479479
0,0,0,0,0,0,0,3.7E-05,0,-9E-05,-0.00022,9.489489
0,0,0,0,0,0,0,3.6E-05,0,-9.1E-05,-0.000213,9.499499
0,0,0,0,0,0,0,3.5E-05,0,-9.1E-05,-0.000207,9.50951
0,0,0,0,0,0,0,3.4E-05,0,-9.2E-05,-0.0002,9.51952
0,0,0,0,0,0,0,3.3E-05,0,-9.2E-05,-0.000193,9.52953
0,0,0,0,0,0,0,3.3E-05,0,-9.3E-05,-0.000186,9.53954
0,0,0,0,0,0,0,3.2E-05,0,-9.3E-05,-0.000178,9.54955
0,0,0,0,0,0,0,3.1E-05,0,-9.4E-05,-0.000171,9.55956
0,0,0,0,0,0,0,3E-05,0,-9.4E-05,-0.000163,9.56957
0,0,0,0,0,0,0,2.9E-05,0,-9.4E-05,-0.000155,9.57958
0,0,0,0,0,0,0,2.8E-05,0,-9.4E-05,-0.000147,9.58959
0,0,0,0,0,0,0,2.7E-05,0,-9.4E-05,-0.000139,9.5996
0,0,0,0,0,0,0,2.6E-05,0,-9.4E-05,-0.000131,9.60961
0,0,0,0,0,0,0,2.5E-05,0,-9.4E-05,-0.000122,9.61962
0,0,0,0,0,0,0,2.4E-05,0,-9.4E-05,-0.000114,9.62963
0,0,0,0,0,0,0,2.3E-05,0,-9.4E-05,-0.000105,9.63964
0,0,0,0,0,0,0,2.2E-05,0,-9.4E-05,-9.6E-05,9.64965
0,0,0,0,0,0,0,2.1E-05,0,-9.3E-05,-8.7E-05,9.65966
0,0,0,0,0,0,0,2E-05,0,-9.3E-05,-7.8E-05,9.66967
0,0,0,0,0,0,0,1.9E-05,0,-9.2E-05,-6.9E-05,9.67968
0,0,0,0,0,0,0,1.8E-05,0,-9.2E-05,-5.9E-05,9.68969
0,0,0,0,0,0,0,1.8E-05,0,-9.1E-05,-5E-05,9.6997
0,0,0,0,0,0,0,1.7E-05,0,-9E-05,-4E-05,9.70971
0,0,0,0,0,0,0,1.6E-05,0,-8.9E-05,-3E-05,9.71972
0,0,0,0,0,0,0,1.5E-05,0,-8.8E-05,-2E-05,9.72973
0,0,0,0,0,0,0,1.4E-05,0,-8.7E-05,-1E-05,9.73974
0,0,0,0,0,0,0,1.3E-05,0,-8.5E-05,0,9.74975
0,0,0,0,0,0,0,1.2E-05,0,-8.4E-05,1E-05,9.75976
0,0,0,0,0,0,0,1.1E-05,0,-8.2E-05,2.1E-05,9.76977
0,0,0,0,0,0,0,1.1E-05,0,-8.1E-05,3.1E-05,9.77978
0,0,0,0,0,0,0,1E-05,0,-7.9E-05,4.2E-05,9.78979
0,0,0,0,0,0,0,9E-06,0,-7.7E-05,5.3E-05,9.7998
0,0,0,0,0,0,0,8E-06,0,-7.5E-05,6.4E-05,9.80981
0,0,0,0,0,0,0,8E-06,0,-7.3E-05,7.5E-05,9.81982
0,0,0,0,0,0,0,7E-06,0,-7E-05,8.6E-05,9.82983
0,0,0,0,0,0,0,6E-06,0,-6.8E-05,9.8E-05,9.83984
0,0,0,0,0,0,0,6E-06,0,-6.5E-05,0.000109,9.84985
0,0,0,0,0,0,0,5E-06,0,-6.2E-05,0.000121,9.85986
0,0,0,0,0,0,0,4E-06,0,-5.9E-05,0.000133,9.86987
0,0,0,0,0,0,0,4E-06,0,-5.6E-05,0.000145,9.87988
0,0,0,0,0,0,0,3E-06,0,-5.2E-05,0.000158,9.88989
0,0,0,0,0,0,0,3E-06,0,-4.9E-05,0.00017,9.8999
0,0,0,0,0,0,0,2E-06,0,-4.5E-05,0.000183,9.90991
0,0,0,0,0,0,0,2E-06,0,-4.1E-05,0.000196,9.91992
0,0,0,0,0,0,0,1E-06,0,-3.7E-05,0.000209,9.92993
0,0,0,0,0,0,0,1E-06,0,-3.2E-05,0.000222,9.93994
0,0,0,0,0,0,0,1E-06,0,-2.7E-05,0.000236,9.94995
0,0,0,0,0,0,0,0,0,-2.2E-05,0.00025,9.95996
0,0,0,0,0,0,0,0,0,-1.7E-05,0.000265,9.96997
0,0,0,0,0,0,0,0,0,-1.2E-05,0.000279,9.97998
0,0,0,0,0,0,0,0,0,-6E-06,0.000294,9.98999
0,0,0,0,0,0,0,0,0,0,0.000309,10
m_value	M_value	L_value	g_value	d_value	b_value	theta_cmd	theta_0	thetadot_cmd	theta_dot_0	F_value	t0
0	0	0	0	0	0	0	0.7	0	0.0	-5.004597	0.0
0	0	0	0	0	0	0	0.699846	0	-0.030562	-4.917002	0.01001
0	0	0	0	0	0	0	0.699394	0	-0.059397	-4.832115	0.02002
0	0	0	0	0	0	0	0.698662	0	-0.086589	-4.749828	0.03003
0	0	0	0	0	0	0	0.697666	0	-0.112218	-4.670034	0.04004
0	0	0	0	0	0	0	0.69642	0	-0.136359	-4.592635	0.05005
0	0	0	0	0	0	0	0.69494	0	-0.159083	-4.517534	0.06006
0	0	0	0	0	0	0	0.69324	0	-0.180461	-4.44464	0.07007
0	0	0	0	0	0	0	0.691332	0	-0.200557	-4.373865	0.08008
0	0	0	0	0	0	0	0.689229	0	-0.219435	-4.305124	0.09009
0	0	0	0	0	0	0	0.686943	0	-0.237153	-4.238338	0.1001
0	0	0	0	0	0	0	0.684485	0	-0.253768	-4.173429	0.11011
0	0	0	0	0	0	0	0.681866	0	-0.269336	-4.110323	0.12012
0	0	0	0	0	0	0	0.679096	0	-0.283908	-4.048949	0.13013
0	0	0	0	0	0	0	0.676185	0	-0.297532	-3.98924	0.14014
0	0	0	0	0	0	0	0.673142	0	-0.310256	-3.931131	0.15015
0	0	0	0	0	0	0	0.669977	0	-0.322125	-3.874561	0.16016
0	0	0	0	0	0	0	0.666696	0	-0.333182	-3.819468	0.17017
0	0	0	0	0	0	0	0.663309	0	-0.343466	-3.765798	0.18018
0	0	0	0	0	0	0	0.659822	0	-0.353018	-3.713494	0.19019
0	0	0	0	0	0	0	0.656244	0	-0.361874	-3.662506	0.2002
0	0	0	0	0	0	0	0.65258	0	-0.370068	-3.612783	0.21021
0	0	0	0	0	0	0	0.648837	0	-0.377635	-3.564277	0.22022
0	0	0	0	0	0	0	0.645022	0	-0.384607	-3.516943	0.23023
0	0	0	0	0	0	0	0.641139	0	-0.391014	-3.470736	0.24024
0	0	0	0	0	0	0	0.637195	0	-0.396885	-3.425615	0.25025
0	0	0	0	0	0	0	0.633195	0	-0.402247	-3.38154	0.26026
0	0	0	0	0	0	0	0.629144	0	-0.407128	-3.338472	0.27027
0	0	0	0	0	0	0	0.625046	0	-0.411551	-3.296373	0.28028
0	0	0	0	0	0	0	0.620906	0	-0.415542	-3.25521	0.29029
0	0	0	0	0	0	0	0.616728	0	-0.419122	-3.214948	0.3003
0	0	0	0	0	0	0	0.612516	0	-0.422313	-3.175555	0.31031
0	0	0	0	0	0	0	0.608275	0	-0.425136	-3.136999	0.32032
0	0	0	0	0	0	0	0.604006	0	-0.427611	-3.099251	0.33033
0	0	0	0	0	0	0	0.599715	0	-0.429756	-3.062283	0.34034
0	0	0	0	0	0	0	0.595404	0	-0.431588	-3.026068	0.35035
0	0	0	0	0	0	0	0.591076	0	-0.433126	-2.990578	0.36036
0	0	0	0	0	0	0	0.586733	0	-0.434384	-2.95579	0.37037
0	0	0	0	0	0	0	0.58238	0	-0.435379	-2.921679	0.38038
0	0	0	0	0	0	0	0.578018	0	-0.436124	-2.888223	0.39039
0	0	0	0	0	0	0	0.57365	0	-0.436634	-2.855399	0.4004
0	0	0	0	0	0	0	0.569277	0	-0.436922	-2.823186	0.41041
0	0	0	0	0	0	0	0.564903	0	-0.437	-2.791565	0.42042
0	0	0	0	0	0	0	0.560529	0	-0.43688	-2.760515	0.43043
0	0	0	0	0	0	0	0.556157	0	-0.436574	-2.730019	0.44044
0	0	0	0	0	0	0	0.55179	0	-0.436092	-2.700058	0.45045
0	0	0	0	0	0	0	0.547427	0	-0.435445	-2.670616	0.46046
0	0	0	0	0	0	0	0.543072	0	-0.434643	-2.641676	0.47047
0	0	0	0	0	0	0	0.538726	0	-0.433694	-2.613223	0.48048
0	0	0	0	0	0	0	0.53439	0	-0.432607	-2.585241	0.49049
0	0	0	0	0	0	0	0.530066	0	-0.431391	-2.557717	0.500501
0	0	0	0	0	0	0	0.525754	0	-0.430054	-2.530636	0.510511
0	0	0	0	0	0	0	0.521457	0	-0.428603	-2.503985	0.520521
0	0	0	0	0	0	0	0.517174	0	-0.427046	-2.477752	0.530531
0	0	0	0	0	0	0	0.512908	0	-0.425388	-2.451924	0.540541
0	0	0	0	0	0	0	0.508658	0	-0.423638	-2.42649	0.550551
0	0	0	0	0	0	0	0.504427	0	-0.4218	-2.401439	0.560561
0	0	0	0	0	0	0	0.500214	0	-0.419882	-2.376759	0.570571
0	0	0	0	0	0	0	0.496021	0	-0.417887	-2.352441	0.580581
0	0	0	0	0	0	0	0.491848	0	-0.415822	-2.328475	0.590591
0	0	0	0	0	0	0	0.487696	0	-0.413691	-2.30485	0.600601
0	0	0	0	0	0	0	0.483566	0	-0.4115	-2.281559	0.610611
0	0	0	0	0	0	0	0.479458	0	-0.409252	-2.258592	0.620621
0	0	0	0	0	0	0	0.475373	0	-0.406952	-2.23594	0.630631
0	0	0	0	0	0	0	0.471311	0	-0.404604	-2.213597	0.640641
0	0	0	0	0	0	0	0.467273	0	-0.402212	-2.191553	0.650651
0	0	0	0	0	0	0	0.463259	0	-0.399779	-2.169802	0.660661
0	0	0	0	0	0	0	0.45927	0	-0.397309	-2.148337	0.670671
0	0	0	0	0	0	0	0.455305	0	-0.394805	-2.12715	0.680681
0	0	0	0	0	0	0	0.451366	0	-0.392271	-2.106234	0.690691
0	0	0	0	0	0	0	0.447452	0	-0.389708	-2.085584	0.700701
0	0	0	0	0	0	0	0.443564	0	-0.38712	-2.065194	0.710711
0	0	0	0	0	0	0	0.439702	0	-0.38451	-2.045057	0.720721
0	0	0	0	0	0	0	0.435866	0	-0.38188	-2.025167	0.730731
0	0	0	0	0	0	0	0.432057	0	-0.379231	-2.00552	0.740741
0	0	0	0	0	0	0	0.428274	0	-0.376568	-1.98611	0.750751
0	0	0	0	0	0	0	0.424518	0	-0.373891	-1.966932	0.760761
0	0	0	0	0	0	0	0.420789	0	-0.371202	-1.947981	0.770771
0	0	0	0	0	0	0	0.417086	0	-0.368504	-1.929252	0.780781
0	0	0	0	0	0	0	0.413411	0	-0.365798	-1.910741	0.790791
0	0	0	0	0	0	0	0.409763	0	-0.363086	-1.892444	0.800801
0	0	0	0	0	0	0	0.406142	0	-0.360369	-1.874356	0.810811
0	0	0	0	0	0	0	0.402548	0	-0.357649	-1.856472	0.820821
0	0	0	0	0	0	0	0.398982	0	-0.354928	-1.838791	0.830831
0	0	0	0	0	0	0	0.395443	0	-0.352206	-1.821306	0.840841
0	0	0	0	0	0	0	0.391931	0	-0.349485	-1.804015	0.850851
0	0	0	0	0	0	0	0.388446	0	-0.346766	-1.786915	0.860861
0	0	0	0	0	0	0	0.384989	0	-0.34405	-1.770001	0.870871
0	0	0	0	0	0	0	0.381558	0	-0.341338	-1.753271	0.880881
0	0	0	0	0	0	0	0.378155	0	-0.338631	-1.736721	0.890891
0	0	0	0	0	0	0	0.374779	0	-0.33593	-1.720348	0.900901
0	0	0	0	0	0	0	0.37143	0	-0.333236	-1.70415	0.910911
0	0	0	0	0	0	0	0.368107	0	-0.33055	-1.688123	0.920921
0	0	0	0	0	0	0	0.364812	0	-0.327872	-1.672264	0.930931
0	0	0	0	0	0	0	0.361543	0	-0.325204	-1.656571	0.940941
0	0	0	0	0	0	0	0.358301	0	-0.322545	-1.641041	0.950951
0	0	0	0	0	0	0	0.355086	0	-0.319896	-1.625672	0.960961
0	0	0	0	0	0	0	0.351897	0	-0.317259	-1.610461	0.970971
0	0	0	0	0	0	0	0.348734	0	-0.314633	-1.595406	0.980981
0	0	0	0	0	0	0	0.345598	0	-0.312019	-1.580504	0.990991
0	0	0	0	0	0	0	0.342488	0	-0.309418	-1.565753	1.001001
0	0	0	0	0	0	0	0.339403	0	-0.306829	-1.551151	1.011011
0	0	0	0	0	0	0	0.336345	0	-0.304254	-1.536695	1.021021
0	0	0	0	0	0	0	0.333312	0	-0.301693	-1.522385	1.031031
0	0	0	0	0	0	0	0.330305	0	-0.299145	-1.508217	1.041041
0	0	0	0	0	0	0	0.327323	0	-0.296612	-1.494189	1.051051
0	0	0	0	0	0	0	0.324367	0	-0.294094	-1.480301	1.061061
0	0	0	0	0	0	0	0.321435	0	-0.29159	-1.466549	1.071071
0	0	0	0	0	0	0	0.318529	0	-0.289102	-1.452932	1.081081
0	0	0	0	0	0	0	0.315648	0	-0.286629	-1.439449	1.091091
0	0	0	0	0	0	0	0.312791	0	-0.284172	-1.426097	1.101101
0	0	0	0	0	0	0	0.309958	0	-0.28173	-1.412876	1.111111
0	0	0	0	0	0	0	0.30715	0	-0.279305	-1.399782	1.121121
0	0	0	0	0	0	0	0.304367	0	-0.276895	-1.386815	1.131131
0	0	0	0	0	0	0	0.301607	0	-0.274502	-1.373973	1.141141
0	0	0	0	0	0	0	0.298871	0	-0.272125	-1.361255	1.151151
0	0	0	0	0	0	0	0.296159	0	-0.269765	-1.348658	1.161161
0	0	0	0	0	0	0	0.29347	0	-0.267421	-1.336182	1.171171
0	0	0	0	0	0	0	0.290805	0	-0.265094	-1.323826	1.181181
0	0	0	0	0	0	0	0.288163	0	-0.262783	-1.311587	1.191191
0	0	0	0	0	0	0	0.285544	0	-0.26049	-1.299464	1.201201
0	0	0	0	0	0	0	0.282948	0	-0.258213	-1.287456	1.211211
0	0	0	0	0	0	0	0.280375	0	-0.255952	-1.275562	1.221221
0	0	0	0	0	0	0	0.277824	0	-0.253709	-1.263781	1.231231
0	0	0	0	0	0	0	0.275295	0	-0.251483	-1.25211	1.241241
0	0	0	0	0	0	0	0.272789	0	-0.249273	-1.24055	1.251251
0	0	0	0	0	0	0	0.270305	0	-0.247081	-1.229098	1.261261
0	0	0	0	0	0	0	0.267842	0	-0.244905	-1.217754	1.271271
0	0	0	0	0	0	0	0.265402	0	-0.242746	-1.206516	1.281281
0	0	0	0	0	0	0	0.262983	0	-0.240604	-1.195383	1.291291
0	0	0	0	0	0	0	0.260585	0	-0.238479	-1.184354	1.301301
0	0	0	0	0	0	0	0.258208	0	-0.23637	-1.173428	1.311311
0	0	0	0	0	0	0	0.255853	0	-0.234278	-1.162604	1.321321
0	0	0	0	0	0	0	0.253518	0	-0.232203	-1.151881	1.331331
0	0	0	0	0	0	0	0.251204	0	-0.230145	-1.141257	1.341341
0	0	0	0	0	0	0	0.24891	0	-0.228103	-1.130733	1.351351
0	0	0	0	0	0	0	0.246637	0	-0.226078	-1.120305	1.361361
0	0	0	0	0	0	0	0.244384	0	-0.224069	-1.109975	1.371371
0	0	0	0	0	0	0	0.242151	0	-0.222076	-1.09974	1.381381
0	0	0	0	0	0	0	0.239938	0	-0.2201	-1.0896	1.391391
0	0	0	0	0	0	0	0.237745	0	-0.21814	-1.079553	1.401401
0	0	0	0	0	0	0	0.235571	0	-0.216197	-1.069599	1.411411
0	0	0	0	0	0	0	0.233416	0	-0.214269	-1.059737	1.421421
0	0	0	0	0	0	0	0.231281	0	-0.212357	-1.049966	1.431431
0	0	0	0	0	0	0	0.229165	0	-0.210462	-1.040286	1.441441
0	0	0	0	0	0	0	0.227068	0	-0.208582	-1.030694	1.451451
0	0	0	0	0	0	0	0.224989	0	-0.206718	-1.02119	1.461461
0	0	0	0	0	0	0	0.222929	0	-0.20487	-1.011774	1.471471
0	0	0	0	0	0	0	0.220887	0	-0.203037	-1.002445	1.481481
0	0	0	0	0	0	0	0.218864	0	-0.20122	-0.993201	1.491491
0	0	0	0	0	0	0	0.216859	0	-0.199418	-0.984042	1.501502
0	0	0	0	0	0	0	0.214872	0	-0.197631	-0.974967	1.511512
0	0	0	0	0	0	0	0.212902	0	-0.19586	-0.965975	1.521522
0	0	0	0	0	0	0	0.210951	0	-0.194103	-0.957066	1.531532
0	0	0	0	0	0	0	0.209016	0	-0.192362	-0.948238	1.541542
0	0	0	0	0	0	0	0.2071	0	-0.190636	-0.939492	1.551552
0	0	0	0	0	0	0	0.2052	0	-0.188924	-0.930825	1.561562
0	0	0	0	0	0	0	0.203317	0	-0.187227	-0.922238	1.571572
0	0	0	0	0	0	0	0.201451	0	-0.185545	-0.913729	1.581582
0	0	0	0	0	0	0	0.199603	0	-0.183877	-0.905298	1.591592
0	0	0	0	0	0	0	0.19777	0	-0.182224	-0.896944	1.601602
0	0	0	0	0	0	0	0.195954	0	-0.180584	-0.888667	1.611612
0	0	0	0	0	0	0	0.194155	0	-0.178959	-0.880465	1.621622
0	0	0	0	0	0	0	0.192372	0	-0.177349	-0.872338	1.631632
0	0	0	0	0	0	0	0.190604	0	-0.175752	-0.864285	1.641642
0	0	0	0	0	0	0	0.188853	0	-0.174169	-0.856306	1.651652
0	0	0	0	0	0	0	0.187117	0	-0.1726	-0.8484	1.661662
0	0	0	0	0	0	0	0.185397	0	-0.171044	-0.840566	1.671672
0	0	0	0	0	0	0	0.183693	0	-0.169502	-0.832804	1.681682
0	0	0	0	0	0	0	0.182004	0	-0.167973	-0.825112	1.691692
0	0	0	0	0	0	0	0.18033	0	-0.166458	-0.817491	1.701702
0	0	0	0	0	0	0	0.178671	0	-0.164956	-0.809939	1.711712
0	0	0	0	0	0	0	0.177028	0	-0.163468	-0.802456	1.721722
0	0	0	0	0	0	0	0.175399	0	-0.161992	-0.795041	1.731732
0	0	0	0	0	0	0	0.173785	0	-0.160529	-0.787694	1.741742
0	0	0	0	0	0	0	0.172185	0	-0.159079	-0.780414	1.751752
0	0	0	0	0	0	0	0.1706	0	-0.157642	-0.7732	1.761762
0	0	0	0	0	0	0	0.169029	0	-0.156217	-0.766052	1.771772
0	0	0	0	0	0	0	0.167472	0	-0.154805	-0.75897	1.781782
0	0	0	0	0	0	0	0.16593	0	-0.153405	-0.751952	1.791792
0	0	0	0	0	0	0	0.164401	0	-0.152018	-0.744998	1.801802
0	0	0	0	0	0	0	0.162886	0	-0.150643	-0.738107	1.811812
0	0	0	0	0	0	0	0.161385	0	-0.14928	-0.731279	1.821822
0	0	0	0	0	0	0	0.159898	0	-0.147929	-0.724513	1.831832
0	0	0	0	0	0	0	0.158424	0	-0.14659	-0.717809	1.841842
0	0	0	0	0	0	0	0.156963	0	-0.145263	-0.711167	1.851852
0	0	0	0	0	0	0	0.155515	0	-0.143947	-0.704584	1.861862
0	0	0	0	0	0	0	0.154081	0	-0.142644	-0.698062	1.871872
0	0	0	0	0	0	0	0.15266	0	-0.141351	-0.6916	1.881882
0	0	0	0	0	0	0	0.151251	0	-0.140071	-0.685196	1.891892
0	0	0	0	0	0	0	0.149855	0	-0.138801	-0.67885	1.901902
0	0	0	0	0	0	0	0.148472	0	-0.137543	-0.672563	1.911912
0	0	0	0	0	0	0	0.147102	0	-0.136296	-0.666333	1.921922
0	0	0	0	0	0	0	0.145744	0	-0.13506	-0.660159	1.931932
0	0	0	0	0	0	0	0.144398	0	-0.133835	-0.654042	1.941942
0	0	0	0	0	0	0	0.143064	0	-0.13262	-0.647981	1.951952
0	0	0	0	0	0	0	0.141743	0	-0.131417	-0.641975	1.961962
0	0	0	0	0	0	0	0.140433	0	-0.130224	-0.636024	1.971972
0	0	0	0	0	0	0	0.139135	0	-0.129042	-0.630127	1.981982
0	0	0	0	0	0	0	0.13785	0	-0.12787	-0.624284	1.991992
0	0	0	0	0	0	0	0.136575	0	-0.126709	-0.618494	2.002002
0	0	0	0	0	0	0	0.135313	0	-0.125558	-0.612757	2.012012
0	0	0	0	0	0	0	0.134062	0	-0.124418	-0.607073	2.022022
0	0	0	0	0	0	0	0.132822	0	-0.123287	-0.60144	2.032032
0	0	0	0	0	0	0	0.131594	0	-0.122167	-0.595859	2.042042
0	0	0	0	0	0	0	0.130376	0	-0.121056	-0.590329	2.052052
0	0	0	0	0	0	0	0.12917	0	-0.119956	-0.584849	2.062062
0	0	0	0	0	0	0	0.127975	0	-0.118865	-0.579419	2.072072
0	0	0	0	0	0	0	0.12679	0	-0.117784	-0.574039	2.082082
0	0	0	0	0	0	0	0.125617	0	-0.116713	-0.568708	2.092092
0	0	0	0	0	0	0	0.124454	0	-0.115651	-0.563426	2.102102
0	0	0	0	0	0	0	0.123301	0	-0.114598	-0.558192	2.112112
0	0	0	0	0	0	0	0.122159	0	-0.113555	-0.553006	2.122122
0	0	0	0	0	0	0	0.121028	0	-0.112522	-0.547867	2.132132
0	0	0	0	0	0	0	0.119907	0	-0.111497	-0.542775	2.142142
0	0	0	0	0	0	0	0.118796	0	-0.110482	-0.53773	2.152152
0	0	0	0	0	0	0	0.117695	0	-0.109476	-0.532731	2.162162
0	0	0	0	0	0	0	0.116604	0	-0.108478	-0.527777	2.172172
0	0	0	0	0	0	0	0.115523	0	-0.10749	-0.522869	2.182182
0	0	0	0	0	0	0	0.114452	0	-0.106511	-0.518006	2.192192
0	0	0	0	0	0	0	0.113391	0	-0.10554	-0.513187	2.202202
0	0	0	0	0	0	0	0.112339	0	-0.104578	-0.508413	2.212212
0	0	0	0	0	0	0	0.111297	0	-0.103624	-0.503682	2.222222
0	0	0	0	0	0	0	0.110264	0	-0.10268	-0.498994	2.232232
0	0	0	0	0	0	0	0.109241	0	-0.101743	-0.49435	2.242242
0	0	0	0	0	0	0	0.108227	0	-0.100815	-0.489748	2.252252
0	0	0	0	0	0	0	0.107223	0	-0.099895	-0.485188	2.262262
0	0	0	0	0	0	0	0.106227	0	-0.098984	-0.480669	2.272272
0	0	0	0	0	0	0	0.105241	0	-0.09808	-0.476193	2.282282
0	0	0	0	0	0	0	0.104264	0	-0.097185	-0.471757	2.292292
0	0	0	0	0	0	0	0.103296	0	-0.096298	-0.467362	2.302302
0	0	0	0	0	0	0	0.102336	0	-0.095419	-0.463007	2.312312
0	0	0	0	0	0	0	0.101385	0	-0.094547	-0.458692	2.322322
0	0	0	0	0	0	0	0.100443	0	-0.093684	-0.454417	2.332332
0	0	0	0	0	0	0	0.09951	0	-0.092828	-0.45018	2.342342
0	0	0	0	0	0	0	0.098585	0	-0.09198	-0.445983	2.352352
0	0	0	0	0	0	0	0.097668	0	-0.091139	-0.441824	2.362362
0	0	0	0	0	0	0	0.09676	0	-0.090306	-0.437704	2.372372
0	0	0	0	0	0	0	0.09586	0	-0.089481	-0.433621	2.382382
0	0	0	0	0	0	0	0.094969	0	-0.088663	-0.429576	2.392392
0	0	0	0	0	0	0	0.094085	0	-0.087852	-0.425567	2.402402
0	0	0	0	0	0	0	0.09321	0	-0.087049	-0.421596	2.412412
0	0	0	0	0	0	0	0.092342	0	-0.086252	-0.417661	2.422422
0	0	0	0	0	0	0	0.091483	0	-0.085463	-0.413762	2.432432
0	0	0	0	0	0	0	0.090631	0	-0.084681	-0.409899	2.442442
0	0	0	0	0	0	0	0.089788	0	-0.083906	-0.406072	2.452452
0	0	0	0	0	0	0	0.088952	0	-0.083139	-0.40228	2.462462
0	0	0	0	0	0	0	0.088123	0	-0.082378	-0.398522	2.472472
0	0	0	0	0	0	0	0.087302	0	-0.081623	-0.394799	2.482482
0	0	0	0	0	0	0	0.086489	0	-0.080876	-0.391111	2.492492
0	0	0	0	0	0	0	0.085683	0	-0.080135	-0.387456	2.502503
0	0	0	0	0	0	0	0.084885	0	-0.079401	-0.383835	2.512513
0	0	0	0	0	0	0	0.084094	0	-0.078674	-0.380247	2.522523
0	0	0	0	0	0	0	0.08331	0	-0.077953	-0.376692	2.532533
0	0	0	0	0	0	0	0.082533	0	-0.077239	-0.37317	2.542543
0	0	0	0	0	0	0	0.081763	0	-0.076531	-0.369681	2.552553
0	0	0	0	0	0	0	0.081001	0	-0.07583	-0.366223	2.562563
0	0	0	0	0	0	0	0.080245	0	-0.075135	-0.362798	2.572573
0	0	0	0	0	0	0	0.079497	0	-0.074446	-0.359403	2.582583
0	0	0	0	0	0	0	0.078755	0	-0.073763	-0.356041	2.592593
0	0	0	0	0	0	0	0.07802	0	-0.073087	-0.352709	2.602603
0	0	0	0	0	0	0	0.077291	0	-0.072417	-0.349407	2.612613
0	0	0	0	0	0	0	0.07657	0	-0.071753	-0.346137	2.622623
0	0	0	0	0	0	0	0.075855	0	-0.071094	-0.342896	2.632633
0	0	0	0	0	0	0	0.075147	0	-0.070442	-0.339685	2.642643
0	0	0	0	0	0	0	0.074445	0	-0.069796	-0.336504	2.652653
0	0	0	0	0	0	0	0.073749	0	-0.069155	-0.333352	2.662663
0	0	0	0	0	0	0	0.07306	0	-0.068521	-0.330229	2.672673
0	0	0	0	0	0	0	0.072377	0	-0.067892	-0.327135	2.682683
0	0	0	0	0	0	0	0.071701	0	-0.067269	-0.32407	2.692693
0	0	0	0	0	0	0	0.071031	0	-0.066651	-0.321033	2.702703
0	0	0	0	0	0	0	0.070367	0	-0.066039	-0.318024	2.712713
0	0	0	0	0	0	0	0.069709	0	-0.065433	-0.315042	2.722723
0	0	0	0	0	0	0	0.069057	0	-0.064832	-0.312088	2.732733
0	0	0	0	0	0	0	0.068411	0	-0.064237	-0.309162	2.742743
0	0	0	0	0	0	0	0.067771	0	-0.063647	-0.306262	2.752753
0	0	0	0	0	0	0	0.067136	0	-0.063062	-0.303389	2.762763
0	0	0	0	0	0	0	0.066508	0	-0.062483	-0.300543	2.772773
0	0	0	0	0	0	0	0.065886	0	-0.061909	-0.297722	2.782783
0	0	0	0	0	0	0	0.065269	0	-0.06134	-0.294928	2.792793
0	0	0	0	0	0	0	0.064657	0	-0.060776	-0.29216	2.802803
0	0	0	0	0	0	0	0.064052	0	-0.060218	-0.289417	2.812813
0	0	0	0	0	0	0	0.063452	0	-0.059664	-0.2867	2.822823
0	0	0	0	0	0	0	0.062857	0	-0.059116	-0.284008	2.832833
0	0	0	0	0	0	0	0.062268	0	-0.058573	-0.28134	2.842843
0	0	0	0	0	0	0	0.061685	0	-0.058034	-0.278697	2.852853
0	0	0	0	0	0	0	0.061106	0	-0.057501	-0.276079	2.862863
0	0	0	0	0	0	0	0.060534	0	-0.056972	-0.273485	2.872873
0	0	0	0	0	0	0	0.059966	0	-0.056449	-0.270914	2.882883
0	0	0	0	0	0	0	0.059403	0	-0.05593	-0.268368	2.892893
0	0	0	0	0	0	0	0.058846	0	-0.055415	-0.265845	2.902903
0	0	0	0	0	0	0	0.058294	0	-0.054906	-0.263345	2.912913
0	0	0	0	0	0	0	0.057747	0	-0.054401	-0.260868	2.922923
0	0	0	0	0	0	0	0.057205	0	-0.053901	-0.258415	2.932933
0	0	0	0	0	0	0	0.056668	0	-0.053405	-0.255984	2.942943
0	0	0	0	0	0	0	0.056136	0	-0.052914	-0.253575	2.952953
0	0	0	0	0	0	0	0.055608	0	-0.052428	-0.251188	2.962963
0	0	0	0	0	0	0	0.055086	0	-0.051946	-0.248824	2.972973
0	0	0	0	0	0	0	0.054568	0	-0.051468	-0.246481	2.982983
0	0	0	0	0	0	0	0.054056	0	-0.050995	-0.244161	2.992993
0	0	0	0	0	0	0	0.053548	0	-0.050526	-0.241861	3.003003
0	0	0	0	0	0	0	0.053044	0	-0.050061	-0.239583	3.013013
0	0	0	0	0	0	0	0.052545	0	-0.049601	-0.237326	3.023023
0	0	0	0	0	0	0	0.052051	0	-0.049145	-0.235089	3.033033
0	0	0	0	0	0	0	0.051561	0	-0.048693	-0.232873	3.043043
0	0	0	0	0	0	0	0.051076	0	-0.048245	-0.230678	3.053053
0	0	0	0	0	0	0	0.050596	0	-0.047801	-0.228503	3.063063
0	0	0	0	0	0	0	0.050119	0	-0.047362	-0.226348	3.073073
0	0	0	0	0	0	0	0.049647	0	-0.046926	-0.224213	3.083083
0	0	0	0	0	0	0	0.04918	0	-0.046495	-0.222098	3.093093
0	0	0	0	0	0	0	0.048717	0	-0.046067	-0.220002	3.103103
0	0	0	0	0	0	0	0.048258	0	-0.045643	-0.217926	3.113113
0	0	0	0	0	0	0	0.047803	0	-0.045224	-0.215868	3.123123
0	0	0	0	0	0	0	0.047352	0	-0.044808	-0.21383	3.133133
0	0	0	0	0	0	0	0.046906	0	-0.044396	-0.21181	3.143143
0	0	0	0	0	0	0	0.046463	0	-0.043988	-0.209809	3.153153
0	0	0	0	0	0	0	0.046025	0	-0.043584	-0.207827	3.163163
0	0	0	0	0	0	0	0.045591	0	-0.043183	-0.205863	3.173173
0	0	0	0	0	0	0	0.04516	0	-0.042786	-0.203917	3.183183
0	0	0	0	0	0	0	0.044734	0	-0.042393	-0.201988	3.193193
0	0	0	0	0	0	0	0.044312	0	-0.042003	-0.200078	3.203203
0	0	0	0	0	0	0	0.043893	0	-0.041617	-0.198185	3.213213
0	0	0	0	0	0	0	0.043479	0	-0.041235	-0.19631	3.223223
0	0	0	0	0	0	0	0.043068	0	-0.040856	-0.194452	3.233233
0	0	0	0	0	0	0	0.042661	0	-0.04048	-0.192611	3.243243
0	0	0	0	0	0	0	0.042257	0	-0.040108	-0.190787	3.253253
0	0	0	0	0	0	0	0.041858	0	-0.03974	-0.18898	3.263263
0	0	0	0	0	0	0	0.041462	0	-0.039375	-0.187189	3.273273
0	0	0	0	0	0	0	0.041069	0	-0.039013	-0.185415	3.283283
0	0	0	0	0	0	0	0.040681	0	-0.038655	-0.183657	3.293293
0	0	0	0	0	0	0	0.040295	0	-0.0383	-0.181915	3.303303
0	0	0	0	0	0	0	0.039914	0	-0.037948	-0.18019	3.313313
0	0	0	0	0	0	0	0.039536	0	-0.0376	-0.17848	3.323323
0	0	0	0	0	0	0	0.039161	0	-0.037255	-0.176786	3.333333
0	0	0	0	0	0	0	0.03879	0	-0.036913	-0.175108	3.343343
0	0	0	0	0	0	0	0.038422	0	-0.036574	-0.173444	3.353353
0	0	0	0	0	0	0	0.038058	0	-0.036238	-0.171797	3.363363
0	0	0	0	0	0	0	0.037697	0	-0.035906	-0.170164	3.373373
0	0	0	0	0	0	0	0.037339	0	-0.035576	-0.168546	3.383383
0	0	0	0	0	0	0	0.036984	0	-0.03525	-0.166944	3.393393
0	0	0	0	0	0	0	0.036633	0	-0.034926	-0.165356	3.403403
0	0	0	0	0	0	0	0.036285	0	-0.034606	-0.163782	3.413413
0	0	0	0	0	0	0	0.03594	0	-0.034289	-0.162223	3.423423
0	0	0	0	0	0	0	0.035599	0	-0.033974	-0.160678	3.433433
0	0	0	0	0	0	0	0.03526	0	-0.033663	-0.159148	3.443443
0	0	0	0	0	0	0	0.034925	0	-0.033354	-0.157631	3.453453
0	0	0	0	0	0	0	0.034592	0	-0.033048	-0.156128	3.463463
0	0	0	0	0	0	0	0.034263	0	-0.032746	-0.154639	3.473473
0	0	0	0	0	0	0	0.033937	0	-0.032446	-0.153164	3.483483
0	0	0	0	0	0	0	0.033613	0	-0.032148	-0.151702	3.493493
0	0	0	0	0	0	0	0.033293	0	-0.031854	-0.150254	3.503504
0	0	0	0	0	0	0	0.032976	0	-0.031562	-0.148819	3.513514
0	0	0	0	0	0	0	0.032661	0	-0.031273	-0.147397	3.523524
0	0	0	0	0	0	0	0.03235	0	-0.030987	-0.145988	3.533534
0	0	0	0	0	0	0	0.032041	0	-0.030703	-0.144592	3.543544
0	0	0	0	0	0	0	0.031735	0	-0.030422	-0.143208	3.553554
0	0	0	0	0	0	0	0.031432	0	-0.030143	-0.141837	3.563564
0	0	0	0	0	0	0	0.031132	0	-0.029868	-0.140479	3.573574
0	0	0	0	0	0	0	0.030834	0	-0.029594	-0.139133	3.583584
0	0	0	0	0	0	0	0.030539	0	-0.029324	-0.1378	3.593594
0	0	0	0	0	0	0	0.030247	0	-0.029055	-0.136478	3.603604
0	0	0	0	0	0	0	0.029957	0	-0.02879	-0.135169	3.613614
0	0	0	0	0	0	0	0.02967	0	-0.028526	-0.133872	3.623624
0	0	0	0	0	0	0	0.029386	0	-0.028266	-0.132586	3.633634
0	0	0	0	0	0	0	0.029105	0	-0.028007	-0.131312	3.643644
0	0	0	0	0	0	0	0.028826	0	-0.027751	-0.13005	3.653654
0	0	0	0	0	0	0	0.028549	0	-0.027498	-0.128799	3.663664
0	0	0	0	0	0	0	0.028275	0	-0.027246	-0.12756	3.673674
0	0	0	0	0	0	0	0.028004	0	-0.026997	-0.126332	3.683684
0	0	0	0	0	0	0	0.027735	0	-0.026751	-0.125115	3.693694
0	0	0	0	0	0	0	0.027468	0	-0.026507	-0.123909	3.703704
0	0	0	0	0	0	0	0.027204	0	-0.026264	-0.122714	3.713714
0	0	0	0	0	0	0	0.026942	0	-0.026025	-0.121531	3.723724
0	0	0	0	0	0	0	0.026683	0	-0.025787	-0.120357	3.733734
0	0	0	0	0	0	0	0.026426	0	-0.025552	-0.119195	3.743744
0	0	0	0	0	0	0	0.026171	0	-0.025319	-0.118043	3.753754
0	0	0	0	0	0	0	0.025919	0	-0.025088	-0.116901	3.763764
0	0	0	0	0	0	0	0.025669	0	-0.024859	-0.11577	3.773774
0	0	0	0	0	0	0	0.025421	0	-0.024632	-0.114649	3.783784
0	0	0	0	0	0	0	0.025176	0	-0.024407	-0.113539	3.793794
0	0	0	0	0	0	0	0.024933	0	-0.024185	-0.112438	3.803804
0	0	0	0	0	0	0	0.024692	0	-0.023964	-0.111347	3.813814
0	0	0	0	0	0	0	0.024453	0	-0.023746	-0.110266	3.823824
0	0	0	0	0	0	0	0.024216	0	-0.023529	-0.109196	3.833834
0	0	0	0	0	0	0	0.023982	0	-0.023315	-0.108134	3.843844
0	0	0	0	0	0	0	0.02375	0	-0.023102	-0.107083	3.853854
0	0	0	0	0	0	0	0.023519	0	-0.022892	-0.106041	3.863864
0	0	0	0	0	0	0	0.023291	0	-0.022683	-0.105008	3.873874
0	0	0	0	0	0	0	0.023065	0	-0.022477	-0.103985	3.883884
0	0	0	0	0	0	0	0.022841	0	-0.022272	-0.102971	3.893894
0	0	0	0	0	0	0	0.022619	0	-0.022069	-0.101966	3.903904
0	0	0	0	0	0	0	0.022399	0	-0.021868	-0.10097	3.913914
0	0	0	0	0	0	0	0.022182	0	-0.021669	-0.099983	3.923924
0	0	0	0	0	0	0	0.021966	0	-0.021472	-0.099005	3.933934
0	0	0	0	0	0	0	0.021752	0	-0.021276	-0.098036	3.943944
0	0	0	0	0	0	0	0.02154	0	-0.021082	-0.097076	3.953954
0	0	0	0	0	0	0	0.02133	0	-0.020891	-0.096124	3.963964
0	0	0	0	0	0	0	0.021121	0	-0.0207	-0.095182	3.973974
0	0	0	0	0	0	0	0.020915	0	-0.020512	-0.094247	3.983984
0	0	0	0	0	0	0	0.020711	0	-0.020325	-0.093321	3.993994
0	0	0	0	0	0	0	0.020508	0	-0.02014	-0.092404	4.004004
0	0	0	0	0	0	0	0.020308	0	-0.019957	-0.091494	4.014014
0	0	0	0	0	0	0	0.020109	0	-0.019775	-0.090593	4.024024
0	0	0	0	0	0	0	0.019912	0	-0.019596	-0.0897	4.034034
0	0	0	0	0	0	0	0.019716	0	-0.019417	-0.088815	4.044044
0	0	0	0	0	0	0	0.019523	0	-0.019241	-0.087938	4.054054
0	0	0	0	0	0	0	0.019331	0	-0.019066	-0.087069	4.064064
0	0	0	0	0	0	0	0.019141	0	-0.018892	-0.086208	4.074074
0	0	0	0	0	0	0	0.018953	0	-0.01872	-0.085355	4.084084
0	0	0	0	0	0	0	0.018766	0	-0.01855	-0.084509	4.094094
0	0	0	0	0	0	0	0.018582	0	-0.018381	-0.083671	4.104104
0	0	0	0	0	0	0	0.018398	0	-0.018214	-0.082841	4.114114
0	0	0	0	0	0	0	0.018217	0	-0.018048	-0.082018	4.124124
0	0	0	0	0	0	0	0.018037	0	-0.017884	-0.081202	4.134134
0	0	0	0	0	0	0	0.017859	0	-0.017721	-0.080394	4.144144
0	0	0	0	0	0	0	0.017682	0	-0.01756	-0.079593	4.154154
0	0	0	0	0	0	0	0.017507	0	-0.0174	-0.078799	4.164164
0	0	0	0	0	0	0	0.017334	0	-0.017242	-0.078013	4.174174
0	0	0	0	0	0	0	0.017162	0	-0.017085	-0.077234	4.184184
0	0	0	0	0	0	0	0.016992	0	-0.01693	-0.076461	4.194194
0	0	0	0	0	0	0	0.016823	0	-0.016776	-0.075696	4.204204
0	0	0	0	0	0	0	0.016656	0	-0.016623	-0.074937	4.214214
0	0	0	0	0	0	0	0.01649	0	-0.016472	-0.074186	4.224224
0	0	0	0	0	0	0	0.016326	0	-0.016322	-0.073441	4.234234
0	0	0	0	0	0	0	0.016164	0	-0.016173	-0.072703	4.244244
0	0	0	0	0	0	0	0.016002	0	-0.016026	-0.071971	4.254254
0	0	0	0	0	0	0	0.015843	0	-0.01588	-0.071247	4.264264
0	0	0	0	0	0	0	0.015685	0	-0.015735	-0.070528	4.274274
0	0	0	0	0	0	0	0.015528	0	-0.015592	-0.069817	4.284284
0	0	0	0	0	0	0	0.015372	0	-0.01545	-0.069111	4.294294
0	0	0	0	0	0	0	0.015218	0	-0.015309	-0.068412	4.304304
0	0	0	0	0	0	0	0.015066	0	-0.01517	-0.06772	4.314314
0	0	0	0	0	0	0	0.014915	0	-0.015032	-0.067033	4.324324
0	0	0	0	0	0	0	0.014765	0	-0.014895	-0.066353	4.334334
0	0	0	0	0	0	0	0.014617	0	-0.014759	-0.065679	4.344344
0	0	0	0	0	0	0	0.014469	0	-0.014624	-0.065011	4.354354
0	0	0	0	0	0	0	0.014324	0	-0.014491	-0.064349	4.364364
0	0	0	0	0	0	0	0.014179	0	-0.014359	-0.063693	4.374374
0	0	0	0	0	0	0	0.014036	0	-0.014228	-0.063044	4.384384
0	0	0	0	0	0	0	0.013895	0	-0.014098	-0.0624	4.394394
0	0	0	0	0	0	0	0.013754	0	-0.013969	-0.061761	4.404404
0	0	0	0	0	0	0	0.013615	0	-0.013841	-0.061129	4.414414
0	0	0	0	0	0	0	0.013477	0	-0.013715	-0.060502	4.424424
0	0	0	0	0	0	0	0.01334	0	-0.01359	-0.059881	4.434434
0	0	0	0	0	0	0	0.013205	0	-0.013465	-0.059266	4.444444
0	0	0	0	0	0	0	0.013071	0	-0.013342	-0.058656	4.454454
0	0	0	0	0	0	0	0.012938	0	-0.01322	-0.058052	4.464464
0	0	0	0	0	0	0	0.012806	0	-0.013099	-0.057453	4.474474
0	0	0	0	0	0	0	0.012675	0	-0.012979	-0.05686	4.484484
0	0	0	0	0	0	0	0.012546	0	-0.012861	-0.056272	4.494494
0	0	0	0	0	0	0	0.012418	0	-0.012743	-0.05569	4.504505
0	0	0	0	0	0	0	0.012291	0	-0.012626	-0.055113	4.514515
0	0	0	0	0	0	0	0.012165	0	-0.01251	-0.054541	4.524525
0	0	0	0	0	0	0	0.012041	0	-0.012396	-0.053974	4.534535
0	0	0	0	0	0	0	0.011917	0	-0.012282	-0.053412	4.544545
0	0	0	0	0	0	0	0.011795	0	-0.012169	-0.052856	4.554555
0	0	0	0	0	0	0	0.011673	0	-0.012057	-0.052305	4.564565
0	0	0	0	0	0	0	0.011553	0	-0.011947	-0.051758	4.574575
0	0	0	0	0	0	0	0.011434	0	-0.011837	-0.051217	4.584585
0	0	0	0	0	0	0	0.011316	0	-0.011728	-0.050681	4.594595
0	0	0	0	0	0	0	0.011199	0	-0.01162	-0.050149	4.604605
0	0	0	0	0	0	0	0.011084	0	-0.011513	-0.049623	4.614615
0	0	0	0	0	0	0	0.010969	0	-0.011407	-0.049101	4.624625
0	0	0	0	0	0	0	0.010855	0	-0.011302	-0.048584	4.634635
0	0	0	0	0	0	0	0.010743	0	-0.011198	-0.048072	4.644645
0	0	0	0	0	0	0	0.010631	0	-0.011095	-0.047565	4.654655
0	0	0	0	0	0	0	0.010521	0	-0.010992	-0.047062	4.664665
0	0	0	0	0	0	0	0.010411	0	-0.010891	-0.046564	4.674675
0	0	0	0	0	0	0	0.010303	0	-0.01079	-0.04607	4.684685
0	0	0	0	0	0	0	0.010195	0	-0.010691	-0.045581	4.694695
0	0	0	0	0	0	0	0.010089	0	-0.010592	-0.045097	4.704705
0	0	0	0	0	0	0	0.009983	0	-0.010494	-0.044617	4.714715
0	0	0	0	0	0	0	0.009878	0	-0.010397	-0.044141	4.724725
0	0	0	0	0	0	0	0.009775	0	-0.0103	-0.04367	4.734735
0	0	0	0	0	0	0	0.009672	0	-0.010205	-0.043203	4.744745
0	0	0	0	0	0	0	0.009571	0	-0.01011	-0.042741	4.754755
0	0	0	0	0	0	0	0.00947	0	-0.010016	-0.042282	4.764765
0	0	0	0	0	0	0	0.00937	0	-0.009923	-0.041828	4.774775
0	0	0	0	0	0	0	0.009271	0	-0.009831	-0.041379	4.784785
0	0	0	0	0	0	0	0.009173	0	-0.009739	-0.040933	4.794795
0	0	0	0	0	0	0	0.009076	0	-0.009649	-0.040492	4.804805
0	0	0	0	0	0	0	0.00898	0	-0.009559	-0.040054	4.814815
0	0	0	0	0	0	0	0.008885	0	-0.00947	-0.039621	4.824825
0	0	0	0	0	0	0	0.00879	0	-0.009381	-0.039192	4.834835
0	0	0	0	0	0	0	0.008697	0	-0.009294	-0.038767	4.844845
0	0	0	0	0	0	0	0.008604	0	-0.009207	-0.038346	4.854855
0	0	0	0	0	0	0	0.008513	0	-0.009121	-0.037929	4.864865
0	0	0	0	0	0	0	0.008422	0	-0.009036	-0.037515	4.874875
0	0	0	0	0	0	0	0.008332	0	-0.008951	-0.037106	4.884885
0	0	0	0	0	0	0	0.008243	0	-0.008867	-0.0367	4.894895
0	0	0	0	0	0	0	0.008154	0	-0.008784	-0.036298	4.904905
0	0	0	0	0	0	0	0.008067	0	-0.008701	-0.035901	4.914915
0	0	0	0	0	0	0	0.00798	0	-0.00862	-0.035506	4.924925
0	0	0	0	0	0	0	0.007894	0	-0.008538	-0.035116	4.934935
0	0	0	0	0	0	0	0.007809	0	-0.008458	-0.034729	4.944945
0	0	0	0	0	0	0	0.007725	0	-0.008378	-0.034346	4.954955
0	0	0	0	0	0	0	0.007641	0	-0.008299	-0.033966	4.964965
0	0	0	0	0	0	0	0.007559	0	-0.008221	-0.03359	4.974975
0	0	0	0	0	0	0	0.007477	0	-0.008143	-0.033218	4.984985
0	0	0	0	0	0	0	0.007396	0	-0.008066	-0.032849	4.994995
0	0	0	0	0	0	0	0.007315	0	-0.00799	-0.032484	5.005005
0	0	0	0	0	0	0	0.007236	0	-0.007914	-0.032122	5.015015
0	0	0	0	0	0	0	0.007157	0	-0.007839	-0.031764	5.025025
0	0	0	0	0	0	0	0.007079	0	-0.007765	-0.031409	5.035035
0	0	0	0	0	0	0	0.007001	0	-0.007691	-0.031057	5.045045
0	0	0	0	0	0	0	0.006925	0	-0.007618	-0.030709	5.055055
0	0	0	0	0	0	0	0.006849	0	-0.007546	-0.030364	5.065065
0	0	0	0	0	0	0	0.006774	0	-0.007474	-0.030023	5.075075
0	0	0	0	0	0	0	0.006699	0	-0.007402	-0.029685	5.085085
0	0	0	0	0	0	0	0.006625	0	-0.007332	-0.02935	5.095095
0	0	0	0	0	0	0	0.006552	0	-0.007262	-0.029018	5.105105
0	0	0	0	0	0	0	0.00648	0	-0.007192	-0.028689	5.115115
0	0	0	0	0	0	0	0.006408	0	-0.007123	-0.028364	5.125125
0	0	0	0	0	0	0	0.006337	0	-0.007055	-0.028042	5.135135
0	0	0	0	0	0	0	0.006267	0	-0.006987	-0.027723	5.145145
0	0	0	0	0	0	0	0.006198	0	-0.00692	-0.027407	5.155155
0	0	0	0	0	0	0	0.006129	0	-0.006854	-0.027094	5.165165
0	0	0	0	0	0	0	0.00606	0	-0.006788	-0.026784	5.175175
0	0	0	0	0	0	0	0.005993	0	-0.006722	-0.026477	5.185185
0	0	0	0	0	0	0	0.005926	0	-0.006657	-0.026173	5.195195
0	0	0	0	0	0	0	0.005859	0	-0.006593	-0.025872	5.205205
0	0	0	0	0	0	0	0.005794	0	-0.006529	-0.025574	5.215215
0	0	0	0	0	0	0	0.005729	0	-0.006466	-0.025279	5.225225
0	0	0	0	0	0	0	0.005664	0	-0.006403	-0.024987	5.235235
0	0	0	0	0	0	0	0.005601	0	-0.006341	-0.024698	5.245245
0	0	0	0	0	0	0	0.005537	0	-0.00628	-0.024412	5.255255
0	0	0	0	0	0	0	0.005475	0	-0.006219	-0.024128	5.265265
0	0	0	0	0	0	0	0.005413	0	-0.006158	-0.023847	5.275275
0	0	0	0	0	0	0	0.005352	0	-0.006098	-0.023569	5.285285
0	0	0	0	0	0	0	0.005291	0	-0.006039	-0.023294	5.295295
0	0	0	0	0	0	0	0.005231	0	-0.00598	-0.023021	5.305305
0	0	0	0	0	0	0	0.005171	0	-0.005921	-0.022752	5.315315
0	0	0	0	0	0	0	0.005112	0	-0.005863	-0.022484	5.325325
0	0	0	0	0	0	0	0.005054	0	-0.005806	-0.02222	5.335335
0	0	0	0	0	0	0	0.004996	0	-0.005749	-0.021958	5.345345
0	0	0	0	0	0	0	0.004939	0	-0.005692	-0.021699	5.355355
0	0	0	0	0	0	0	0.004882	0	-0.005636	-0.021442	5.365365
0	0	0	0	0	0	0	0.004826	0	-0.005581	-0.021188	5.375375
0	0	0	0	0	0	0	0.00477	0	-0.005526	-0.020937	5.385385
0	0	0	0	0	0	0	0.004715	0	-0.005471	-0.020688	5.395395
0	0	0	0	0	0	0	0.004661	0	-0.005417	-0.020441	5.405405
0	0	0	0	0	0	0	0.004607	0	-0.005363	-0.020197	5.415415
0	0	0	0	0	0	0	0.004553	0	-0.00531	-0.019955	5.425425
0	0	0	0	0	0	0	0.0045	0	-0.005258	-0.019716	5.435435
0	0	0	0	0	0	0	0.004448	0	-0.005205	-0.01948	5.445445
0	0	0	0	0	0	0	0.004396	0	-0.005153	-0.019245	5.455455
0	0	0	0	0	0	0	0.004345	0	-0.005102	-0.019013	5.465465
0	0	0	0	0	0	0	0.004294	0	-0.005051	-0.018784	5.475475
0	0	0	0	0	0	0	0.004244	0	-0.005001	-0.018557	5.485485
0	0	0	0	0	0	0	0.004194	0	-0.004951	-0.018332	5.495495
0	0	0	0	0	0	0	0.004145	0	-0.004901	-0.018109	5.505506
0	0	0	0	0	0	0	0.004096	0	-0.004852	-0.017889	5.515516
0	0	0	0	0	0	0	0.004047	0	-0.004803	-0.017671	5.525526
0	0	0	0	0	0	0	0.004	0	-0.004755	-0.017455	5.535536
0	0	0	0	0	0	0	0.003952	0	-0.004707	-0.017241	5.545546
0	0	0	0	0	0	0	0.003905	0	-0.00466	-0.01703	5.555556
0	0	0	0	0	0	0	0.003859	0	-0.004613	-0.016821	5.565566
0	0	0	0	0	0	0	0.003813	0	-0.004566	-0.016613	5.575576
0	0	0	0	0	0	0	0.003768	0	-0.00452	-0.016409	5.585586
0	0	0	0	0	0	0	0.003723	0	-0.004474	-0.016206	5.595596
0	0	0	0	0	0	0	0.003678	0	-0.004429	-0.016005	5.605606
0	0	0	0	0	0	0	0.003634	0	-0.004384	-0.015806	5.615616
0	0	0	0	0	0	0	0.00359	0	-0.004339	-0.01561	5.625626
0	0	0	0	0	0	0	0.003547	0	-0.004295	-0.015415	5.635636
0	0	0	0	0	0	0	0.003504	0	-0.004251	-0.015223	5.645646
0	0	0	0	0	0	0	0.003462	0	-0.004208	-0.015032	5.655656
0	0	0	0	0	0	0	0.00342	0	-0.004165	-0.014844	5.665666
0	0	0	0	0	0	0	0.003379	0	-0.004122	-0.014657	5.675676
0	0	0	0	0	0	0	0.003337	0	-0.00408	-0.014472	5.685686
0	0	0	0	0	0	0	0.003297	0	-0.004038	-0.01429	5.695696
0	0	0	0	0	0	0	0.003257	0	-0.003996	-0.014109	5.705706
0	0	0	0	0	0	0	0.003217	0	-0.003955	-0.01393	5.715716
0	0	0	0	0	0	0	0.003177	0	-0.003915	-0.013753	5.725726
0	0	0	0	0	0	0	0.003138	0	-0.003874	-0.013578	5.735736
0	0	0	0	0	0	0	0.0031	0	-0.003834	-0.013405	5.745746
0	0	0	0	0	0	0	0.003062	0	-0.003794	-0.013234	5.755756
0	0	0	0	0	0	0	0.003024	0	-0.003755	-0.013064	5.765766
0	0	0	0	0	0	0	0.002987	0	-0.003716	-0.012896	5.775776
0	0	0	0	0	0	0	0.00295	0	-0.003677	-0.01273	5.785786
0	0	0	0	0	0	0	0.002913	0	-0.003639	-0.012566	5.795796
0	0	0	0	0	0	0	0.002877	0	-0.003601	-0.012404	5.805806
0	0	0	0	0	0	0	0.002841	0	-0.003564	-0.012243	5.815816
0	0	0	0	0	0	0	0.002805	0	-0.003526	-0.012084	5.825826
0	0	0	0	0	0	0	0.00277	0	-0.003489	-0.011927	5.835836
0	0	0	0	0	0	0	0.002735	0	-0.003453	-0.011771	5.845846
0	0	0	0	0	0	0	0.002701	0	-0.003417	-0.011617	5.855856
0	0	0	0	0	0	0	0.002667	0	-0.003381	-0.011465	5.865866
0	0	0	0	0	0	0	0.002633	0	-0.003345	-0.011314	5.875876
0	0	0	0	0	0	0	0.0026	0	-0.00331	-0.011165	5.885886
0	0	0	0	0	0	0	0.002567	0	-0.003275	-0.011018	5.895896
0	0	0	0	0	0	0	0.002535	0	-0.00324	-0.010872	5.905906
0	0	0	0	0	0	0	0.002502	0	-0.003206	-0.010728	5.915916
0	0	0	0	0	0	0	0.00247	0	-0.003172	-0.010585	5.925926
0	0	0	0	0	0	0	0.002439	0	-0.003138	-0.010444	5.935936
0	0	0	0	0	0	0	0.002407	0	-0.003105	-0.010304	5.945946
0	0	0	0	0	0	0	0.002377	0	-0.003072	-0.010166	5.955956
0	0	0	0	0	0	0	0.002346	0	-0.003039	-0.01003	5.965966
0	0	0	0	0	0	0	0.002316	0	-0.003007	-0.009895	5.975976
0	0	0	0	0	0	0	0.002286	0	-0.002974	-0.009761	5.985986
0	0	0	0	0	0	0	0.002256	0	-0.002943	-0.009629	5.995996
0	0	0	0	0	0	0	0.002227	0	-0.002911	-0.009498	6.006006
0	0	0	0	0	0	0	0.002198	0	-0.00288	-0.009369	6.016016
0	0	0	0	0	0	0	0.002169	0	-0.002849	-0.009241	6.026026
0	0	0	0	0	0	0	0.002141	0	-0.002818	-0.009115	6.036036
0	0	0	0	0	0	0	0.002113	0	-0.002787	-0.00899	6.046046
0	0	0	0	0	0	0	0.002085	0	-0.002757	-0.008866	6.056056
0	0	0	0	0	0	0	0.002058	0	-0.002727	-0.008744	6.066066
0	0	0	0	0	0	0	0.00203	0	-0.002698	-0.008623	6.076076
0	0	0	0	0	0	0	0.002004	0	-0.002669	-0.008504	6.086086
0	0	0	0	0	0	0	0.001977	0	-0.00264	-0.008385	6.096096
0	0	0	0	0	0	0	0.001951	0	-0.002611	-0.008268	6.106106
0	0	0	0	0	0	0	0.001925	0	-0.002582	-0.008153	6.116116
0	0	0	0	0	0	0	0.001899	0	-0.002554	-0.008039	6.126126
0	0	0	0	0	0	0	0.001874	0	-0.002526	-0.007926	6.136136
0	0	0	0	0	0	0	0.001848	0	-0.002498	-0.007814	6.146146
0	0	0	0	0	0	0	0.001824	0	-0.002471	-0.007703	6.156156
0	0	0	0	0	0	0	0.001799	0	-0.002444	-0.007594	6.166166
0	0	0	0	0	0	0	0.001775	0	-0.002417	-0.007486	6.176176
0	0	0	0	0	0	0	0.001751	0	-0.00239	-0.007379	6.186186
0	0	0	0	0	0	0	0.001727	0	-0.002364	-0.007274	6.196196
0	0	0	0	0	0	0	0.001703	0	-0.002337	-0.007169	6.206206
0	0	0	0	0	0	0	0.00168	0	-0.002311	-0.007066	6.216216
0	0	0	0	0	0	0	0.001657	0	-0.002286	-0.006964	6.226226
0	0	0	0	0	0	0	0.001634	0	-0.00226	-0.006863	6.236236
0	0	0	0	0	0	0	0.001612	0	-0.002235	-0.006763	6.246246
0	0	0	0	0	0	0	0.00159	0	-0.00221	-0.006665	6.256256
0	0	0	0	0	0	0	0.001568	0	-0.002185	-0.006567	6.266266
0	0	0	0	0	0	0	0.001546	0	-0.002161	-0.006471	6.276276
0	0	0	0	0	0	0	0.001524	0	-0.002136	-0.006376	6.286286
0	0	0	0	0	0	0	0.001503	0	-0.002112	-0.006282	6.296296
0	0	0	0	0	0	0	0.001482	0	-0.002089	-0.006189	6.306306
0	0	0	0	0	0	0	0.001461	0	-0.002065	-0.006097	6.316316
0	0	0	0	0	0	0	0.001441	0	-0.002042	-0.006006	6.326326
0	0	0	0	0	0	0	0.00142	0	-0.002018	-0.005916	6.336336
0	0	0	0	0	0	0	0.0014	0	-0.001995	-0.005827	6.346346
0	0	0	0	0	0	0	0.00138	0	-0.001973	-0.005739	6.356356
0	0	0	0	0	0	0	0.001361	0	-0.00195	-0.005653	6.366366
0	0	0	0	0	0	0	0.001341	0	-0.001928	-0.005567	6.376376
0	0	0	0	0	0	0	0.001322	0	-0.001906	-0.005482	6.386386
0	0	0	0	0	0	0	0.001303	0	-0.001884	-0.005398	6.396396
0	0	0	0	0	0	0	0.001284	0	-0.001862	-0.005316	6.406406
0	0	0	0	0	0	0	0.001266	0	-0.001841	-0.005234	6.416416
0	0	0	0	0	0	0	0.001248	0	-0.001819	-0.005153	6.426426
0	0	0	0	0	0	0	0.001229	0	-0.001798	-0.005073	6.436436
0	0	0	0	0	0	0	0.001212	0	-0.001778	-0.004994	6.446446
0	0	0	0	0	0	0	0.001194	0	-0.001757	-0.004916	6.456456
0	0	0	0	0	0	0	0.001176	0	-0.001736	-0.004839	6.466466
0	0	0	0	0	0	0	0.001159	0	-0.001716	-0.004763	6.476476
0	0	0	0	0	0	0	0.001142	0	-0.001696	-0.004688	6.486486
0	0	0	0	0	0	0	0.001125	0	-0.001676	-0.004614	6.496496
0	0	0	0	0	0	0	0.001108	0	-0.001656	-0.00454	6.506507
0	0	0	0	0	0	0	0.001092	0	-0.001637	-0.004468	6.516517
0	0	0	0	0	0	0	0.001076	0	-0.001618	-0.004396	6.526527
0	0	0	0	0	0	0	0.00106	0	-0.001598	-0.004325	6.536537
0	0	0	0	0	0	0	0.001044	0	-0.001579	-0.004255	6.546547
0	0	0	0	0	0	0	0.001028	0	-0.001561	-0.004186	6.556557
0	0	0	0	0	0	0	0.001012	0	-0.001542	-0.004118	6.566567
0	0	0	0	0	0	0	0.000997	0	-0.001524	-0.004051	6.576577
0	0	0	0	0	0	0	0.000982	0	-0.001505	-0.003984	6.586587
0	0	0	0	0	0	0	0.000967	0	-0.001487	-0.003918	6.596597
0	0	0	0	0	0	0	0.000952	0	-0.001469	-0.003853	6.606607
0	0	0	0	0	0	0	0.000938	0	-0.001452	-0.003789	6.616617
0	0	0	0	0	0	0	0.000923	0	-0.001434	-0.003726	6.626627
0	0	0	0	0	0	0	0.000909	0	-0.001417	-0.003663	6.636637
0	0	0	0	0	0	0	0.000895	0	-0.001399	-0.003602	6.646647
0	0	0	0	0	0	0	0.000881	0	-0.001382	-0.003541	6.656657
0	0	0	0	0	0	0	0.000867	0	-0.001365	-0.00348	6.666667
0	0	0	0	0	0	0	0.000854	0	-0.001349	-0.003421	6.676677
0	0	0	0	0	0	0	0.00084	0	-0.001332	-0.003362	6.686687
0	0	0	0	0	0	0	0.000827	0	-0.001316	-0.003304	6.696697
0	0	0	0	0	0	0	0.000814	0	-0.001299	-0.003247	6.706707
0	0	0	0	0	0	0	0.000801	0	-0.001283	-0.003191	6.716717
0	0	0	0	0	0	0	0.000788	0	-0.001267	-0.003135	6.726727
0	0	0	0	0	0	0	0.000775	0	-0.001251	-0.00308	6.736737
0	0	0	0	0	0	0	0.000763	0	-0.001236	-0.003025	6.746747
0	0	0	0	0	0	0	0.000751	0	-0.00122	-0.002972	6.756757
0	0	0	0	0	0	0	0.000739	0	-0.001205	-0.002919	6.766767
0	0	0	0	0	0	0	0.000727	0	-0.00119	-0.002867	6.776777
0	0	0	0	0	0	0	0.000715	0	-0.001174	-0.002815	6.786787
0	0	0	0	0	0	0	0.000703	0	-0.00116	-0.002764	6.796797
0	0	0	0	0	0	0	0.000692	0	-0.001145	-0.002714	6.806807
0	0	0	0	0	0	0	0.00068	0	-0.00113	-0.002664	6.816817
0	0	0	0	0	0	0	0.000669	0	-0.001116	-0.002616	6.826827
0	0	0	0	0	0	0	0.000658	0	-0.001101	-0.002567	6.836837
0	0	0	0	0	0	0	0.000647	0	-0.001087	-0.00252	6.846847
0	0	0	0	0	0	0	0.000636	0	-0.001073	-0.002473	6.856857
0	0	0	0	0	0	0	0.000625	0	-0.001059	-0.002427	6.866867
0	0	0	0	0	0	0	0.000615	0	-0.001045	-0.002381	6.876877
0	0	0	0	0	0	0	0.000604	0	-0.001031	-0.002336	6.886887
0	0	0	0	0	0	0	0.000594	0	-0.001018	-0.002291	6.896897
0	0	0	0	0	0	0	0.000584	0	-0.001004	-0.002248	6.906907
0	0	0	0	0	0	0	0.000574	0	-0.000991	-0.002204	6.916917
0	0	0	0	0	0	0	0.000564	0	-0.000978	-0.002162	6.926927
0	0	0	0	0	0	0	0.000555	0	-0.000965	-0.00212	6.936937
0	0	0	0	0	0	0	0.000545	0	-0.000952	-0.002078	6.946947
0	0	0	0	0	0	0	0.000535	0	-0.000939	-0.002038	6.956957
0	0	0	0	0	0	0	0.000526	0	-0.000926	-0.001997	6.966967
0	0	0	0	0	0	0	0.000517	0	-0.000914	-0.001958	6.976977
0	0	0	0	0	0	0	0.000508	0	-0.000902	-0.001919	6.986987
0	0	0	0	0	0	0	0.000499	0	-0.000889	-0.00188	6.996997
0	0	0	0	0	0	0	0.00049	0	-0.000877	-0.001842	7.007007
0	0	0	0	0	0	0	0.000481	0	-0.000865	-0.001805	7.017017
0	0	0	0	0	0	0	0.000473	0	-0.000853	-0.001768	7.027027
0	0	0	0	0	0	0	0.000464	0	-0.000841	-0.001731	7.037037
0	0	0	0	0	0	0	0.000456	0	-0.000829	-0.001696	7.047047
0	0	0	0	0	0	0	0.000448	0	-0.000818	-0.00166	7.057057
0	0	0	0	0	0	0	0.00044	0	-0.000806	-0.001626	7.067067
0	0	0	0	0	0	0	0.000432	0	-0.000795	-0.001591	7.077077
0	0	0	0	0	0	0	0.000424	0	-0.000784	-0.001558	7.087087
0	0	0	0	0	0	0	0.000416	0	-0.000773	-0.001524	7.097097
0	0	0	0	0	0	0	0.000408	0	-0.000762	-0.001492	7.107107
0	0	0	0	0	0	0	0.000401	0	-0.000751	-0.00146	7.117117
0	0	0	0	0	0	0	0.000393	0	-0.00074	-0.001428	7.127127
0	0	0	0	0	0	0	0.000386	0	-0.000729	-0.001397	7.137137
0	0	0	0	0	0	0	0.000379	0	-0.000719	-0.001366	7.147147
0	0	0	0	0	0	0	0.000371	0	-0.000708	-0.001336	7.157157
0	0	0	0	0	0	0	0.000364	0	-0.000698	-0.001306	7.167167
0	0	0	0	0	0	0	0.000357	0	-0.000687	-0.001277	7.177177
0	0	0	0	0	0	0	0.000351	0	-0.000677	-0.001248	7.187187
0	0	0	0	0	0	0	0.000344	0	-0.000667	-0.00122	7.197197
0	0	0	0	0	0	0	0.000337	0	-0.000657	-0.001192	7.207207
0	0	0	0	0	0	0	0.000331	0	-0.000647	-0.001164	7.217217
0	0	0	0	0	0	0	0.000324	0	-0.000638	-0.001138	7.227227
0	0	0	0	0	0	0	0.000318	0	-0.000628	-0.001111	7.237237
0	0	0	0	0	0	0	0.000312	0	-0.000618	-0.001085	7.247247
0	0	0	0	0	0	0	0.000306	0	-0.000609	-0.001059	7.257257
0	0	0	0	0	0	0	0.000299	0	-0.0006	-0.001034	7.267267
0	0	0	0	0	0	0	0.000294	0	-0.00059	-0.001009	7.277277
0	0	0	0	0	0	0	0.000288	0	-0.000581	-0.000985	7.287287
0	0	0	0	0	0	0	0.000282	0	-0.000572	-0.000961	7.297297
0	0	0	0	0	0	0	0.000276	0	-0.000563	-0.000938	7.307307
0	0	0	0	0	0	0	0.000271	0	-0.000554	-0.000914	7.317317
0	0	0	0	0	0	0	0.000265	0	-0.000545	-0.000892	7.327327
0	0	0	0	0	0	0	0.00026	0	-0.000537	-0.000869	7.337337
0	0	0	0	0	0	0	0.000254	0	-0.000528	-0.000848	7.347347
0	0	0	0	0	0	0	0.000249	0	-0.00052	-0.000826	7.357357
0	0	0	0	0	0	0	0.000244	0	-0.000511	-0.000805	7.367367
0	0	0	0	0	0	0	0.000239	0	-0.000503	-0.000784	7.377377
0	0	0	0	0	0	0	0.000234	0	-0.000495	-0.000764	7.387387
0	0	0	0	0	0	0	0.000229	0	-0.000487	-0.000744	7.397397
0	0	0	0	0	0	0	0.000224	0	-0.000479	-0.000724	7.407407
0	0	0	0	0	0	0	0.000219	0	-0.000471	-0.000705	7.417417
0	0	0	0	0	0	0	0.000215	0	-0.000463	-0.000686	7.427427
0	0	0	0	0	0	0	0.00021	0	-0.000455	-0.000668	7.437437
0	0	0	0	0	0	0	0.000206	0	-0.000447	-0.00065	7.447447
0	0	0	0	0	0	0	0.000201	0	-0.00044	-0.000632	7.457457
0	0	0	0	0	0	0	0.000197	0	-0.000432	-0.000614	7.467467
0	0	0	0	0	0	0	0.000193	0	-0.000425	-0.000597	7.477477
0	0	0	0	0	0	0	0.000188	0	-0.000418	-0.00058	7.487487
0	0	0	0	0	0	0	0.000184	0	-0.00041	-0.000564	7.497497
0	0	0	0	0	0	0	0.00018	0	-0.000403	-0.000548	7.507508
0	0	0	0	0	0	0	0.000176	0	-0.000396	-0.000532	7.517518
0	0	0	0	0	0	0	0.000172	0	-0.000389	-0.000517	7.527528
0	0	0	0	0	0	0	0.000168	0	-0.000382	-0.000502	7.537538
0	0	0	0	0	0	0	0.000165	0	-0.000375	-0.000487	7.547548
0	0	0	0	0	0	0	0.000161	0	-0.000369	-0.000472	7.557558
0	0	0	0	0	0	0	0.000157	0	-0.000362	-0.000458	7.567568
0	0	0	0	0	0	0	0.000154	0	-0.000355	-0.000444	7.577578
0	0	0	0	0	0	0	0.00015	0	-0.000349	-0.00043	7.587588
0	0	0	0	0	0	0	0.000147	0	-0.000342	-0.000417	7.597598
0	0	0	0	0	0	0	0.000143	0	-0.000336	-0.000404	7.607608
0	0	0	0	0	0	0	0.00014	0	-0.00033	-0.000391	7.617618
0	0	0	0	0	0	0	0.000137	0	-0.000324	-0.000379	7.627628
0	0	0	0	0	0	0	0.000133	0	-0.000318	-0.000367	7.637638
0	0	0	0	0	0	0	0.00013	0	-0.000311	-0.000355	7.647648
0	0	0	0	0	0	0	0.000127	0	-0.000306	-0.000343	7.657658
0	0	0	0	0	0	0	0.000124	0	-0.0003	-0.000332	7.667668
0	0	0	0	0	0	0	0.000121	0	-0.000294	-0.000321	7.677678
0	0	0	0	0	0	0	0.000118	0	-0.000288	-0.00031	7.687688
0	0	0	0	0	0	0	0.000115	0	-0.000282	-0.000299	7.697698
0	0	0	0	0	0	0	0.000113	0	-0.000277	-0.000289	7.707708
0	0	0	0	0	0	0	0.00011	0	-0.000271	-0.000279	7.717718
0	0	0	0	0	0	0	0.000107	0	-0.000266	-0.000269	7.727728
0	0	0	0	0	0	0	0.000104	0	-0.000261	-0.000259	7.737738
0	0	0	0	0	0	0	0.000102	0	-0.000255	-0.00025	7.747748
0	0	0	0	0	0	0	9.9e-05	0	-0.00025	-0.000241	7.757758
0	0	0	0	0	0	0	9.7e-05	0	-0.000245	-0.000232	7.767768
0	0	0	0	0	0	0	9.4e-05	0	-0.00024	-0.000223	7.777778
0	0	0	0	0	0	0	9.2e-05	0	-0.000235	-0.000214	7.787788
0	0	0	0	0	0	0	9e-05	0	-0.00023	-0.000206	7.797798
0	0	0	0	0	0	0	8.7e-05	0	-0.000225	-0.000198	7.807808
0	0	0	0	0	0	0	8.5e-05	0	-0.00022	-0.00019	7.817818
0	0	0	0	0	0	0	8.3e-05	0	-0.000215	-0.000183	7.827828
0	0	0	0	0	0	0	8.1e-05	0	-0.000211	-0.000175	7.837838
0	0	0	0	0	0	0	7.9e-05	0	-0.000206	-0.000168	7.847848
0	0	0	0	0	0	0	7.7e-05	0	-0.000201	-0.000161	7.857858
0	0	0	0	0	0	0	7.5e-05	0	-0.000197	-0.000154	7.867868
0	0	0	0	0	0	0	7.3e-05	0	-0.000193	-0.000148	7.877878
0	0	0	0	0	0	0	7.1e-05	0	-0.000188	-0.000141	7.887888
0	0	0	0	0	0	0	6.9e-05	0	-0.000184	-0.000135	7.897898
0	0	0	0	0	0	0	6.7e-05	0	-0.00018	-0.000129	7.907908
0	0	0	0	0	0	0	6.6e-05	0	-0.000175	-0.000123	7.917918
0	0	0	0	0	0	0	6.4e-05	0	-0.000171	-0.000117	7.927928
0	0	0	0	0	0	0	6.2e-05	0	-0.000167	-0.000112	7.937938
0	0	0	0	0	0	0	6e-05	0	-0.000163	-0.000106	7.947948
0	0	0	0	0	0	0	5.9e-05	0	-0.000159	-0.000101	7.957958
0	0	0	0	0	0	0	5.7e-05	0	-0.000155	-9.6e-05	7.967968
0	0	0	0	0	0	0	5.6e-05	0	-0.000152	-9.1e-05	7.977978
0	0	0	0	0	0	0	5.4e-05	0	-0.000148	-8.6e-05	7.987988
0	0	0	0	0	0	0	5.3e-05	0	-0.000144	-8.2e-05	7.997998
0	0	0	0	0	0	0	5.1e-05	0	-0.00014	-7.7e-05	8.008008
0	0	0	0	0	0	0	5e-05	0	-0.000137	-7.3e-05	8.018018
0	0	0	0	0	0	0	4.9e-05	0	-0.000133	-6.9e-05	8.028028
0	0	0	0	0	0	0	4.7e-05	0	-0.00013	-6.5e-05	8.038038
0	0	0	0	0	0	0	4.6e-05	0	-0.000126	-6.1e-05	8.048048
0	0	0	0	0	0	0	4.5e-05	0	-0.000123	-5.7e-05	8.058058
0	0	0	0	0	0	0	4.4e-05	0	-0.00012	-5.4e-05	8.068068
0	0	0	0	0	0	0	4.2e-05	0	-0.000116	-5e-05	8.078078
0	0	0	0	0	0	0	4.1e-05	0	-0.000113	-4.7e-05	8.088088
0	0	0	0	0	0	0	4e-05	0	-0.00011	-4.4e-05	8.098098
0	0	0	0	0	0	0	3.9e-05	0	-0.000107	-4.1e-05	8.108108
0	0	0	0	0	0	0	3.8e-05	0	-0.000104	-3.8e-05	8.118118
0	0	0	0	0	0	0	3.7e-05	0	-0.000101	-3.5e-05	8.128128
0	0	0	0	0	0	0	3.6e-05	0	-9.8e-05	-3.3e-05	8.138138
0	0	0	0	0	0	0	3.5e-05	0	-9.5e-05	-3e-05	8.148148
0	0	0	0	0	0	0	3.4e-05	0	-9.2e-05	-2.8e-05	8.158158
0	0	0	0	0	0	0	3.3e-05	0	-8.9e-05	-2.6e-05	8.168168
0	0	0	0	0	0	0	3.2e-05	0	-8.6e-05	-2.3e-05	8.178178
0	0	0	0	0	0	0	3.1e-05	0	-8.3e-05	-2.1e-05	8.188188
0	0	0	0	0	0	0	3.1e-05	0	-8.1e-05	-2e-05	8.198198
0	0	0	0	0	0	0	3e-05	0	-7.8e-05	-1.8e-05	8.208208
0	0	0	0	0	0	0	2.9e-05	0	-7.5e-05	-1.6e-05	8.218218
0	0	0	0	0	0	0	2.8e-05	0	-7.3e-05	-1.4e-05	8.228228
0	0	0	0	0	0	0	2.8e-05	0	-7e-05	-1.3e-05	8.238238
0	0	0	0	0	0	0	2.7e-05	0	-6.8e-05	-1.2e-05	8.248248
0	0	0	0	0	0	0	2.6e-05	0	-6.5e-05	-1e-05	8.258258
0	0	0	0	0	0	0	2.6e-05	0	-6.3e-05	-9e-06	8.268268
0	0	0	0	0	0	0	2.5e-05	0	-6.1e-05	-8e-06	8.278278
0	0	0	0	0	0	0	2.4e-05	0	-5.8e-05	-7e-06	8.288288
0	0	0	0	0	0	0	2.4e-05	0	-5.6e-05	-6e-06	8.298298
0	0	0	0	0	0	0	2.3e-05	0	-5.4e-05	-6e-06	8.308308
0	0	0	0	0	0	0	2.3e-05	0	-5.1e-05	-5e-06	8.318318
0	0	0	0	0	0	0	2.2e-05	0	-4.9e-05	-4e-06	8.328328
0	0	0	0	0	0	0	2.2e-05	0	-4.7e-05	-4e-06	8.338338
0	0	0	0	0	0	0	2.1e-05	0	-4.5e-05	-4e-06	8.348348
0	0	0	0	0	0	0	2.1e-05	0	-4.3e-05	-3e-06	8.358358
0	0	0	0	0	0	0	2e-05	0	-4.1e-05	-3e-06	8.368368
0	0	0	0	0	0	0	2e-05	0	-3.9e-05	-3e-06	8.378378
0	0	0	0	0	0	0	2e-05	0	-3.7e-05	-3e-06	8.388388
0	0	0	0	0	0	0	1.9e-05	0	-3.5e-05	-3e-06	8.398398
0	0	0	0	0	0	0	1.9e-05	0	-3.3e-05	-3e-06	8.408408
0	0	0	0	0	0	0	1.9e-05	0	-3.2e-05	-3e-06	8.418418
0	0	0	0	0	0	0	1.8e-05	0	-3e-05	-4e-06	8.428428
0	0	0	0	0	0	0	1.8e-05	0	-2.8e-05	-4e-06	8.438438
0	0	0	0	0	0	0	1.8e-05	0	-2.6e-05	-5e-06	8.448448
0	0	0	0	0	0	0	1.7e-05	0	-2.5e-05	-5e-06	8.458458
0	0	0	0	0	0	0	1.7e-05	0	-2.3e-05	-6e-06	8.468468
0	0	0	0	0	0	0	1.7e-05	0	-2.2e-05	-7e-06	8.478478
0	0	0	0	0	0	0	1.7e-05	0	-2e-05	-7e-06	8.488488
0	0	0	0	0	0	0	1.7e-05	0	-1.9e-05	-8e-06	8.498498
0	0	0	0	0	0	0	1.6e-05	0	-1.7e-05	-9e-06	8.508509
0	0	0	0	0	0	0	1.6e-05	0	-1.6e-05	-1e-05	8.518519
0	0	0	0	0	0	0	1.6e-05	0	-1.4e-05	-1.1e-05	8.528529
0	0	0	0	0	0	0	1.6e-05	0	-1.3e-05	-1.3e-05	8.538539
0	0	0	0	0	0	0	1.6e-05	0	-1.2e-05	-1.4e-05	8.548549
0	0	0	0	0	0	0	1.6e-05	0	-1e-05	-1.5e-05	8.558559
0	0	0	0	0	0	0	1.6e-05	0	-9e-06	-1.6e-05	8.568569
0	0	0	0	0	0	0	1.6e-05	0	-8e-06	-1.8e-05	8.578579
0	0	0	0	0	0	0	1.5e-05	0	-7e-06	-1.9e-05	8.588589
0	0	0	0	0	0	0	1.5e-05	0	-6e-06	-2.1e-05	8.598599
0	0	0	0	0	0	0	1.5e-05	0	-5e-06	-2.3e-05	8.608609
0	0	0	0	0	0	0	1.5e-05	0	-3e-06	-2.4e-05	8.618619
0	0	0	0	0	0	0	1.5e-05	0	-2e-06	-2.6e-05	8.628629
0	0	0	0	0	0	0	1.5e-05	0	-2e-06	-2.8e-05	8.638639
0	0	0	0	0	0	0	1.5e-05	0	-1e-06	-3e-05	8.648649
0	0	0	0	0	0	0	1.5e-05	0	0.0	-3.1e-05	8.658659
0	0	0	0	0	0	0	1.5e-05	0	1e-06	-3.3e-05	8.668669
0	0	0	0	0	0	0	1.5e-05	0	2e-06	-3.5e-05	8.678679
0	0	0	0	0	0	0	1.5e-05	0	3e-06	-3.7e-05	8.688689
0	0	0	0	0	0	0	1.5e-05	0	3e-06	-3.9e-05	8.698699
0	0	0	0	0	0	0	1.5e-05	0	4e-06	-4.1e-05	8.708709
0	0	0	0	0	0	0	1.5e-05	0	5e-06	-4.4e-05	8.718719
0	0	0	0	0	0	0	1.5e-05	0	5e-06	-4.6e-05	8.728729
0	0	0	0	0	0	0	1.6e-05	0	6e-06	-4.8e-05	8.738739
0	0	0	0	0	0	0	1.6e-05	0	7e-06	-5e-05	8.748749
0	0	0	0	0	0	0	1.6e-05	0	7e-06	-5.2e-05	8.758759
0	0	0	0	0	0	0	1.6e-05	0	8e-06	-5.4e-05	8.768769
0	0	0	0	0	0	0	1.6e-05	0	8e-06	-5.7e-05	8.778779
0	0	0	0	0	0	0	1.6e-05	0	8e-06	-5.9e-05	8.788789
0	0	0	0	0	0	0	1.6e-05	0	9e-06	-6.1e-05	8.798799
0	0	0	0	0	0	0	1.6e-05	0	9e-06	-6.4e-05	8.808809
0	0	0	0	0	0	0	1.6e-05	0	9e-06	-6.6e-05	8.818819
0	0	0	0	0	0	0	1.6e-05	0	1e-05	-6.8e-05	8.828829
0	0	0	0	0	0	0	1.6e-05	0	1e-05	-7e-05	8.838839
0	0	0	0	0	0	0	1.6e-05	0	1e-05	-7.3e-05	8.848849
0	0	0	0	0	0	0	1.7e-05	0	1e-05	-7.5e-05	8.858859
0	0	0	0	0	0	0	1.7e-05	0	1e-05	-7.7e-05	8.868869
0	0	0	0	0	0	0	1.7e-05	0	1e-05	-7.9e-05	8.878879
0	0	0	0	0	0	0	1.7e-05	0	1e-05	-8.2e-05	8.888889
0	0	0	0	0	0	0	1.7e-05	0	1e-05	-8.4e-05	8.898899
0	0	0	0	0	0	0	1.7e-05	0	1e-05	-8.6e-05	8.908909
0	0	0	0	0	0	0	1.7e-05	0	1e-05	-8.8e-05	8.918919
0	0	0	0	0	0	0	1.7e-05	0	1e-05	-9e-05	8.928929
0	0	0	0	0	0	0	1.7e-05	0	1e-05	-9.2e-05	8.938939
0	0	0	0	0	0	0	1.7e-05	0	1e-05	-9.4e-05	8.948949
0	0	0	0	0	0	0	1.8e-05	0	1e-05	-9.6e-05	8.958959
0	0	0	0	0	0	0	1.8e-05	0	9e-06	-9.8e-05	8.968969
0	0	0	0	0	0	0	1.8e-05	0	9e-06	-0.0001	8.978979
0	0	0	0	0	0	0	1.8e-05	0	9e-06	-0.000102	8.988989
0	0	0	0	0	0	0	1.8e-05	0	8e-06	-0.000104	8.998999
0	0	0	0	0	0	0	1.8e-05	0	8e-06	-0.000105	9.009009
0	0	0	0	0	0	0	1.8e-05	0	8e-06	-0.000107	9.019019
0	0	0	0	0	0	0	1.8e-05	0	7e-06	-0.000109	9.029029
0	0	0	0	0	0	0	1.8e-05	0	7e-06	-0.00011	9.039039
0	0	0	0	0	0	0	1.8e-05	0	7e-06	-0.000111	9.049049
0	0	0	0	0	0	0	1.8e-05	0	6e-06	-0.000113	9.059059
0	0	0	0	0	0	0	1.8e-05	0	6e-06	-0.000114	9.069069
0	0	0	0	0	0	0	1.8e-05	0	5e-06	-0.000115	9.079079
0	0	0	0	0	0	0	1.9e-05	0	5e-06	-0.000116	9.089089
0	0	0	0	0	0	0	1.9e-05	0	4e-06	-0.000117	9.099099
0	0	0	0	0	0	0	1.9e-05	0	4e-06	-0.000118	9.109109
0	0	0	0	0	0	0	1.9e-05	0	3e-06	-0.000119	9.119119
0	0	0	0	0	0	0	1.9e-05	0	2e-06	-0.00012	9.129129
0	0	0	0	0	0	0	1.9e-05	0	2e-06	-0.00012	9.139139
0	0	0	0	0	0	0	1.9e-05	0	1e-06	-0.000121	9.149149
0	0	0	0	0	0	0	1.9e-05	0	1e-06	-0.000121	9.159159
0	0	0	0	0	0	0	1.9e-05	0	0.0	-0.000121	9.169169
0	0	0	0	0	0	0	1.9e-05	0	-0.0	-0.000122	9.179179
0	0	0	0	0	0	0	1.9e-05	0	-1e-06	-0.000122	9.189189
0	0	0	0	0	0	0	1.9e-05	0	-2e-06	-0.000122	9.199199
0	0	0	0	0	0	0	1.9e-05	0	-2e-06	-0.000122	9.209209
0	0	0	0	0	0	0	1.9e-05	0	-3e-06	-0.000122	9.219219
0	0	0	0	0	0	0	1.9e-05	0	-3e-06	-0.000121	9.229229
0	0	0	0	0	0	0	1.9e-05	0	-4e-06	-0.000121	9.239239
0	0	0	0	0	0	0	1.9e-05	0	-5e-06	-0.000121	9.249249
0	0	0	0	0	0	0	1.8e-05	0	-5e-06	-0.00012	9.259259
0	0	0	0	0	0	0	1.8e-05	0	-6e-06	-0.00012	9.269269
0	0	0	0	0	0	0	1.8e-05	0	-6e-06	-0.000119	9.279279
0	0	0	0	0	0	0	1.8e-05	0	-7e-06	-0.000118	9.289289
0	0	0	0	0	0	0	1.8e-05	0	-8e-06	-0.000118	9.299299
0	0	0	0	0	0	0	1.8e-05	0	-8e-06	-0.000117	9.309309
0	0	0	0	0	0	0	1.8e-05	0	-9e-06	-0.000116	9.319319
0	0	0	0	0	0	0	1.8e-05	0	-9e-06	-0.000115	9.329329
0	0	0	0	0	0	0	1.8e-05	0	-1e-05	-0.000114	9.339339
0	0	0	0	0	0	0	1.8e-05	0	-1e-05	-0.000113	9.349349
0	0	0	0	0	0	0	1.8e-05	0	-1.1e-05	-0.000112	9.359359
0	0	0	0	0	0	0	1.8e-05	0	-1.1e-05	-0.000111	9.369369
0	0	0	0	0	0	0	1.7e-05	0	-1.2e-05	-0.00011	9.379379
0	0	0	0	0	0	0	1.7e-05	0	-1.2e-05	-0.000109	9.389389
0	0	0	0	0	0	0	1.7e-05	0	-1.3e-05	-0.000108	9.399399
0	0	0	0	0	0	0	1.7e-05	0	-1.3e-05	-0.000107	9.409409
0	0	0	0	0	0	0	1.7e-05	0	-1.4e-05	-0.000106	9.419419
0	0	0	0	0	0	0	1.7e-05	0	-1.4e-05	-0.000105	9.429429
0	0	0	0	0	0	0	1.7e-05	0	-1.4e-05	-0.000104	9.439439
0	0	0	0	0	0	0	1.7e-05	0	-1.5e-05	-0.000103	9.449449
0	0	0	0	0	0	0	1.6e-05	0	-1.5e-05	-0.000103	9.459459
0	0	0	0	0	0	0	1.6e-05	0	-1.6e-05	-0.000102	9.469469
0	0	0	0	0	0	0	1.6e-05	0	-1.6e-05	-0.000101	9.479479
0	0	0	0	0	0	0	1.6e-05	0	-1.7e-05	-0.000101	9.489489
0	0	0	0	0	0	0	1.6e-05	0	-1.7e-05	-0.0001	9.499499
0	0	0	0	0	0	0	1.6e-05	0	-1.8e-05	-0.0001	9.50951
0	0	0	0	0	0	0	1.5e-05	0	-1.8e-05	-9.9e-05	9.51952
0	0	0	0	0	0	0	1.5e-05	0	-1.8e-05	-9.9e-05	9.52953
0	0	0	0	0	0	0	1.5e-05	0	-1.9e-05	-9.9e-05	9.53954
0	0	0	0	0	0	0	1.5e-05	0	-1.9e-05	-9.9e-05	9.54955
0	0	0	0	0	0	0	1.5e-05	0	-2e-05	-9.9e-05	9.55956
0	0	0	0	0	0	0	1.4e-05	0	-2e-05	-9.9e-05	9.56957
0	0	0	0	0	0	0	1.4e-05	0	-2.1e-05	-0.0001	9.57958
0	0	0	0	0	0	0	1.4e-05	0	-2.2e-05	-0.0001	9.58959
0	0	0	0	0	0	0	1.4e-05	0	-2.2e-05	-0.000101	9.5996
0	0	0	0	0	0	0	1.4e-05	0	-2.3e-05	-0.000101	9.60961
0	0	0	0	0	0	0	1.3e-05	0	-2.4e-05	-0.000102	9.61962
0	0	0	0	0	0	0	1.3e-05	0	-2.4e-05	-0.000103	9.62963
0	0	0	0	0	0	0	1.3e-05	0	-2.5e-05	-0.000104	9.63964
0	0	0	0	0	0	0	1.3e-05	0	-2.6e-05	-0.000105	9.64965
0	0	0	0	0	0	0	1.2e-05	0	-2.7e-05	-0.000105	9.65966
0	0	0	0	0	0	0	1.2e-05	0	-2.8e-05	-0.000106	9.66967
0	0	0	0	0	0	0	1.2e-05	0	-2.9e-05	-0.000107	9.67968
0	0	0	0	0	0	0	1.1e-05	0	-3e-05	-0.000108	9.68969
0	0	0	0	0	0	0	1.1e-05	0	-3.1e-05	-0.000108	9.6997
0	0	0	0	0	0	0	1.1e-05	0	-3.2e-05	-0.000109	9.70971
0	0	0	0	0	0	0	1.1e-05	0	-3.3e-05	-0.000109	9.71972
0	0	0	0	0	0	0	1e-05	0	-3.4e-05	-0.000109	9.72973
0	0	0	0	0	0	0	1e-05	0	-3.5e-05	-0.000108	9.73974
0	0	0	0	0	0	0	9e-06	0	-3.6e-05	-0.000107	9.74975
0	0	0	0	0	0	0	9e-06	0	-3.7e-05	-0.000106	9.75976
0	0	0	0	0	0	0	9e-06	0	-3.9e-05	-0.000104	9.76977
0	0	0	0	0	0	0	8e-06	0	-4e-05	-0.000101	9.77978
0	0	0	0	0	0	0	8e-06	0	-4.1e-05	-9.8e-05	9.78979
0	0	0	0	0	0	0	8e-06	0	-4.2e-05	-9.3e-05	9.7998
0	0	0	0	0	0	0	7e-06	0	-4.3e-05	-8.8e-05	9.80981
0	0	0	0	0	0	0	7e-06	0	-4.4e-05	-8.1e-05	9.81982
0	0	0	0	0	0	0	6e-06	0	-4.5e-05	-7.3e-05	9.82983
0	0	0	0	0	0	0	6e-06	0	-4.6e-05	-6.3e-05	9.83984
0	0	0	0	0	0	0	5e-06	0	-4.6e-05	-5.2e-05	9.84985
0	0	0	0	0	0	0	5e-06	0	-4.7e-05	-3.9e-05	9.85986
0	0	0	0	0	0	0	4e-06	0	-4.7e-05	-2.4e-05	9.86987
0	0	0	0	0	0	0	4e-06	0	-4.7e-05	-7e-06	9.87988
0	0	0	0	0	0	0	3e-06	0	-4.6e-05	1.3e-05	9.88989
0	0	0	0	0	0	0	3e-06	0	-4.5e-05	3.6e-05	9.8999
0	0	0	0	0	0	0	3e-06	0	-4.4e-05	6.1e-05	9.90991
0	0	0	0	0	0	0	2e-06	0	-4.2e-05	9e-05	9.91992
0	0	0	0	0	0	0	2e-06	0	-4e-05	0.000123	9.92993
0	0	0	0	0	0	0	1e-06	0	-3.7e-05	0.000159	9.93994
0	0	0	0	0	0	0	1e-06	0	-3.3e-05	0.0002	9.94995
0	0	0	0	0	0	0	1e-06	0	-2.9e-05	0.000245	9.95996
0	0	0	0	0	0	0	0.0	0	-2.3e-05	0.000296	9.96997
0	0	0	0	0	0	0	0.0	0	-1.7e-05	0.000352	9.97998
0	0	0	0	0	0	0	0.0	0	-9e-06	0.000413	9.98999
0	0	0	0	0	0	0	0.0	0	0.0	0.000481	10.0
m_value	M_value	L_value	g_value	d_value	b_value	theta_cmd	theta_0	thetadot_cmd	theta_dot_0	F_value	t0
0	0	0	0	0	0	0	0.6	0	0.0	-4.290321	0.0
0	0	0	0	0	0	0	0.599868	0	-0.026209	-4.21523	0.01001
0	0	0	0	0	0	0	0.59948	0	-0.050938	-4.142458	0.02002
0	0	0	0	0	0	0	0.598852	0	-0.074259	-4.071911	0.03003
0	0	0	0	0	0	0	0.597998	0	-0.096238	-4.003499	0.04004
0	0	0	0	0	0	0	0.59693	0	-0.116943	-3.937138	0.05005
0	0	0	0	0	0	0	0.595661	0	-0.136433	-3.872745	0.06006
0	0	0	0	0	0	0	0.594203	0	-0.154768	-3.810242	0.07007
0	0	0	0	0	0	0	0.592566	0	-0.172004	-3.749553	0.08008
0	0	0	0	0	0	0	0.590762	0	-0.188195	-3.690608	0.09009
0	0	0	0	0	0	0	0.588802	0	-0.203392	-3.633336	0.1001
0	0	0	0	0	0	0	0.586694	0	-0.217644	-3.577672	0.11011
0	0	0	0	0	0	0	0.584448	0	-0.230998	-3.523553	0.12012
0	0	0	0	0	0	0	0.582072	0	-0.243496	-3.470919	0.13013
0	0	0	0	0	0	0	0.579575	0	-0.255183	-3.419711	0.14014
0	0	0	0	0	0	0	0.576966	0	-0.266097	-3.369874	0.15015
0	0	0	0	0	0	0	0.574251	0	-0.276278	-3.321355	0.16016
0	0	0	0	0	0	0	0.571437	0	-0.285762	-3.274103	0.17017
0	0	0	0	0	0	0	0.568532	0	-0.294585	-3.228069	0.18018
0	0	0	0	0	0	0	0.565542	0	-0.302778	-3.183207	0.19019
0	0	0	0	0	0	0	0.562472	0	-0.310374	-3.139473	0.2002
0	0	0	0	0	0	0	0.55933	0	-0.317404	-3.096823	0.21021
0	0	0	0	0	0	0	0.55612	0	-0.323895	-3.055216	0.22022
0	0	0	0	0	0	0	0.552847	0	-0.329875	-3.014614	0.23023
0	0	0	0	0	0	0	0.549517	0	-0.335371	-2.974979	0.24024
0	0	0	0	0	0	0	0.546134	0	-0.340407	-2.936275	0.25025
0	0	0	0	0	0	0	0.542704	0	-0.345007	-2.898467	0.26026
0	0	0	0	0	0	0	0.539229	0	-0.349193	-2.861522	0.27027
0	0	0	0	0	0	0	0.535714	0	-0.352988	-2.82541	0.28028
0	0	0	0	0	0	0	0.532163	0	-0.35641	-2.790099	0.29029
0	0	0	0	0	0	0	0.52858	0	-0.359481	-2.755561	0.3003
0	0	0	0	0	0	0	0.524967	0	-0.362218	-2.721768	0.31031
0	0	0	0	0	0	0	0.521329	0	-0.36464	-2.688694	0.32032
0	0	0	0	0	0	0	0.517668	0	-0.366762	-2.656313	0.33033
0	0	0	0	0	0	0	0.513988	0	-0.368601	-2.6246	0.34034
0	0	0	0	0	0	0	0.51029	0	-0.370173	-2.593533	0.35035
0	0	0	0	0	0	0	0.506578	0	-0.371491	-2.563089	0.36036
0	0	0	0	0	0	0	0.502853	0	-0.37257	-2.533246	0.37037
0	0	0	0	0	0	0	0.49912	0	-0.373422	-2.503985	0.38038
0	0	0	0	0	0	0	0.495378	0	-0.374061	-2.475285	0.39039
0	0	0	0	0	0	0	0.491632	0	-0.374497	-2.447127	0.4004
0	0	0	0	0	0	0	0.487881	0	-0.374743	-2.419494	0.41041
0	0	0	0	0	0	0	0.48413	0	-0.374809	-2.392368	0.42042
0	0	0	0	0	0	0	0.480378	0	-0.374705	-2.365733	0.43043
0	0	0	0	0	0	0	0.476629	0	-0.374441	-2.339573	0.44044
0	0	0	0	0	0	0	0.472882	0	-0.374027	-2.313872	0.45045
0	0	0	0	0	0	0	0.469141	0	-0.37347	-2.288617	0.46046
0	0	0	0	0	0	0	0.465406	0	-0.372781	-2.263792	0.47047
0	0	0	0	0	0	0	0.461678	0	-0.371965	-2.239385	0.48048
0	0	0	0	0	0	0	0.45796	0	-0.371031	-2.215382	0.49049
0	0	0	0	0	0	0	0.454251	0	-0.369987	-2.191772	0.500501
0	0	0	0	0	0	0	0.450553	0	-0.368838	-2.168543	0.510511
0	0	0	0	0	0	0	0.446867	0	-0.367592	-2.145683	0.520521
0	0	0	0	0	0	0	0.443194	0	-0.366255	-2.123181	0.530531
0	0	0	0	0	0	0	0.439535	0	-0.364831	-2.101027	0.540541
0	0	0	0	0	0	0	0.43589	0	-0.363328	-2.079211	0.550551
0	0	0	0	0	0	0	0.432261	0	-0.36175	-2.057724	0.560561
0	0	0	0	0	0	0	0.428648	0	-0.360102	-2.036555	0.570571
0	0	0	0	0	0	0	0.425052	0	-0.358389	-2.015697	0.580581
0	0	0	0	0	0	0	0.421474	0	-0.356616	-1.995141	0.590591
0	0	0	0	0	0	0	0.417913	0	-0.354787	-1.974878	0.600601
0	0	0	0	0	0	0	0.414371	0	-0.352905	-1.954901	0.610611
0	0	0	0	0	0	0	0.410848	0	-0.350975	-1.935203	0.620621
0	0	0	0	0	0	0	0.407345	0	-0.349	-1.915775	0.630631
0	0	0	0	0	0	0	0.403861	0	-0.346984	-1.896612	0.640641
0	0	0	0	0	0	0	0.400398	0	-0.34493	-1.877707	0.650651
0	0	0	0	0	0	0	0.396956	0	-0.342841	-1.859052	0.660661
0	0	0	0	0	0	0	0.393534	0	-0.34072	-1.840642	0.670671
0	0	0	0	0	0	0	0.390135	0	-0.33857	-1.822472	0.680681
0	0	0	0	0	0	0	0.386756	0	-0.336394	-1.804535	0.690691
0	0	0	0	0	0	0	0.3834	0	-0.334194	-1.786826	0.700701
0	0	0	0	0	0	0	0.380066	0	-0.331972	-1.769339	0.710711
0	0	0	0	0	0	0	0.376754	0	-0.329731	-1.75207	0.720721
0	0	0	0	0	0	0	0.373465	0	-0.327472	-1.735013	0.730731
0	0	0	0	0	0	0	0.370198	0	-0.325199	-1.718165	0.740741
0	0	0	0	0	0	0	0.366954	0	-0.322912	-1.70152	0.750751
0	0	0	0	0	0	0	0.363733	0	-0.320613	-1.685074	0.760761
0	0	0	0	0	0	0	0.360536	0	-0.318305	-1.668824	0.770771
0	0	0	0	0	0	0	0.357361	0	-0.315988	-1.652764	0.780781
0	0	0	0	0	0	0	0.35421	0	-0.313665	-1.636891	0.790791
0	0	0	0	0	0	0	0.351081	0	-0.311337	-1.621201	0.800801
0	0	0	0	0	0	0	0.347977	0	-0.309004	-1.605691	0.810811
0	0	0	0	0	0	0	0.344895	0	-0.306669	-1.590357	0.820821
0	0	0	0	0	0	0	0.341837	0	-0.304332	-1.575196	0.830831
0	0	0	0	0	0	0	0.338802	0	-0.301995	-1.560204	0.840841
0	0	0	0	0	0	0	0.335791	0	-0.299659	-1.545379	0.850851
0	0	0	0	0	0	0	0.332803	0	-0.297325	-1.530717	0.860861
0	0	0	0	0	0	0	0.329839	0	-0.294993	-1.516215	0.870871
0	0	0	0	0	0	0	0.326897	0	-0.292665	-1.501871	0.880881
0	0	0	0	0	0	0	0.32398	0	-0.290341	-1.487682	0.890891
0	0	0	0	0	0	0	0.321085	0	-0.288022	-1.473645	0.900901
0	0	0	0	0	0	0	0.318213	0	-0.285709	-1.459757	0.910911
0	0	0	0	0	0	0	0.315365	0	-0.283403	-1.446017	0.920921
0	0	0	0	0	0	0	0.31254	0	-0.281104	-1.432421	0.930931
0	0	0	0	0	0	0	0.309737	0	-0.278813	-1.418967	0.940941
0	0	0	0	0	0	0	0.306958	0	-0.27653	-1.405654	0.950951
0	0	0	0	0	0	0	0.304201	0	-0.274257	-1.392478	0.960961
0	0	0	0	0	0	0	0.301467	0	-0.271992	-1.379438	0.970971
0	0	0	0	0	0	0	0.298756	0	-0.269738	-1.366532	0.980981
0	0	0	0	0	0	0	0.296067	0	-0.267494	-1.353758	0.990991
0	0	0	0	0	0	0	0.2934	0	-0.265261	-1.341113	1.001001
0	0	0	0	0	0	0	0.290756	0	-0.263038	-1.328596	1.011011
0	0	0	0	0	0	0	0.288134	0	-0.260828	-1.316205	1.021021
0	0	0	0	0	0	0	0.285534	0	-0.258629	-1.303939	1.031031
0	0	0	0	0	0	0	0.282957	0	-0.256442	-1.291795	1.041041
0	0	0	0	0	0	0	0.2804	0	-0.254267	-1.279771	1.051051
0	0	0	0	0	0	0	0.277866	0	-0.252105	-1.267867	1.061061
0	0	0	0	0	0	0	0.275353	0	-0.249956	-1.25608	1.071071
0	0	0	0	0	0	0	0.272862	0	-0.24782	-1.244409	1.081081
0	0	0	0	0	0	0	0.270392	0	-0.245697	-1.232853	1.091091
0	0	0	0	0	0	0	0.267943	0	-0.243588	-1.22141	1.101101
0	0	0	0	0	0	0	0.265515	0	-0.241492	-1.210078	1.111111
0	0	0	0	0	0	0	0.263108	0	-0.23941	-1.198856	1.121121
0	0	0	0	0	0	0	0.260722	0	-0.237341	-1.187743	1.131131
0	0	0	0	0	0	0	0.258357	0	-0.235287	-1.176737	1.141141
0	0	0	0	0	0	0	0.256012	0	-0.233247	-1.165837	1.151151
0	0	0	0	0	0	0	0.253687	0	-0.23122	-1.155042	1.161161
0	0	0	0	0	0	0	0.251383	0	-0.229208	-1.144351	1.171171
0	0	0	0	0	0	0	0.249098	0	-0.227211	-1.133762	1.181181
0	0	0	0	0	0	0	0.246834	0	-0.225227	-1.123274	1.191191
0	0	0	0	0	0	0	0.244589	0	-0.223259	-1.112886	1.201201
0	0	0	0	0	0	0	0.242364	0	-0.221304	-1.102596	1.211211
0	0	0	0	0	0	0	0.240159	0	-0.219364	-1.092404	1.221221
0	0	0	0	0	0	0	0.237972	0	-0.217439	-1.082309	1.231231
0	0	0	0	0	0	0	0.235805	0	-0.215527	-1.072309	1.241241
0	0	0	0	0	0	0	0.233657	0	-0.213631	-1.062403	1.251251
0	0	0	0	0	0	0	0.231528	0	-0.211749	-1.052591	1.261261
0	0	0	0	0	0	0	0.229418	0	-0.209882	-1.042871	1.271271
0	0	0	0	0	0	0	0.227327	0	-0.208028	-1.033242	1.281281
0	0	0	0	0	0	0	0.225253	0	-0.20619	-1.023703	1.291291
0	0	0	0	0	0	0	0.223199	0	-0.204366	-1.014254	1.301301
0	0	0	0	0	0	0	0.221162	0	-0.202556	-1.004893	1.311311
0	0	0	0	0	0	0	0.219143	0	-0.200761	-0.995619	1.321321
0	0	0	0	0	0	0	0.217143	0	-0.19898	-0.986432	1.331331
0	0	0	0	0	0	0	0.21516	0	-0.197213	-0.977331	1.341341
0	0	0	0	0	0	0	0.213194	0	-0.195461	-0.968314	1.351351
0	0	0	0	0	0	0	0.211247	0	-0.193723	-0.959381	1.361361
0	0	0	0	0	0	0	0.209316	0	-0.191999	-0.950531	1.371371
0	0	0	0	0	0	0	0.207403	0	-0.190289	-0.941763	1.381381
0	0	0	0	0	0	0	0.205506	0	-0.188593	-0.933076	1.391391
0	0	0	0	0	0	0	0.203627	0	-0.186911	-0.92447	1.401401
0	0	0	0	0	0	0	0.201764	0	-0.185243	-0.915943	1.411411
0	0	0	0	0	0	0	0.199918	0	-0.183589	-0.907495	1.421421
0	0	0	0	0	0	0	0.198089	0	-0.181948	-0.899126	1.431431
0	0	0	0	0	0	0	0.196276	0	-0.180321	-0.890833	1.441441
0	0	0	0	0	0	0	0.194479	0	-0.178708	-0.882617	1.451451
0	0	0	0	0	0	0	0.192698	0	-0.177109	-0.874477	1.461461
0	0	0	0	0	0	0	0.190933	0	-0.175522	-0.866411	1.471471
0	0	0	0	0	0	0	0.189184	0	-0.17395	-0.85842	1.481481
0	0	0	0	0	0	0	0.18745	0	-0.17239	-0.850503	1.491491
0	0	0	0	0	0	0	0.185733	0	-0.170844	-0.842658	1.501502
0	0	0	0	0	0	0	0.18403	0	-0.169311	-0.834885	1.511512
0	0	0	0	0	0	0	0.182343	0	-0.167791	-0.827184	1.521522
0	0	0	0	0	0	0	0.180671	0	-0.166284	-0.819554	1.531532
0	0	0	0	0	0	0	0.179014	0	-0.16479	-0.811993	1.541542
0	0	0	0	0	0	0	0.177372	0	-0.163309	-0.804502	1.551552
0	0	0	0	0	0	0	0.175744	0	-0.16184	-0.79708	1.561562
0	0	0	0	0	0	0	0.174132	0	-0.160384	-0.789725	1.571572
0	0	0	0	0	0	0	0.172533	0	-0.158941	-0.782438	1.581582
0	0	0	0	0	0	0	0.17095	0	-0.15751	-0.775218	1.591592
0	0	0	0	0	0	0	0.16938	0	-0.156091	-0.768064	1.601602
0	0	0	0	0	0	0	0.167825	0	-0.154685	-0.760975	1.611612
0	0	0	0	0	0	0	0.166283	0	-0.153291	-0.753952	1.621622
0	0	0	0	0	0	0	0.164756	0	-0.151909	-0.746992	1.631632
0	0	0	0	0	0	0	0.163242	0	-0.150539	-0.740097	1.641642
0	0	0	0	0	0	0	0.161742	0	-0.149181	-0.733264	1.651652
0	0	0	0	0	0	0	0.160255	0	-0.147835	-0.726494	1.661662
0	0	0	0	0	0	0	0.158782	0	-0.1465	-0.719786	1.671672
0	0	0	0	0	0	0	0.157322	0	-0.145177	-0.713139	1.681682
0	0	0	0	0	0	0	0.155876	0	-0.143866	-0.706553	1.691692
0	0	0	0	0	0	0	0.154442	0	-0.142566	-0.700027	1.701702
0	0	0	0	0	0	0	0.153021	0	-0.141278	-0.69356	1.711712
0	0	0	0	0	0	0	0.151614	0	-0.140001	-0.687153	1.721722
0	0	0	0	0	0	0	0.150219	0	-0.138735	-0.680805	1.731732
0	0	0	0	0	0	0	0.148836	0	-0.13748	-0.674514	1.741742
0	0	0	0	0	0	0	0.147466	0	-0.136236	-0.668281	1.751752
0	0	0	0	0	0	0	0.146109	0	-0.135003	-0.662104	1.761762
0	0	0	0	0	0	0	0.144763	0	-0.133781	-0.655985	1.771772
0	0	0	0	0	0	0	0.14343	0	-0.13257	-0.649921	1.781782
0	0	0	0	0	0	0	0.142109	0	-0.13137	-0.643912	1.791792
0	0	0	0	0	0	0	0.1408	0	-0.13018	-0.637958	1.801802
0	0	0	0	0	0	0	0.139503	0	-0.129	-0.632059	1.811812
0	0	0	0	0	0	0	0.138218	0	-0.127831	-0.626213	1.821822
0	0	0	0	0	0	0	0.136944	0	-0.126672	-0.620421	1.831832
0	0	0	0	0	0	0	0.135682	0	-0.125524	-0.614682	1.841842
0	0	0	0	0	0	0	0.134431	0	-0.124386	-0.608995	1.851852
0	0	0	0	0	0	0	0.133191	0	-0.123257	-0.60336	1.861862
0	0	0	0	0	0	0	0.131963	0	-0.122139	-0.597777	1.871872
0	0	0	0	0	0	0	0.130746	0	-0.121031	-0.592245	1.881882
0	0	0	0	0	0	0	0.12954	0	-0.119932	-0.586763	1.891892
0	0	0	0	0	0	0	0.128345	0	-0.118843	-0.581331	1.901902
0	0	0	0	0	0	0	0.127161	0	-0.117764	-0.575949	1.911912
0	0	0	0	0	0	0	0.125987	0	-0.116695	-0.570616	1.921922
0	0	0	0	0	0	0	0.124825	0	-0.115635	-0.565331	1.931932
0	0	0	0	0	0	0	0.123672	0	-0.114584	-0.560095	1.941942
0	0	0	0	0	0	0	0.122531	0	-0.113543	-0.554907	1.951952
0	0	0	0	0	0	0	0.121399	0	-0.11251	-0.549766	1.961962
0	0	0	0	0	0	0	0.120278	0	-0.111488	-0.544672	1.971972
0	0	0	0	0	0	0	0.119167	0	-0.110474	-0.539625	1.981982
0	0	0	0	0	0	0	0.118066	0	-0.109469	-0.534624	1.991992
0	0	0	0	0	0	0	0.116976	0	-0.108473	-0.529668	2.002002
0	0	0	0	0	0	0	0.115895	0	-0.107486	-0.524758	2.012012
0	0	0	0	0	0	0	0.114824	0	-0.106508	-0.519893	2.022022
0	0	0	0	0	0	0	0.113762	0	-0.105538	-0.515072	2.032032
0	0	0	0	0	0	0	0.112711	0	-0.104578	-0.510296	2.042042
0	0	0	0	0	0	0	0.111669	0	-0.103625	-0.505563	2.052052
0	0	0	0	0	0	0	0.110636	0	-0.102682	-0.500873	2.062062
0	0	0	0	0	0	0	0.109613	0	-0.101746	-0.496226	2.072072
0	0	0	0	0	0	0	0.108599	0	-0.100819	-0.491622	2.082082
0	0	0	0	0	0	0	0.107595	0	-0.0999	-0.48706	2.092092
0	0	0	0	0	0	0	0.106599	0	-0.09899	-0.482539	2.102102
0	0	0	0	0	0	0	0.105613	0	-0.098087	-0.47806	2.112112
0	0	0	0	0	0	0	0.104635	0	-0.097193	-0.473622	2.122122
0	0	0	0	0	0	0	0.103667	0	-0.096307	-0.469225	2.132132
0	0	0	0	0	0	0	0.102707	0	-0.095428	-0.464868	2.142142
0	0	0	0	0	0	0	0.101756	0	-0.094557	-0.46055	2.152152
0	0	0	0	0	0	0	0.100814	0	-0.093695	-0.456273	2.162162
0	0	0	0	0	0	0	0.099881	0	-0.092839	-0.452034	2.172172
0	0	0	0	0	0	0	0.098956	0	-0.091992	-0.447835	2.182182
0	0	0	0	0	0	0	0.098039	0	-0.091152	-0.443673	2.192192
0	0	0	0	0	0	0	0.097131	0	-0.09032	-0.43955	2.202202
0	0	0	0	0	0	0	0.096231	0	-0.089495	-0.435465	2.212212
0	0	0	0	0	0	0	0.095339	0	-0.088677	-0.431418	2.222222
0	0	0	0	0	0	0	0.094455	0	-0.087867	-0.427407	2.232232
0	0	0	0	0	0	0	0.09358	0	-0.087064	-0.423433	2.242242
0	0	0	0	0	0	0	0.092712	0	-0.086268	-0.419496	2.252252
0	0	0	0	0	0	0	0.091853	0	-0.085479	-0.415595	2.262262
0	0	0	0	0	0	0	0.091001	0	-0.084698	-0.411729	2.272272
0	0	0	0	0	0	0	0.090157	0	-0.083923	-0.407899	2.282282
0	0	0	0	0	0	0	0.089321	0	-0.083156	-0.404105	2.292292
0	0	0	0	0	0	0	0.088492	0	-0.082395	-0.400345	2.302302
0	0	0	0	0	0	0	0.087671	0	-0.081641	-0.396619	2.312312
0	0	0	0	0	0	0	0.086858	0	-0.080894	-0.392928	2.322322
0	0	0	0	0	0	0	0.086052	0	-0.080153	-0.389271	2.332332
0	0	0	0	0	0	0	0.085253	0	-0.079419	-0.385648	2.342342
0	0	0	0	0	0	0	0.084462	0	-0.078692	-0.382057	2.352352
0	0	0	0	0	0	0	0.083678	0	-0.077971	-0.3785	2.362362
0	0	0	0	0	0	0	0.082901	0	-0.077257	-0.374976	2.372372
0	0	0	0	0	0	0	0.082131	0	-0.076549	-0.371484	2.382382
0	0	0	0	0	0	0	0.081368	0	-0.075848	-0.368024	2.392392
0	0	0	0	0	0	0	0.080612	0	-0.075153	-0.364596	2.402402
0	0	0	0	0	0	0	0.079864	0	-0.074464	-0.361199	2.412412
0	0	0	0	0	0	0	0.079122	0	-0.073781	-0.357834	2.422422
0	0	0	0	0	0	0	0.078387	0	-0.073105	-0.3545	2.432432
0	0	0	0	0	0	0	0.077658	0	-0.072434	-0.351196	2.442442
0	0	0	0	0	0	0	0.076936	0	-0.07177	-0.347923	2.452452
0	0	0	0	0	0	0	0.076221	0	-0.071111	-0.34468	2.462462
0	0	0	0	0	0	0	0.075513	0	-0.070459	-0.341467	2.472472
0	0	0	0	0	0	0	0.074811	0	-0.069812	-0.338284	2.482482
0	0	0	0	0	0	0	0.074115	0	-0.069171	-0.33513	2.492492
0	0	0	0	0	0	0	0.073426	0	-0.068536	-0.332005	2.502503
0	0	0	0	0	0	0	0.072743	0	-0.067907	-0.328908	2.512513
0	0	0	0	0	0	0	0.072066	0	-0.067283	-0.325841	2.522523
0	0	0	0	0	0	0	0.071396	0	-0.066665	-0.322802	2.532533
0	0	0	0	0	0	0	0.070732	0	-0.066053	-0.31979	2.542543
0	0	0	0	0	0	0	0.070074	0	-0.065446	-0.316807	2.552553
0	0	0	0	0	0	0	0.069421	0	-0.064845	-0.313851	2.562563
0	0	0	0	0	0	0	0.068775	0	-0.064249	-0.310923	2.572573
0	0	0	0	0	0	0	0.068135	0	-0.063658	-0.308021	2.582583
0	0	0	0	0	0	0	0.067501	0	-0.063073	-0.305146	2.592593
0	0	0	0	0	0	0	0.066872	0	-0.062493	-0.302298	2.602603
0	0	0	0	0	0	0	0.06625	0	-0.061918	-0.299476	2.612613
0	0	0	0	0	0	0	0.065633	0	-0.061349	-0.296681	2.622623
0	0	0	0	0	0	0	0.065021	0	-0.060785	-0.293911	2.632633
0	0	0	0	0	0	0	0.064416	0	-0.060225	-0.291166	2.642643
0	0	0	0	0	0	0	0.063816	0	-0.059671	-0.288448	2.652653
0	0	0	0	0	0	0	0.063221	0	-0.059122	-0.285754	2.662663
0	0	0	0	0	0	0	0.062632	0	-0.058578	-0.283085	2.672673
0	0	0	0	0	0	0	0.062048	0	-0.058039	-0.280441	2.682683
0	0	0	0	0	0	0	0.06147	0	-0.057505	-0.277821	2.692693
0	0	0	0	0	0	0	0.060897	0	-0.056975	-0.275226	2.702703
0	0	0	0	0	0	0	0.060329	0	-0.056451	-0.272654	2.712713
0	0	0	0	0	0	0	0.059767	0	-0.055931	-0.270107	2.722723
0	0	0	0	0	0	0	0.05921	0	-0.055416	-0.267583	2.732733
0	0	0	0	0	0	0	0.058658	0	-0.054905	-0.265082	2.742743
0	0	0	0	0	0	0	0.058111	0	-0.0544	-0.262605	2.752753
0	0	0	0	0	0	0	0.057568	0	-0.053898	-0.26015	2.762763
0	0	0	0	0	0	0	0.057031	0	-0.053402	-0.257718	2.772773
0	0	0	0	0	0	0	0.056499	0	-0.05291	-0.255309	2.782783
0	0	0	0	0	0	0	0.055972	0	-0.052422	-0.252922	2.792793
0	0	0	0	0	0	0	0.05545	0	-0.051939	-0.250557	2.802803
0	0	0	0	0	0	0	0.054932	0	-0.05146	-0.248214	2.812813
0	0	0	0	0	0	0	0.05442	0	-0.050986	-0.245893	2.822823
0	0	0	0	0	0	0	0.053912	0	-0.050516	-0.243593	2.832833
0	0	0	0	0	0	0	0.053408	0	-0.05005	-0.241315	2.842843
0	0	0	0	0	0	0	0.05291	0	-0.049589	-0.239058	2.852853
0	0	0	0	0	0	0	0.052415	0	-0.049132	-0.236821	2.862863
0	0	0	0	0	0	0	0.051926	0	-0.048679	-0.234606	2.872873
0	0	0	0	0	0	0	0.051441	0	-0.04823	-0.232411	2.882883
0	0	0	0	0	0	0	0.05096	0	-0.047785	-0.230236	2.892893
0	0	0	0	0	0	0	0.050484	0	-0.047344	-0.228081	2.902903
0	0	0	0	0	0	0	0.050013	0	-0.046908	-0.225947	2.912913
0	0	0	0	0	0	0	0.049545	0	-0.046475	-0.223832	2.922923
0	0	0	0	0	0	0	0.049082	0	-0.046046	-0.221737	2.932933
0	0	0	0	0	0	0	0.048623	0	-0.045622	-0.219661	2.942943
0	0	0	0	0	0	0	0.048169	0	-0.045201	-0.217604	2.952953
0	0	0	0	0	0	0	0.047718	0	-0.044784	-0.215567	2.962963
0	0	0	0	0	0	0	0.047272	0	-0.044371	-0.213548	2.972973
0	0	0	0	0	0	0	0.04683	0	-0.043961	-0.211548	2.982983
0	0	0	0	0	0	0	0.046392	0	-0.043556	-0.209567	2.992993
0	0	0	0	0	0	0	0.045958	0	-0.043154	-0.207604	3.003003
0	0	0	0	0	0	0	0.045528	0	-0.042756	-0.205659	3.013013
0	0	0	0	0	0	0	0.045102	0	-0.042361	-0.203733	3.023023
0	0	0	0	0	0	0	0.04468	0	-0.041971	-0.201824	3.033033
0	0	0	0	0	0	0	0.044262	0	-0.041583	-0.199933	3.043043
0	0	0	0	0	0	0	0.043847	0	-0.0412	-0.198059	3.053053
0	0	0	0	0	0	0	0.043437	0	-0.04082	-0.196203	3.063063
0	0	0	0	0	0	0	0.04303	0	-0.040443	-0.194364	3.073073
0	0	0	0	0	0	0	0.042627	0	-0.04007	-0.192542	3.083083
0	0	0	0	0	0	0	0.042228	0	-0.0397	-0.190737	3.093093
0	0	0	0	0	0	0	0.041832	0	-0.039334	-0.188948	3.103103
0	0	0	0	0	0	0	0.041441	0	-0.038971	-0.187176	3.113113
0	0	0	0	0	0	0	0.041052	0	-0.038612	-0.185421	3.123123
0	0	0	0	0	0	0	0.040668	0	-0.038256	-0.183682	3.133133
0	0	0	0	0	0	0	0.040286	0	-0.037903	-0.181958	3.143143
0	0	0	0	0	0	0	0.039909	0	-0.037554	-0.180251	3.153153
0	0	0	0	0	0	0	0.039535	0	-0.037207	-0.17856	3.163163
0	0	0	0	0	0	0	0.039164	0	-0.036864	-0.176884	3.173173
0	0	0	0	0	0	0	0.038796	0	-0.036524	-0.175224	3.183183
0	0	0	0	0	0	0	0.038433	0	-0.036187	-0.173579	3.193193
0	0	0	0	0	0	0	0.038072	0	-0.035854	-0.17195	3.203203
0	0	0	0	0	0	0	0.037715	0	-0.035523	-0.170335	3.213213
0	0	0	0	0	0	0	0.037361	0	-0.035196	-0.168735	3.223223
0	0	0	0	0	0	0	0.03701	0	-0.034872	-0.167151	3.233233
0	0	0	0	0	0	0	0.036663	0	-0.03455	-0.16558	3.243243
0	0	0	0	0	0	0	0.036318	0	-0.034232	-0.164025	3.253253
0	0	0	0	0	0	0	0.035977	0	-0.033916	-0.162483	3.263263
0	0	0	0	0	0	0	0.035639	0	-0.033604	-0.160956	3.273273
0	0	0	0	0	0	0	0.035305	0	-0.033294	-0.159443	3.283283
0	0	0	0	0	0	0	0.034973	0	-0.032988	-0.157944	3.293293
0	0	0	0	0	0	0	0.034644	0	-0.032684	-0.156459	3.303303
0	0	0	0	0	0	0	0.034319	0	-0.032383	-0.154988	3.313313
0	0	0	0	0	0	0	0.033996	0	-0.032085	-0.15353	3.323323
0	0	0	0	0	0	0	0.033676	0	-0.031789	-0.152085	3.333333
0	0	0	0	0	0	0	0.033359	0	-0.031497	-0.150654	3.343343
0	0	0	0	0	0	0	0.033046	0	-0.031207	-0.149236	3.353353
0	0	0	0	0	0	0	0.032735	0	-0.03092	-0.147832	3.363363
0	0	0	0	0	0	0	0.032427	0	-0.030635	-0.14644	3.373373
0	0	0	0	0	0	0	0.032121	0	-0.030353	-0.145061	3.383383
0	0	0	0	0	0	0	0.031819	0	-0.030074	-0.143694	3.393393
0	0	0	0	0	0	0	0.031519	0	-0.029797	-0.14234	3.403403
0	0	0	0	0	0	0	0.031222	0	-0.029523	-0.140999	3.413413
0	0	0	0	0	0	0	0.030928	0	-0.029252	-0.13967	3.423423
0	0	0	0	0	0	0	0.030637	0	-0.028983	-0.138353	3.433433
0	0	0	0	0	0	0	0.030348	0	-0.028717	-0.137049	3.443443
0	0	0	0	0	0	0	0.030062	0	-0.028453	-0.135756	3.453453
0	0	0	0	0	0	0	0.029778	0	-0.028191	-0.134475	3.463463
0	0	0	0	0	0	0	0.029497	0	-0.027932	-0.133206	3.473473
0	0	0	0	0	0	0	0.029219	0	-0.027676	-0.131949	3.483483
0	0	0	0	0	0	0	0.028943	0	-0.027422	-0.130703	3.493493
0	0	0	0	0	0	0	0.02867	0	-0.02717	-0.129468	3.503504
0	0	0	0	0	0	0	0.028399	0	-0.02692	-0.128245	3.513514
0	0	0	0	0	0	0	0.028131	0	-0.026673	-0.127033	3.523524
0	0	0	0	0	0	0	0.027865	0	-0.026429	-0.125833	3.533534
0	0	0	0	0	0	0	0.027602	0	-0.026186	-0.124643	3.543544
0	0	0	0	0	0	0	0.027341	0	-0.025946	-0.123464	3.553554
0	0	0	0	0	0	0	0.027083	0	-0.025708	-0.122296	3.563564
0	0	0	0	0	0	0	0.026826	0	-0.025472	-0.121138	3.573574
0	0	0	0	0	0	0	0.026573	0	-0.025239	-0.119992	3.583584
0	0	0	0	0	0	0	0.026321	0	-0.025007	-0.118855	3.593594
0	0	0	0	0	0	0	0.026072	0	-0.024778	-0.117729	3.603604
0	0	0	0	0	0	0	0.025825	0	-0.024551	-0.116614	3.613614
0	0	0	0	0	0	0	0.02558	0	-0.024326	-0.115508	3.623624
0	0	0	0	0	0	0	0.025338	0	-0.024104	-0.114413	3.633634
0	0	0	0	0	0	0	0.025098	0	-0.023883	-0.113328	3.643644
0	0	0	0	0	0	0	0.02486	0	-0.023664	-0.112252	3.653654
0	0	0	0	0	0	0	0.024624	0	-0.023448	-0.111186	3.663664
0	0	0	0	0	0	0	0.02439	0	-0.023233	-0.110131	3.673674
0	0	0	0	0	0	0	0.024159	0	-0.023021	-0.109084	3.683684
0	0	0	0	0	0	0	0.02393	0	-0.02281	-0.108048	3.693694
0	0	0	0	0	0	0	0.023702	0	-0.022601	-0.10702	3.703704
0	0	0	0	0	0	0	0.023477	0	-0.022395	-0.106002	3.713714
0	0	0	0	0	0	0	0.023254	0	-0.02219	-0.104994	3.723724
0	0	0	0	0	0	0	0.023033	0	-0.021987	-0.103994	3.733734
0	0	0	0	0	0	0	0.022814	0	-0.021786	-0.103004	3.743744
0	0	0	0	0	0	0	0.022597	0	-0.021587	-0.102022	3.753754
0	0	0	0	0	0	0	0.022382	0	-0.02139	-0.10105	3.763764
0	0	0	0	0	0	0	0.022168	0	-0.021195	-0.100086	3.773774
0	0	0	0	0	0	0	0.021957	0	-0.021002	-0.099131	3.783784
0	0	0	0	0	0	0	0.021748	0	-0.02081	-0.098185	3.793794
0	0	0	0	0	0	0	0.021541	0	-0.02062	-0.097247	3.803804
0	0	0	0	0	0	0	0.021335	0	-0.020432	-0.096318	3.813814
0	0	0	0	0	0	0	0.021132	0	-0.020245	-0.095397	3.823824
0	0	0	0	0	0	0	0.02093	0	-0.020061	-0.094485	3.833834
0	0	0	0	0	0	0	0.02073	0	-0.019878	-0.093581	3.843844
0	0	0	0	0	0	0	0.020532	0	-0.019697	-0.092685	3.853854
0	0	0	0	0	0	0	0.020336	0	-0.019517	-0.091797	3.863864
0	0	0	0	0	0	0	0.020141	0	-0.019339	-0.090917	3.873874
0	0	0	0	0	0	0	0.019948	0	-0.019163	-0.090046	3.883884
0	0	0	0	0	0	0	0.019758	0	-0.018989	-0.089182	3.893894
0	0	0	0	0	0	0	0.019568	0	-0.018816	-0.088326	3.903904
0	0	0	0	0	0	0	0.019381	0	-0.018644	-0.087477	3.913914
0	0	0	0	0	0	0	0.019195	0	-0.018475	-0.086636	3.923924
0	0	0	0	0	0	0	0.019011	0	-0.018306	-0.085803	3.933934
0	0	0	0	0	0	0	0.018829	0	-0.01814	-0.084978	3.943944
0	0	0	0	0	0	0	0.018648	0	-0.017975	-0.08416	3.953954
0	0	0	0	0	0	0	0.018469	0	-0.017811	-0.083349	3.963964
0	0	0	0	0	0	0	0.018291	0	-0.017649	-0.082546	3.973974
0	0	0	0	0	0	0	0.018115	0	-0.017489	-0.081749	3.983984
0	0	0	0	0	0	0	0.017941	0	-0.01733	-0.08096	3.993994
0	0	0	0	0	0	0	0.017768	0	-0.017172	-0.080179	4.004004
0	0	0	0	0	0	0	0.017597	0	-0.017016	-0.079404	4.014014
0	0	0	0	0	0	0	0.017428	0	-0.016861	-0.078636	4.024024
0	0	0	0	0	0	0	0.01726	0	-0.016708	-0.077875	4.034034
0	0	0	0	0	0	0	0.017093	0	-0.016556	-0.077121	4.044044
0	0	0	0	0	0	0	0.016928	0	-0.016406	-0.076374	4.054054
0	0	0	0	0	0	0	0.016765	0	-0.016257	-0.075633	4.064064
0	0	0	0	0	0	0	0.016603	0	-0.016109	-0.0749	4.074074
0	0	0	0	0	0	0	0.016442	0	-0.015963	-0.074172	4.084084
0	0	0	0	0	0	0	0.016283	0	-0.015818	-0.073452	4.094094
0	0	0	0	0	0	0	0.016126	0	-0.015674	-0.072737	4.104104
0	0	0	0	0	0	0	0.015969	0	-0.015532	-0.07203	4.114114
0	0	0	0	0	0	0	0.015815	0	-0.015391	-0.071328	4.124124
0	0	0	0	0	0	0	0.015661	0	-0.015251	-0.070633	4.134134
0	0	0	0	0	0	0	0.015509	0	-0.015113	-0.069944	4.144144
0	0	0	0	0	0	0	0.015359	0	-0.014975	-0.069262	4.154154
0	0	0	0	0	0	0	0.015209	0	-0.014839	-0.068585	4.164164
0	0	0	0	0	0	0	0.015062	0	-0.014705	-0.067915	4.174174
0	0	0	0	0	0	0	0.014915	0	-0.014571	-0.067251	4.184184
0	0	0	0	0	0	0	0.01477	0	-0.014439	-0.066592	4.194194
0	0	0	0	0	0	0	0.014626	0	-0.014308	-0.06594	4.204204
0	0	0	0	0	0	0	0.014483	0	-0.014178	-0.065293	4.214214
0	0	0	0	0	0	0	0.014342	0	-0.014049	-0.064652	4.224224
0	0	0	0	0	0	0	0.014202	0	-0.013922	-0.064017	4.234234
0	0	0	0	0	0	0	0.014063	0	-0.013796	-0.063388	4.244244
0	0	0	0	0	0	0	0.013926	0	-0.01367	-0.062764	4.254254
0	0	0	0	0	0	0	0.01379	0	-0.013546	-0.062146	4.264264
0	0	0	0	0	0	0	0.013655	0	-0.013423	-0.061534	4.274274
0	0	0	0	0	0	0	0.013521	0	-0.013301	-0.060927	4.284284
0	0	0	0	0	0	0	0.013388	0	-0.013181	-0.060326	4.294294
0	0	0	0	0	0	0	0.013257	0	-0.013061	-0.059729	4.304304
0	0	0	0	0	0	0	0.013127	0	-0.012942	-0.059139	4.314314
0	0	0	0	0	0	0	0.012998	0	-0.012825	-0.058553	4.324324
0	0	0	0	0	0	0	0.01287	0	-0.012709	-0.057973	4.334334
0	0	0	0	0	0	0	0.012744	0	-0.012593	-0.057398	4.344344
0	0	0	0	0	0	0	0.012618	0	-0.012479	-0.056829	4.354354
0	0	0	0	0	0	0	0.012494	0	-0.012365	-0.056264	4.364364
0	0	0	0	0	0	0	0.012371	0	-0.012253	-0.055705	4.374374
0	0	0	0	0	0	0	0.012248	0	-0.012142	-0.05515	4.384384
0	0	0	0	0	0	0	0.012127	0	-0.012031	-0.054601	4.394394
0	0	0	0	0	0	0	0.012008	0	-0.011922	-0.054056	4.404404
0	0	0	0	0	0	0	0.011889	0	-0.011814	-0.053516	4.414414
0	0	0	0	0	0	0	0.011771	0	-0.011706	-0.052982	4.424424
0	0	0	0	0	0	0	0.011654	0	-0.0116	-0.052452	4.434434
0	0	0	0	0	0	0	0.011539	0	-0.011494	-0.051927	4.444444
0	0	0	0	0	0	0	0.011424	0	-0.01139	-0.051406	4.454454
0	0	0	0	0	0	0	0.011311	0	-0.011286	-0.050891	4.464464
0	0	0	0	0	0	0	0.011198	0	-0.011183	-0.05038	4.474474
0	0	0	0	0	0	0	0.011087	0	-0.011082	-0.049873	4.484484
0	0	0	0	0	0	0	0.010976	0	-0.010981	-0.049371	4.494494
0	0	0	0	0	0	0	0.010867	0	-0.010881	-0.048874	4.504505
0	0	0	0	0	0	0	0.010759	0	-0.010782	-0.048381	4.514515
0	0	0	0	0	0	0	0.010651	0	-0.010683	-0.047893	4.524525
0	0	0	0	0	0	0	0.010545	0	-0.010586	-0.047409	4.534535
0	0	0	0	0	0	0	0.010439	0	-0.01049	-0.04693	4.544545
0	0	0	0	0	0	0	0.010335	0	-0.010394	-0.046454	4.554555
0	0	0	0	0	0	0	0.010231	0	-0.010299	-0.045983	4.564565
0	0	0	0	0	0	0	0.010129	0	-0.010205	-0.045517	4.574575
0	0	0	0	0	0	0	0.010027	0	-0.010112	-0.045055	4.584585
0	0	0	0	0	0	0	0.009926	0	-0.01002	-0.044596	4.594595
0	0	0	0	0	0	0	0.009826	0	-0.009928	-0.044142	4.604605
0	0	0	0	0	0	0	0.009727	0	-0.009837	-0.043693	4.614615
0	0	0	0	0	0	0	0.009629	0	-0.009747	-0.043247	4.624625
0	0	0	0	0	0	0	0.009532	0	-0.009658	-0.042805	4.634635
0	0	0	0	0	0	0	0.009436	0	-0.00957	-0.042367	4.644645
0	0	0	0	0	0	0	0.009341	0	-0.009482	-0.041934	4.654655
0	0	0	0	0	0	0	0.009246	0	-0.009395	-0.041504	4.664665
0	0	0	0	0	0	0	0.009153	0	-0.009309	-0.041078	4.674675
0	0	0	0	0	0	0	0.00906	0	-0.009224	-0.040656	4.684685
0	0	0	0	0	0	0	0.008968	0	-0.009139	-0.040238	4.694695
0	0	0	0	0	0	0	0.008877	0	-0.009056	-0.039824	4.704705
0	0	0	0	0	0	0	0.008787	0	-0.008972	-0.039413	4.714715
0	0	0	0	0	0	0	0.008697	0	-0.00889	-0.039007	4.724725
0	0	0	0	0	0	0	0.008609	0	-0.008808	-0.038604	4.734735
0	0	0	0	0	0	0	0.008521	0	-0.008727	-0.038204	4.744745
0	0	0	0	0	0	0	0.008434	0	-0.008647	-0.037809	4.754755
0	0	0	0	0	0	0	0.008348	0	-0.008568	-0.037417	4.764765
0	0	0	0	0	0	0	0.008262	0	-0.008489	-0.037028	4.774775
0	0	0	0	0	0	0	0.008178	0	-0.00841	-0.036644	4.784785
0	0	0	0	0	0	0	0.008094	0	-0.008333	-0.036262	4.794795
0	0	0	0	0	0	0	0.008011	0	-0.008256	-0.035885	4.804805
0	0	0	0	0	0	0	0.007929	0	-0.00818	-0.03551	4.814815
0	0	0	0	0	0	0	0.007847	0	-0.008104	-0.03514	4.824825
0	0	0	0	0	0	0	0.007766	0	-0.00803	-0.034772	4.834835
0	0	0	0	0	0	0	0.007686	0	-0.007955	-0.034408	4.844845
0	0	0	0	0	0	0	0.007607	0	-0.007882	-0.034048	4.854855
0	0	0	0	0	0	0	0.007529	0	-0.007809	-0.03369	4.864865
0	0	0	0	0	0	0	0.007451	0	-0.007736	-0.033336	4.874875
0	0	0	0	0	0	0	0.007374	0	-0.007665	-0.032986	4.884885
0	0	0	0	0	0	0	0.007297	0	-0.007594	-0.032638	4.894895
0	0	0	0	0	0	0	0.007222	0	-0.007523	-0.032294	4.904905
0	0	0	0	0	0	0	0.007147	0	-0.007453	-0.031953	4.914915
0	0	0	0	0	0	0	0.007072	0	-0.007384	-0.031615	4.924925
0	0	0	0	0	0	0	0.006999	0	-0.007315	-0.031281	4.934935
0	0	0	0	0	0	0	0.006926	0	-0.007247	-0.030949	4.944945
0	0	0	0	0	0	0	0.006854	0	-0.00718	-0.030621	4.954955
0	0	0	0	0	0	0	0.006782	0	-0.007113	-0.030295	4.964965
0	0	0	0	0	0	0	0.006711	0	-0.007047	-0.029973	4.974975
0	0	0	0	0	0	0	0.006641	0	-0.006981	-0.029654	4.984985
0	0	0	0	0	0	0	0.006572	0	-0.006916	-0.029337	4.994995
0	0	0	0	0	0	0	0.006503	0	-0.006851	-0.029024	5.005005
0	0	0	0	0	0	0	0.006435	0	-0.006787	-0.028714	5.015015
0	0	0	0	0	0	0	0.006367	0	-0.006723	-0.028406	5.025025
0	0	0	0	0	0	0	0.0063	0	-0.006661	-0.028102	5.035035
0	0	0	0	0	0	0	0.006234	0	-0.006598	-0.0278	5.045045
0	0	0	0	0	0	0	0.006168	0	-0.006536	-0.027501	5.055055
0	0	0	0	0	0	0	0.006103	0	-0.006475	-0.027205	5.065065
0	0	0	0	0	0	0	0.006038	0	-0.006414	-0.026912	5.075075
0	0	0	0	0	0	0	0.005974	0	-0.006354	-0.026622	5.085085
0	0	0	0	0	0	0	0.005911	0	-0.006294	-0.026334	5.095095
0	0	0	0	0	0	0	0.005848	0	-0.006235	-0.026049	5.105105
0	0	0	0	0	0	0	0.005786	0	-0.006176	-0.025767	5.115115
0	0	0	0	0	0	0	0.005725	0	-0.006118	-0.025487	5.125125
0	0	0	0	0	0	0	0.005664	0	-0.00606	-0.02521	5.135135
0	0	0	0	0	0	0	0.005603	0	-0.006002	-0.024936	5.145145
0	0	0	0	0	0	0	0.005544	0	-0.005946	-0.024664	5.155155
0	0	0	0	0	0	0	0.005484	0	-0.005889	-0.024395	5.165165
0	0	0	0	0	0	0	0.005426	0	-0.005834	-0.024129	5.175175
0	0	0	0	0	0	0	0.005367	0	-0.005778	-0.023865	5.185185
0	0	0	0	0	0	0	0.00531	0	-0.005723	-0.023604	5.195195
0	0	0	0	0	0	0	0.005253	0	-0.005669	-0.023345	5.205205
0	0	0	0	0	0	0	0.005196	0	-0.005615	-0.023088	5.215215
0	0	0	0	0	0	0	0.00514	0	-0.005562	-0.022835	5.225225
0	0	0	0	0	0	0	0.005085	0	-0.005509	-0.022583	5.235235
0	0	0	0	0	0	0	0.00503	0	-0.005456	-0.022334	5.245245
0	0	0	0	0	0	0	0.004976	0	-0.005404	-0.022087	5.255255
0	0	0	0	0	0	0	0.004922	0	-0.005353	-0.021843	5.265265
0	0	0	0	0	0	0	0.004869	0	-0.005301	-0.021601	5.275275
0	0	0	0	0	0	0	0.004816	0	-0.005251	-0.021362	5.285285
0	0	0	0	0	0	0	0.004764	0	-0.0052	-0.021125	5.295295
0	0	0	0	0	0	0	0.004712	0	-0.005151	-0.02089	5.305305
0	0	0	0	0	0	0	0.00466	0	-0.005101	-0.020657	5.315315
0	0	0	0	0	0	0	0.00461	0	-0.005052	-0.020427	5.325325
0	0	0	0	0	0	0	0.004559	0	-0.005004	-0.020199	5.335335
0	0	0	0	0	0	0	0.004509	0	-0.004955	-0.019973	5.345345
0	0	0	0	0	0	0	0.00446	0	-0.004908	-0.019749	5.355355
0	0	0	0	0	0	0	0.004411	0	-0.00486	-0.019528	5.365365
0	0	0	0	0	0	0	0.004363	0	-0.004814	-0.019308	5.375375
0	0	0	0	0	0	0	0.004315	0	-0.004767	-0.019091	5.385385
0	0	0	0	0	0	0	0.004267	0	-0.004721	-0.018876	5.395395
0	0	0	0	0	0	0	0.00422	0	-0.004675	-0.018663	5.405405
0	0	0	0	0	0	0	0.004174	0	-0.00463	-0.018452	5.415415
0	0	0	0	0	0	0	0.004128	0	-0.004585	-0.018243	5.425425
0	0	0	0	0	0	0	0.004082	0	-0.004541	-0.018037	5.435435
0	0	0	0	0	0	0	0.004037	0	-0.004497	-0.017832	5.445445
0	0	0	0	0	0	0	0.003992	0	-0.004453	-0.01763	5.455455
0	0	0	0	0	0	0	0.003948	0	-0.00441	-0.017429	5.465465
0	0	0	0	0	0	0	0.003904	0	-0.004367	-0.01723	5.475475
0	0	0	0	0	0	0	0.00386	0	-0.004324	-0.017034	5.485485
0	0	0	0	0	0	0	0.003817	0	-0.004282	-0.016839	5.495495
0	0	0	0	0	0	0	0.003774	0	-0.00424	-0.016646	5.505506
0	0	0	0	0	0	0	0.003732	0	-0.004199	-0.016455	5.515516
0	0	0	0	0	0	0	0.00369	0	-0.004158	-0.016266	5.525526
0	0	0	0	0	0	0	0.003649	0	-0.004117	-0.016079	5.535536
0	0	0	0	0	0	0	0.003608	0	-0.004076	-0.015894	5.545546
0	0	0	0	0	0	0	0.003567	0	-0.004036	-0.015711	5.555556
0	0	0	0	0	0	0	0.003527	0	-0.003997	-0.015529	5.565566
0	0	0	0	0	0	0	0.003487	0	-0.003958	-0.015349	5.575576
0	0	0	0	0	0	0	0.003448	0	-0.003919	-0.015171	5.585586
0	0	0	0	0	0	0	0.003409	0	-0.00388	-0.014995	5.595596
0	0	0	0	0	0	0	0.00337	0	-0.003842	-0.014821	5.605606
0	0	0	0	0	0	0	0.003332	0	-0.003804	-0.014648	5.615616
0	0	0	0	0	0	0	0.003294	0	-0.003766	-0.014477	5.625626
0	0	0	0	0	0	0	0.003257	0	-0.003729	-0.014308	5.635636
0	0	0	0	0	0	0	0.003219	0	-0.003692	-0.014141	5.645646
0	0	0	0	0	0	0	0.003183	0	-0.003656	-0.013975	5.655656
0	0	0	0	0	0	0	0.003146	0	-0.003619	-0.013811	5.665666
0	0	0	0	0	0	0	0.00311	0	-0.003583	-0.013649	5.675676
0	0	0	0	0	0	0	0.003074	0	-0.003548	-0.013488	5.685686
0	0	0	0	0	0	0	0.003039	0	-0.003513	-0.013329	5.695696
0	0	0	0	0	0	0	0.003004	0	-0.003478	-0.013171	5.705706
0	0	0	0	0	0	0	0.00297	0	-0.003443	-0.013015	5.715716
0	0	0	0	0	0	0	0.002935	0	-0.003409	-0.012861	5.725726
0	0	0	0	0	0	0	0.002901	0	-0.003375	-0.012708	5.735736
0	0	0	0	0	0	0	0.002868	0	-0.003341	-0.012557	5.745746
0	0	0	0	0	0	0	0.002834	0	-0.003307	-0.012407	5.755756
0	0	0	0	0	0	0	0.002801	0	-0.003274	-0.012259	5.765766
0	0	0	0	0	0	0	0.002769	0	-0.003242	-0.012112	5.775776
0	0	0	0	0	0	0	0.002737	0	-0.003209	-0.011967	5.785786
0	0	0	0	0	0	0	0.002705	0	-0.003177	-0.011824	5.795796
0	0	0	0	0	0	0	0.002673	0	-0.003145	-0.011681	5.805806
0	0	0	0	0	0	0	0.002642	0	-0.003113	-0.011541	5.815816
0	0	0	0	0	0	0	0.002611	0	-0.003082	-0.011401	5.825826
0	0	0	0	0	0	0	0.00258	0	-0.003051	-0.011264	5.835836
0	0	0	0	0	0	0	0.00255	0	-0.00302	-0.011127	5.845846
0	0	0	0	0	0	0	0.002519	0	-0.00299	-0.010992	5.855856
0	0	0	0	0	0	0	0.00249	0	-0.002959	-0.010858	5.865866
0	0	0	0	0	0	0	0.00246	0	-0.00293	-0.010726	5.875876
0	0	0	0	0	0	0	0.002431	0	-0.0029	-0.010595	5.885886
0	0	0	0	0	0	0	0.002402	0	-0.002871	-0.010466	5.895896
0	0	0	0	0	0	0	0.002374	0	-0.002841	-0.010337	5.905906
0	0	0	0	0	0	0	0.002345	0	-0.002813	-0.010211	5.915916
0	0	0	0	0	0	0	0.002317	0	-0.002784	-0.010085	5.925926
0	0	0	0	0	0	0	0.00229	0	-0.002756	-0.009961	5.935936
0	0	0	0	0	0	0	0.002262	0	-0.002728	-0.009838	5.945946
0	0	0	0	0	0	0	0.002235	0	-0.0027	-0.009716	5.955956
0	0	0	0	0	0	0	0.002208	0	-0.002672	-0.009595	5.965966
0	0	0	0	0	0	0	0.002181	0	-0.002645	-0.009476	5.975976
0	0	0	0	0	0	0	0.002155	0	-0.002618	-0.009358	5.985986
0	0	0	0	0	0	0	0.002129	0	-0.002591	-0.009241	5.995996
0	0	0	0	0	0	0	0.002103	0	-0.002565	-0.009126	6.006006
0	0	0	0	0	0	0	0.002078	0	-0.002538	-0.009012	6.016016
0	0	0	0	0	0	0	0.002052	0	-0.002512	-0.008898	6.026026
0	0	0	0	0	0	0	0.002027	0	-0.002487	-0.008786	6.036036
0	0	0	0	0	0	0	0.002003	0	-0.002461	-0.008676	6.046046
0	0	0	0	0	0	0	0.001978	0	-0.002436	-0.008566	6.056056
0	0	0	0	0	0	0	0.001954	0	-0.002411	-0.008458	6.066066
0	0	0	0	0	0	0	0.00193	0	-0.002386	-0.00835	6.076076
0	0	0	0	0	0	0	0.001906	0	-0.002361	-0.008244	6.086086
0	0	0	0	0	0	0	0.001883	0	-0.002337	-0.008139	6.096096
0	0	0	0	0	0	0	0.001859	0	-0.002313	-0.008035	6.106106
0	0	0	0	0	0	0	0.001836	0	-0.002289	-0.007932	6.116116
0	0	0	0	0	0	0	0.001813	0	-0.002265	-0.00783	6.126126
0	0	0	0	0	0	0	0.001791	0	-0.002242	-0.007729	6.136136
0	0	0	0	0	0	0	0.001769	0	-0.002218	-0.007629	6.146146
0	0	0	0	0	0	0	0.001747	0	-0.002195	-0.007531	6.156156
0	0	0	0	0	0	0	0.001725	0	-0.002173	-0.007433	6.166166
0	0	0	0	0	0	0	0.001703	0	-0.00215	-0.007337	6.176176
0	0	0	0	0	0	0	0.001682	0	-0.002128	-0.007241	6.186186
0	0	0	0	0	0	0	0.00166	0	-0.002105	-0.007146	6.196196
0	0	0	0	0	0	0	0.001639	0	-0.002083	-0.007053	6.206206
0	0	0	0	0	0	0	0.001619	0	-0.002062	-0.00696	6.216216
0	0	0	0	0	0	0	0.001598	0	-0.00204	-0.006869	6.226226
0	0	0	0	0	0	0	0.001578	0	-0.002019	-0.006778	6.236236
0	0	0	0	0	0	0	0.001558	0	-0.001997	-0.006688	6.246246
0	0	0	0	0	0	0	0.001538	0	-0.001976	-0.006599	6.256256
0	0	0	0	0	0	0	0.001518	0	-0.001956	-0.006512	6.266266
0	0	0	0	0	0	0	0.001499	0	-0.001935	-0.006425	6.276276
0	0	0	0	0	0	0	0.001479	0	-0.001915	-0.006339	6.286286
0	0	0	0	0	0	0	0.00146	0	-0.001895	-0.006254	6.296296
0	0	0	0	0	0	0	0.001442	0	-0.001875	-0.00617	6.306306
0	0	0	0	0	0	0	0.001423	0	-0.001855	-0.006087	6.316316
0	0	0	0	0	0	0	0.001404	0	-0.001835	-0.006004	6.326326
0	0	0	0	0	0	0	0.001386	0	-0.001816	-0.005923	6.336336
0	0	0	0	0	0	0	0.001368	0	-0.001796	-0.005842	6.346346
0	0	0	0	0	0	0	0.00135	0	-0.001777	-0.005763	6.356356
0	0	0	0	0	0	0	0.001332	0	-0.001758	-0.005684	6.366366
0	0	0	0	0	0	0	0.001315	0	-0.00174	-0.005606	6.376376
0	0	0	0	0	0	0	0.001298	0	-0.001721	-0.005528	6.386386
0	0	0	0	0	0	0	0.00128	0	-0.001703	-0.005452	6.396396
0	0	0	0	0	0	0	0.001264	0	-0.001684	-0.005377	6.406406
0	0	0	0	0	0	0	0.001247	0	-0.001666	-0.005302	6.416416
0	0	0	0	0	0	0	0.00123	0	-0.001649	-0.005228	6.426426
0	0	0	0	0	0	0	0.001214	0	-0.001631	-0.005155	6.436436
0	0	0	0	0	0	0	0.001198	0	-0.001613	-0.005083	6.446446
0	0	0	0	0	0	0	0.001181	0	-0.001596	-0.005011	6.456456
0	0	0	0	0	0	0	0.001166	0	-0.001579	-0.00494	6.466466
0	0	0	0	0	0	0	0.00115	0	-0.001562	-0.00487	6.476476
0	0	0	0	0	0	0	0.001134	0	-0.001545	-0.004801	6.486486
0	0	0	0	0	0	0	0.001119	0	-0.001528	-0.004733	6.496496
0	0	0	0	0	0	0	0.001104	0	-0.001511	-0.004665	6.506507
0	0	0	0	0	0	0	0.001089	0	-0.001495	-0.004598	6.516517
0	0	0	0	0	0	0	0.001074	0	-0.001479	-0.004532	6.526527
0	0	0	0	0	0	0	0.001059	0	-0.001463	-0.004466	6.536537
0	0	0	0	0	0	0	0.001045	0	-0.001447	-0.004402	6.546547
0	0	0	0	0	0	0	0.00103	0	-0.001431	-0.004338	6.556557
0	0	0	0	0	0	0	0.001016	0	-0.001415	-0.004274	6.566567
0	0	0	0	0	0	0	0.001002	0	-0.0014	-0.004212	6.576577
0	0	0	0	0	0	0	0.000988	0	-0.001384	-0.00415	6.586587
0	0	0	0	0	0	0	0.000974	0	-0.001369	-0.004088	6.596597
0	0	0	0	0	0	0	0.00096	0	-0.001354	-0.004028	6.606607
0	0	0	0	0	0	0	0.000947	0	-0.001339	-0.003968	6.616617
0	0	0	0	0	0	0	0.000934	0	-0.001324	-0.003909	6.626627
0	0	0	0	0	0	0	0.00092	0	-0.001309	-0.00385	6.636637
0	0	0	0	0	0	0	0.000907	0	-0.001295	-0.003792	6.646647
0	0	0	0	0	0	0	0.000895	0	-0.001281	-0.003735	6.656657
0	0	0	0	0	0	0	0.000882	0	-0.001266	-0.003678	6.666667
0	0	0	0	0	0	0	0.000869	0	-0.001252	-0.003622	6.676677
0	0	0	0	0	0	0	0.000857	0	-0.001238	-0.003567	6.686687
0	0	0	0	0	0	0	0.000844	0	-0.001224	-0.003512	6.696697
0	0	0	0	0	0	0	0.000832	0	-0.00121	-0.003458	6.706707
0	0	0	0	0	0	0	0.00082	0	-0.001197	-0.003405	6.716717
0	0	0	0	0	0	0	0.000808	0	-0.001183	-0.003352	6.726727
0	0	0	0	0	0	0	0.000796	0	-0.00117	-0.003299	6.736737
0	0	0	0	0	0	0	0.000785	0	-0.001157	-0.003248	6.746747
0	0	0	0	0	0	0	0.000773	0	-0.001143	-0.003197	6.756757
0	0	0	0	0	0	0	0.000762	0	-0.00113	-0.003146	6.766767
0	0	0	0	0	0	0	0.000751	0	-0.001118	-0.003096	6.776777
0	0	0	0	0	0	0	0.00074	0	-0.001105	-0.003047	6.786787
0	0	0	0	0	0	0	0.000729	0	-0.001092	-0.002998	6.796797
0	0	0	0	0	0	0	0.000718	0	-0.00108	-0.00295	6.806807
0	0	0	0	0	0	0	0.000707	0	-0.001067	-0.002903	6.816817
0	0	0	0	0	0	0	0.000696	0	-0.001055	-0.002856	6.826827
0	0	0	0	0	0	0	0.000686	0	-0.001043	-0.002809	6.836837
0	0	0	0	0	0	0	0.000675	0	-0.00103	-0.002763	6.846847
0	0	0	0	0	0	0	0.000665	0	-0.001018	-0.002718	6.856857
0	0	0	0	0	0	0	0.000655	0	-0.001007	-0.002673	6.866867
0	0	0	0	0	0	0	0.000645	0	-0.000995	-0.002629	6.876877
0	0	0	0	0	0	0	0.000635	0	-0.000983	-0.002585	6.886887
0	0	0	0	0	0	0	0.000625	0	-0.000972	-0.002542	6.896897
0	0	0	0	0	0	0	0.000616	0	-0.00096	-0.002499	6.906907
0	0	0	0	0	0	0	0.000606	0	-0.000949	-0.002457	6.916917
0	0	0	0	0	0	0	0.000597	0	-0.000938	-0.002415	6.926927
0	0	0	0	0	0	0	0.000587	0	-0.000926	-0.002374	6.936937
0	0	0	0	0	0	0	0.000578	0	-0.000915	-0.002333	6.946947
0	0	0	0	0	0	0	0.000569	0	-0.000905	-0.002293	6.956957
0	0	0	0	0	0	0	0.00056	0	-0.000894	-0.002253	6.966967
0	0	0	0	0	0	0	0.000551	0	-0.000883	-0.002214	6.976977
0	0	0	0	0	0	0	0.000542	0	-0.000872	-0.002176	6.986987
0	0	0	0	0	0	0	0.000534	0	-0.000862	-0.002137	6.996997
0	0	0	0	0	0	0	0.000525	0	-0.000851	-0.0021	7.007007
0	0	0	0	0	0	0	0.000517	0	-0.000841	-0.002062	7.017017
0	0	0	0	0	0	0	0.000508	0	-0.000831	-0.002026	7.027027
0	0	0	0	0	0	0	0.0005	0	-0.000821	-0.001989	7.037037
0	0	0	0	0	0	0	0.000492	0	-0.000811	-0.001954	7.047047
0	0	0	0	0	0	0	0.000484	0	-0.000801	-0.001918	7.057057
0	0	0	0	0	0	0	0.000476	0	-0.000791	-0.001883	7.067067
0	0	0	0	0	0	0	0.000468	0	-0.000781	-0.001849	7.077077
0	0	0	0	0	0	0	0.00046	0	-0.000771	-0.001815	7.087087
0	0	0	0	0	0	0	0.000452	0	-0.000762	-0.001781	7.097097
0	0	0	0	0	0	0	0.000445	0	-0.000752	-0.001748	7.107107
0	0	0	0	0	0	0	0.000437	0	-0.000743	-0.001715	7.117117
0	0	0	0	0	0	0	0.00043	0	-0.000734	-0.001683	7.127127
0	0	0	0	0	0	0	0.000423	0	-0.000724	-0.001651	7.137137
0	0	0	0	0	0	0	0.000416	0	-0.000715	-0.00162	7.147147
0	0	0	0	0	0	0	0.000408	0	-0.000706	-0.001589	7.157157
0	0	0	0	0	0	0	0.000401	0	-0.000697	-0.001558	7.167167
0	0	0	0	0	0	0	0.000394	0	-0.000688	-0.001528	7.177177
0	0	0	0	0	0	0	0.000388	0	-0.00068	-0.001498	7.187187
0	0	0	0	0	0	0	0.000381	0	-0.000671	-0.001469	7.197197
0	0	0	0	0	0	0	0.000374	0	-0.000662	-0.00144	7.207207
0	0	0	0	0	0	0	0.000368	0	-0.000654	-0.001411	7.217217
0	0	0	0	0	0	0	0.000361	0	-0.000645	-0.001383	7.227227
0	0	0	0	0	0	0	0.000355	0	-0.000637	-0.001356	7.237237
0	0	0	0	0	0	0	0.000348	0	-0.000629	-0.001328	7.247247
0	0	0	0	0	0	0	0.000342	0	-0.00062	-0.001301	7.257257
0	0	0	0	0	0	0	0.000336	0	-0.000612	-0.001275	7.267267
0	0	0	0	0	0	0	0.00033	0	-0.000604	-0.001248	7.277277
0	0	0	0	0	0	0	0.000324	0	-0.000596	-0.001222	7.287287
0	0	0	0	0	0	0	0.000318	0	-0.000588	-0.001197	7.297297
0	0	0	0	0	0	0	0.000312	0	-0.000581	-0.001172	7.307307
0	0	0	0	0	0	0	0.000306	0	-0.000573	-0.001147	7.317317
0	0	0	0	0	0	0	0.000301	0	-0.000565	-0.001123	7.327327
0	0	0	0	0	0	0	0.000295	0	-0.000558	-0.001099	7.337337
0	0	0	0	0	0	0	0.000289	0	-0.00055	-0.001075	7.347347
0	0	0	0	0	0	0	0.000284	0	-0.000543	-0.001052	7.357357
0	0	0	0	0	0	0	0.000279	0	-0.000535	-0.001029	7.367367
0	0	0	0	0	0	0	0.000273	0	-0.000528	-0.001006	7.377377
0	0	0	0	0	0	0	0.000268	0	-0.000521	-0.000983	7.387387
0	0	0	0	0	0	0	0.000263	0	-0.000514	-0.000961	7.397397
0	0	0	0	0	0	0	0.000258	0	-0.000507	-0.00094	7.407407
0	0	0	0	0	0	0	0.000253	0	-0.0005	-0.000918	7.417417
0	0	0	0	0	0	0	0.000248	0	-0.000493	-0.000897	7.427427
0	0	0	0	0	0	0	0.000243	0	-0.000486	-0.000877	7.437437
0	0	0	0	0	0	0	0.000238	0	-0.000479	-0.000856	7.447447
0	0	0	0	0	0	0	0.000233	0	-0.000473	-0.000836	7.457457
0	0	0	0	0	0	0	0.000228	0	-0.000466	-0.000816	7.467467
0	0	0	0	0	0	0	0.000224	0	-0.00046	-0.000797	7.477477
0	0	0	0	0	0	0	0.000219	0	-0.000453	-0.000778	7.487487
0	0	0	0	0	0	0	0.000215	0	-0.000447	-0.000759	7.497497
0	0	0	0	0	0	0	0.00021	0	-0.00044	-0.00074	7.507508
0	0	0	0	0	0	0	0.000206	0	-0.000434	-0.000722	7.517518
0	0	0	0	0	0	0	0.000202	0	-0.000428	-0.000704	7.527528
0	0	0	0	0	0	0	0.000197	0	-0.000422	-0.000686	7.537538
0	0	0	0	0	0	0	0.000193	0	-0.000416	-0.000669	7.547548
0	0	0	0	0	0	0	0.000189	0	-0.00041	-0.000652	7.557558
0	0	0	0	0	0	0	0.000185	0	-0.000404	-0.000635	7.567568
0	0	0	0	0	0	0	0.000181	0	-0.000398	-0.000618	7.577578
0	0	0	0	0	0	0	0.000177	0	-0.000392	-0.000602	7.587588
0	0	0	0	0	0	0	0.000173	0	-0.000387	-0.000586	7.597598
0	0	0	0	0	0	0	0.000169	0	-0.000381	-0.00057	7.607608
0	0	0	0	0	0	0	0.000166	0	-0.000376	-0.000554	7.617618
0	0	0	0	0	0	0	0.000162	0	-0.00037	-0.000539	7.627628
0	0	0	0	0	0	0	0.000158	0	-0.000365	-0.000524	7.637638
0	0	0	0	0	0	0	0.000154	0	-0.000359	-0.000509	7.647648
0	0	0	0	0	0	0	0.000151	0	-0.000354	-0.000494	7.657658
0	0	0	0	0	0	0	0.000147	0	-0.000349	-0.00048	7.667668
0	0	0	0	0	0	0	0.000144	0	-0.000343	-0.000466	7.677678
0	0	0	0	0	0	0	0.000141	0	-0.000338	-0.000452	7.687688
0	0	0	0	0	0	0	0.000137	0	-0.000333	-0.000438	7.697698
0	0	0	0	0	0	0	0.000134	0	-0.000328	-0.000425	7.707708
0	0	0	0	0	0	0	0.000131	0	-0.000323	-0.000411	7.717718
0	0	0	0	0	0	0	0.000127	0	-0.000318	-0.000398	7.727728
0	0	0	0	0	0	0	0.000124	0	-0.000314	-0.000386	7.737738
0	0	0	0	0	0	0	0.000121	0	-0.000309	-0.000373	7.747748
0	0	0	0	0	0	0	0.000118	0	-0.000304	-0.000361	7.757758
0	0	0	0	0	0	0	0.000115	0	-0.0003	-0.000348	7.767768
0	0	0	0	0	0	0	0.000112	0	-0.000295	-0.000336	7.777778
0	0	0	0	0	0	0	0.000109	0	-0.00029	-0.000325	7.787788
0	0	0	0	0	0	0	0.000106	0	-0.000286	-0.000313	7.797798
0	0	0	0	0	0	0	0.000103	0	-0.000282	-0.000302	7.807808
0	0	0	0	0	0	0	0.000101	0	-0.000277	-0.00029	7.817818
0	0	0	0	0	0	0	9.8e-05	0	-0.000273	-0.000279	7.827828
0	0	0	0	0	0	0	9.5e-05	0	-0.000269	-0.000268	7.837838
0	0	0	0	0	0	0	9.2e-05	0	-0.000264	-0.000258	7.847848
0	0	0	0	0	0	0	9e-05	0	-0.00026	-0.000247	7.857858
0	0	0	0	0	0	0	8.7e-05	0	-0.000256	-0.000237	7.867868
0	0	0	0	0	0	0	8.5e-05	0	-0.000252	-0.000227	7.877878
0	0	0	0	0	0	0	8.2e-05	0	-0.000248	-0.000217	7.887888
0	0	0	0	0	0	0	8e-05	0	-0.000244	-0.000207	7.897898
0	0	0	0	0	0	0	7.7e-05	0	-0.00024	-0.000197	7.907908
0	0	0	0	0	0	0	7.5e-05	0	-0.000236	-0.000188	7.917918
0	0	0	0	0	0	0	7.3e-05	0	-0.000233	-0.000179	7.927928
0	0	0	0	0	0	0	7e-05	0	-0.000229	-0.000169	7.937938
0	0	0	0	0	0	0	6.8e-05	0	-0.000225	-0.00016	7.947948
0	0	0	0	0	0	0	6.6e-05	0	-0.000221	-0.000151	7.957958
0	0	0	0	0	0	0	6.4e-05	0	-0.000218	-0.000143	7.967968
0	0	0	0	0	0	0	6.1e-05	0	-0.000214	-0.000134	7.977978
0	0	0	0	0	0	0	5.9e-05	0	-0.000211	-0.000126	7.987988
0	0	0	0	0	0	0	5.7e-05	0	-0.000207	-0.000117	7.997998
0	0	0	0	0	0	0	5.5e-05	0	-0.000204	-0.000109	8.008008
0	0	0	0	0	0	0	5.3e-05	0	-0.0002	-0.000101	8.018018
0	0	0	0	0	0	0	5.1e-05	0	-0.000197	-9.3e-05	8.028028
0	0	0	0	0	0	0	4.9e-05	0	-0.000194	-8.6e-05	8.038038
0	0	0	0	0	0	0	4.7e-05	0	-0.00019	-7.8e-05	8.048048
0	0	0	0	0	0	0	4.5e-05	0	-0.000187	-7.1e-05	8.058058
0	0	0	0	0	0	0	4.3e-05	0	-0.000184	-6.3e-05	8.068068
0	0	0	0	0	0	0	4.2e-05	0	-0.000181	-5.6e-05	8.078078
0	0	0	0	0	0	0	4e-05	0	-0.000178	-4.9e-05	8.088088
0	0	0	0	0	0	0	3.8e-05	0	-0.000175	-4.2e-05	8.098098
0	0	0	0	0	0	0	3.6e-05	0	-0.000171	-3.5e-05	8.108108
0	0	0	0	0	0	0	3.5e-05	0	-0.000168	-2.8e-05	8.118118
0	0	0	0	0	0	0	3.3e-05	0	-0.000165	-2.2e-05	8.128128
0	0	0	0	0	0	0	3.1e-05	0	-0.000162	-1.5e-05	8.138138
0	0	0	0	0	0	0	3e-05	0	-0.00016	-9e-06	8.148148
0	0	0	0	0	0	0	2.8e-05	0	-0.000157	-3e-06	8.158158
0	0	0	0	0	0	0	2.7e-05	0	-0.000154	4e-06	8.168168
0	0	0	0	0	0	0	2.5e-05	0	-0.000151	1e-05	8.178178
0	0	0	0	0	0	0	2.4e-05	0	-0.000148	1.6e-05	8.188188
0	0	0	0	0	0	0	2.2e-05	0	-0.000145	2.1e-05	8.198198
0	0	0	0	0	0	0	2.1e-05	0	-0.000143	2.7e-05	8.208208
0	0	0	0	0	0	0	1.9e-05	0	-0.00014	3.3e-05	8.218218
0	0	0	0	0	0	0	1.8e-05	0	-0.000137	3.8e-05	8.228228
0	0	0	0	0	0	0	1.6e-05	0	-0.000135	4.4e-05	8.238238
0	0	0	0	0	0	0	1.5e-05	0	-0.000132	4.9e-05	8.248248
0	0	0	0	0	0	0	1.4e-05	0	-0.00013	5.4e-05	8.258258
0	0	0	0	0	0	0	1.3e-05	0	-0.000127	5.9e-05	8.268268
0	0	0	0	0	0	0	1.1e-05	0	-0.000124	6.4e-05	8.278278
0	0	0	0	0	0	0	1e-05	0	-0.000122	6.9e-05	8.288288
0	0	0	0	0	0	0	9e-06	0	-0.000119	7.4e-05	8.298298
0	0	0	0	0	0	0	8e-06	0	-0.000117	7.8e-05	8.308308
0	0	0	0	0	0	0	7e-06	0	-0.000115	8.3e-05	8.318318
0	0	0	0	0	0	0	5e-06	0	-0.000112	8.8e-05	8.328328
0	0	0	0	0	0	0	4e-06	0	-0.00011	9.2e-05	8.338338
0	0	0	0	0	0	0	3e-06	0	-0.000107	9.6e-05	8.348348
0	0	0	0	0	0	0	2e-06	0	-0.000105	0.0001	8.358358
0	0	0	0	0	0	0	1e-06	0	-0.000103	0.000104	8.368368
0	0	0	0	0	0	0	0.0	0	-0.0001	0.000108	8.378378
0	0	0	0	0	0	0	-1e-06	0	-9.8e-05	0.000112	8.388388
0	0	0	0	0	0	0	-2e-06	0	-9.6e-05	0.000116	8.398398
0	0	0	0	0	0	0	-3e-06	0	-9.4e-05	0.00012	8.408408
0	0	0	0	0	0	0	-4e-06	0	-9.2e-05	0.000123	8.418418
0	0	0	0	0	0	0	-5e-06	0	-8.9e-05	0.000127	8.428428
0	0	0	0	0	0	0	-6e-06	0	-8.7e-05	0.00013	8.438438
0	0	0	0	0	0	0	-6e-06	0	-8.5e-05	0.000133	8.448448
0	0	0	0	0	0	0	-7e-06	0	-8.3e-05	0.000137	8.458458
0	0	0	0	0	0	0	-8e-06	0	-8.1e-05	0.00014	8.468468
0	0	0	0	0	0	0	-9e-06	0	-7.9e-05	0.000143	8.478478
0	0	0	0	0	0	0	-1e-05	0	-7.7e-05	0.000146	8.488488
0	0	0	0	0	0	0	-1e-05	0	-7.5e-05	0.000149	8.498498
0	0	0	0	0	0	0	-1.1e-05	0	-7.3e-05	0.000151	8.508509
0	0	0	0	0	0	0	-1.2e-05	0	-7.1e-05	0.000154	8.518519
0	0	0	0	0	0	0	-1.3e-05	0	-6.9e-05	0.000156	8.528529
0	0	0	0	0	0	0	-1.3e-05	0	-6.7e-05	0.000159	8.538539
0	0	0	0	0	0	0	-1.4e-05	0	-6.5e-05	0.000161	8.548549
0	0	0	0	0	0	0	-1.5e-05	0	-6.3e-05	0.000163	8.558559
0	0	0	0	0	0	0	-1.5e-05	0	-6.1e-05	0.000166	8.568569
0	0	0	0	0	0	0	-1.6e-05	0	-5.9e-05	0.000168	8.578579
0	0	0	0	0	0	0	-1.6e-05	0	-5.7e-05	0.00017	8.588589
0	0	0	0	0	0	0	-1.7e-05	0	-5.5e-05	0.000171	8.598599
0	0	0	0	0	0	0	-1.7e-05	0	-5.4e-05	0.000173	8.608609
0	0	0	0	0	0	0	-1.8e-05	0	-5.2e-05	0.000175	8.618619
0	0	0	0	0	0	0	-1.8e-05	0	-5e-05	0.000177	8.628629
0	0	0	0	0	0	0	-1.9e-05	0	-4.8e-05	0.000178	8.638639
0	0	0	0	0	0	0	-1.9e-05	0	-4.7e-05	0.000179	8.648649
0	0	0	0	0	0	0	-2e-05	0	-4.5e-05	0.000181	8.658659
0	0	0	0	0	0	0	-2e-05	0	-4.3e-05	0.000182	8.668669
0	0	0	0	0	0	0	-2.1e-05	0	-4.1e-05	0.000183	8.678679
0	0	0	0	0	0	0	-2.1e-05	0	-4e-05	0.000184	8.688689
0	0	0	0	0	0	0	-2.2e-05	0	-3.8e-05	0.000185	8.698699
0	0	0	0	0	0	0	-2.2e-05	0	-3.6e-05	0.000186	8.708709
0	0	0	0	0	0	0	-2.2e-05	0	-3.5e-05	0.000187	8.718719
0	0	0	0	0	0	0	-2.3e-05	0	-3.3e-05	0.000188	8.728729
0	0	0	0	0	0	0	-2.3e-05	0	-3.2e-05	0.000189	8.738739
0	0	0	0	0	0	0	-2.3e-05	0	-3e-05	0.000189	8.748749
0	0	0	0	0	0	0	-2.4e-05	0	-2.9e-05	0.00019	8.758759
0	0	0	0	0	0	0	-2.4e-05	0	-2.7e-05	0.00019	8.768769
0	0	0	0	0	0	0	-2.4e-05	0	-2.6e-05	0.000191	8.778779
0	0	0	0	0	0	0	-2.4e-05	0	-2.4e-05	0.000191	8.788789
0	0	0	0	0	0	0	-2.5e-05	0	-2.3e-05	0.000191	8.798799
0	0	0	0	0	0	0	-2.5e-05	0	-2.1e-05	0.000191	8.808809
0	0	0	0	0	0	0	-2.5e-05	0	-2e-05	0.000191	8.818819
0	0	0	0	0	0	0	-2.5e-05	0	-1.9e-05	0.000192	8.828829
0	0	0	0	0	0	0	-2.5e-05	0	-1.7e-05	0.000192	8.838839
0	0	0	0	0	0	0	-2.6e-05	0	-1.6e-05	0.000191	8.848849
0	0	0	0	0	0	0	-2.6e-05	0	-1.5e-05	0.000191	8.858859
0	0	0	0	0	0	0	-2.6e-05	0	-1.3e-05	0.000191	8.868869
0	0	0	0	0	0	0	-2.6e-05	0	-1.2e-05	0.000191	8.878879
0	0	0	0	0	0	0	-2.6e-05	0	-1.1e-05	0.000191	8.888889
0	0	0	0	0	0	0	-2.6e-05	0	-9e-06	0.00019	8.898899
0	0	0	0	0	0	0	-2.6e-05	0	-8e-06	0.00019	8.908909
0	0	0	0	0	0	0	-2.6e-05	0	-7e-06	0.00019	8.918919
0	0	0	0	0	0	0	-2.6e-05	0	-6e-06	0.000189	8.928929
0	0	0	0	0	0	0	-2.6e-05	0	-5e-06	0.000189	8.938939
0	0	0	0	0	0	0	-2.7e-05	0	-3e-06	0.000188	8.948949
0	0	0	0	0	0	0	-2.7e-05	0	-2e-06	0.000188	8.958959
0	0	0	0	0	0	0	-2.7e-05	0	-1e-06	0.000187	8.968969
0	0	0	0	0	0	0	-2.7e-05	0	0.0	0.000187	8.978979
0	0	0	0	0	0	0	-2.7e-05	0	1e-06	0.000186	8.988989
0	0	0	0	0	0	0	-2.7e-05	0	2e-06	0.000185	8.998999
0	0	0	0	0	0	0	-2.7e-05	0	3e-06	0.000185	9.009009
0	0	0	0	0	0	0	-2.6e-05	0	4e-06	0.000184	9.019019
0	0	0	0	0	0	0	-2.6e-05	0	6e-06	0.000183	9.029029
0	0	0	0	0	0	0	-2.6e-05	0	7e-06	0.000182	9.039039
0	0	0	0	0	0	0	-2.6e-05	0	8e-06	0.000182	9.049049
0	0	0	0	0	0	0	-2.6e-05	0	9e-06	0.000181	9.059059
0	0	0	0	0	0	0	-2.6e-05	0	1e-05	0.00018	9.069069
0	0	0	0	0	0	0	-2.6e-05	0	1.1e-05	0.000179	9.079079
0	0	0	0	0	0	0	-2.6e-05	0	1.2e-05	0.000178	9.089089
0	0	0	0	0	0	0	-2.6e-05	0	1.3e-05	0.000178	9.099099
0	0	0	0	0	0	0	-2.6e-05	0	1.4e-05	0.000177	9.109109
0	0	0	0	0	0	0	-2.5e-05	0	1.5e-05	0.000176	9.119119
0	0	0	0	0	0	0	-2.5e-05	0	1.6e-05	0.000175	9.129129
0	0	0	0	0	0	0	-2.5e-05	0	1.7e-05	0.000174	9.139139
0	0	0	0	0	0	0	-2.5e-05	0	1.8e-05	0.000173	9.149149
0	0	0	0	0	0	0	-2.5e-05	0	1.9e-05	0.000172	9.159159
0	0	0	0	0	0	0	-2.5e-05	0	2e-05	0.000171	9.169169
0	0	0	0	0	0	0	-2.4e-05	0	2.1e-05	0.00017	9.179179
0	0	0	0	0	0	0	-2.4e-05	0	2.2e-05	0.000169	9.189189
0	0	0	0	0	0	0	-2.4e-05	0	2.3e-05	0.000168	9.199199
0	0	0	0	0	0	0	-2.4e-05	0	2.4e-05	0.000167	9.209209
0	0	0	0	0	0	0	-2.4e-05	0	2.5e-05	0.000166	9.219219
0	0	0	0	0	0	0	-2.3e-05	0	2.6e-05	0.000165	9.229229
0	0	0	0	0	0	0	-2.3e-05	0	2.7e-05	0.000164	9.239239
0	0	0	0	0	0	0	-2.3e-05	0	2.8e-05	0.000163	9.249249
0	0	0	0	0	0	0	-2.2e-05	0	2.9e-05	0.000161	9.259259
0	0	0	0	0	0	0	-2.2e-05	0	3e-05	0.00016	9.269269
0	0	0	0	0	0	0	-2.2e-05	0	3.1e-05	0.000159	9.279279
0	0	0	0	0	0	0	-2.2e-05	0	3.2e-05	0.000157	9.289289
0	0	0	0	0	0	0	-2.1e-05	0	3.3e-05	0.000156	9.299299
0	0	0	0	0	0	0	-2.1e-05	0	3.4e-05	0.000154	9.309309
0	0	0	0	0	0	0	-2.1e-05	0	3.5e-05	0.000152	9.319319
0	0	0	0	0	0	0	-2e-05	0	3.6e-05	0.00015	9.329329
0	0	0	0	0	0	0	-2e-05	0	3.7e-05	0.000149	9.339339
0	0	0	0	0	0	0	-1.9e-05	0	3.8e-05	0.000146	9.349349
0	0	0	0	0	0	0	-1.9e-05	0	3.9e-05	0.000144	9.359359
0	0	0	0	0	0	0	-1.9e-05	0	4e-05	0.000142	9.369369
0	0	0	0	0	0	0	-1.8e-05	0	4.1e-05	0.000139	9.379379
0	0	0	0	0	0	0	-1.8e-05	0	4.2e-05	0.000137	9.389389
0	0	0	0	0	0	0	-1.7e-05	0	4.2e-05	0.000134	9.399399
0	0	0	0	0	0	0	-1.7e-05	0	4.3e-05	0.000131	9.409409
0	0	0	0	0	0	0	-1.7e-05	0	4.4e-05	0.000128	9.419419
0	0	0	0	0	0	0	-1.6e-05	0	4.5e-05	0.000124	9.429429
0	0	0	0	0	0	0	-1.6e-05	0	4.6e-05	0.000121	9.439439
0	0	0	0	0	0	0	-1.5e-05	0	4.7e-05	0.000117	9.449449
0	0	0	0	0	0	0	-1.5e-05	0	4.8e-05	0.000113	9.459459
0	0	0	0	0	0	0	-1.4e-05	0	4.8e-05	0.000109	9.469469
0	0	0	0	0	0	0	-1.4e-05	0	4.9e-05	0.000104	9.479479
0	0	0	0	0	0	0	-1.3e-05	0	5e-05	9.9e-05	9.489489
0	0	0	0	0	0	0	-1.3e-05	0	5e-05	9.4e-05	9.499499
0	0	0	0	0	0	0	-1.2e-05	0	5.1e-05	8.9e-05	9.50951
0	0	0	0	0	0	0	-1.2e-05	0	5.1e-05	8.3e-05	9.51952
0	0	0	0	0	0	0	-1.1e-05	0	5.2e-05	7.7e-05	9.52953
0	0	0	0	0	0	0	-1.1e-05	0	5.2e-05	7.1e-05	9.53954
0	0	0	0	0	0	0	-1e-05	0	5.2e-05	6.4e-05	9.54955
0	0	0	0	0	0	0	-1e-05	0	5.3e-05	5.8e-05	9.55956
0	0	0	0	0	0	0	-9e-06	0	5.3e-05	5e-05	9.56957
0	0	0	0	0	0	0	-9e-06	0	5.3e-05	4.3e-05	9.57958
0	0	0	0	0	0	0	-8e-06	0	5.3e-05	3.5e-05	9.58959
0	0	0	0	0	0	0	-8e-06	0	5.2e-05	2.7e-05	9.5996
0	0	0	0	0	0	0	-7e-06	0	5.2e-05	1.9e-05	9.60961
0	0	0	0	0	0	0	-7e-06	0	5.2e-05	1e-05	9.61962
0	0	0	0	0	0	0	-6e-06	0	5.1e-05	1e-06	9.62963
0	0	0	0	0	0	0	-5e-06	0	5.1e-05	-8e-06	9.63964
0	0	0	0	0	0	0	-5e-06	0	5e-05	-1.7e-05	9.64965
0	0	0	0	0	0	0	-4e-06	0	4.9e-05	-2.7e-05	9.65966
0	0	0	0	0	0	0	-4e-06	0	4.8e-05	-3.7e-05	9.66967
0	0	0	0	0	0	0	-4e-06	0	4.6e-05	-4.7e-05	9.67968
0	0	0	0	0	0	0	-3e-06	0	4.5e-05	-5.6e-05	9.68969
0	0	0	0	0	0	0	-3e-06	0	4.3e-05	-6.6e-05	9.6997
0	0	0	0	0	0	0	-2e-06	0	4.2e-05	-7.6e-05	9.70971
0	0	0	0	0	0	0	-2e-06	0	4e-05	-8.6e-05	9.71972
0	0	0	0	0	0	0	-1e-06	0	3.8e-05	-9.6e-05	9.72973
0	0	0	0	0	0	0	-1e-06	0	3.6e-05	-0.000105	9.73974
0	0	0	0	0	0	0	-1e-06	0	3.3e-05	-0.000114	9.74975
0	0	0	0	0	0	0	-0.0	0	3.1e-05	-0.000123	9.75976
0	0	0	0	0	0	0	-0.0	0	2.8e-05	-0.000131	9.76977
0	0	0	0	0	0	0	0.0	0	2.6e-05	-0.000138	9.77978
0	0	0	0	0	0	0	0.0	0	2.3e-05	-0.000145	9.78979
0	0	0	0	0	0	0	1e-06	0	2e-05	-0.00015	9.7998
0	0	0	0	0	0	0	1e-06	0	1.7e-05	-0.000155	9.80981
0	0	0	0	0	0	0	1e-06	0	1.4e-05	-0.000158	9.81982
0	0	0	0	0	0	0	1e-06	0	1.1e-05	-0.00016	9.82983
0	0	0	0	0	0	0	1e-06	0	8e-06	-0.000161	9.83984
0	0	0	0	0	0	0	1e-06	0	4e-06	-0.000159	9.84985
0	0	0	0	0	0	0	1e-06	0	1e-06	-0.000155	9.85986
0	0	0	0	0	0	0	1e-06	0	-1e-06	-0.000149	9.86987
0	0	0	0	0	0	0	1e-06	0	-4e-06	-0.000141	9.87988
0	0	0	0	0	0	0	1e-06	0	-7e-06	-0.000129	9.88989
0	0	0	0	0	0	0	1e-06	0	-9e-06	-0.000115	9.8999
0	0	0	0	0	0	0	1e-06	0	-1.1e-05	-9.6e-05	9.90991
0	0	0	0	0	0	0	1e-06	0	-1.3e-05	-7.4e-05	9.91992
0	0	0	0	0	0	0	1e-06	0	-1.4e-05	-4.8e-05	9.92993
0	0	0	0	0	0	0	1e-06	0	-1.4e-05	-1.7e-05	9.93994
0	0	0	0	0	0	0	0.0	0	-1.4e-05	1.9e-05	9.94995
0	0	0	0	0	0	0	0.0	0	-1.4e-05	6.1e-05	9.95996
0	0	0	0	0	0	0	0.0	0	-1.2e-05	0.000109	9.96997
0	0	0	0	0	0	0	0.0	0	-9e-06	0.000163	9.97998
0	0	0	0	0	0	0	0.0	0	-5e-06	0.000225	9.98999
0	0	0	0	0	0	0	0.0	0	0.0	0.000294	10.0
m_value	M_value	L_value	g_value	d_value	b_value	theta_cmd	theta_0	thetadot_cmd	theta_dot_0	F_value	t0
0	0	0	0	0	0	0	0.5	0	0.0	-3.575945	0.0
0	0	0	0	0	0	0	0.49989	0	-0.021854	-3.513355	0.01001
0	0	0	0	0	0	0	0.499567	0	-0.042475	-3.452694	0.02002
0	0	0	0	0	0	0	0.499043	0	-0.061921	-3.393885	0.03003
0	0	0	0	0	0	0	0.498331	0	-0.08025	-3.336854	0.04004
0	0	0	0	0	0	0	0.49744	0	-0.097516	-3.281529	0.05005
0	0	0	0	0	0	0	0.496382	0	-0.113769	-3.227844	0.06006
0	0	0	0	0	0	0	0.495166	0	-0.129059	-3.175732	0.07007
0	0	0	0	0	0	0	0.493801	0	-0.143434	-3.125132	0.08008
0	0	0	0	0	0	0	0.492297	0	-0.156936	-3.075983	0.09009
0	0	0	0	0	0	0	0.490662	0	-0.16961	-3.028228	0.1001
0	0	0	0	0	0	0	0.488904	0	-0.181496	-2.981813	0.11011
0	0	0	0	0	0	0	0.487031	0	-0.192633	-2.936685	0.12012
0	0	0	0	0	0	0	0.48505	0	-0.203056	-2.892793	0.13013
0	0	0	0	0	0	0	0.482968	0	-0.212803	-2.85009	0.14014
0	0	0	0	0	0	0	0.480792	0	-0.221906	-2.808529	0.15015
0	0	0	0	0	0	0	0.478527	0	-0.230397	-2.768066	0.16016
0	0	0	0	0	0	0	0.476181	0	-0.238307	-2.72866	0.17017
0	0	0	0	0	0	0	0.473758	0	-0.245665	-2.690269	0.18018
0	0	0	0	0	0	0	0.471265	0	-0.252498	-2.652855	0.19019
0	0	0	0	0	0	0	0.468705	0	-0.258834	-2.61638	0.2002
0	0	0	0	0	0	0	0.466084	0	-0.264696	-2.580809	0.21021
0	0	0	0	0	0	0	0.463407	0	-0.27011	-2.546108	0.22022
0	0	0	0	0	0	0	0.460678	0	-0.275098	-2.512245	0.23023
0	0	0	0	0	0	0	0.457901	0	-0.279681	-2.479187	0.24024
0	0	0	0	0	0	0	0.45508	0	-0.283881	-2.446906	0.25025
0	0	0	0	0	0	0	0.452219	0	-0.287717	-2.415372	0.26026
0	0	0	0	0	0	0	0.449321	0	-0.291209	-2.384559	0.27027
0	0	0	0	0	0	0	0.44639	0	-0.294373	-2.354439	0.28028
0	0	0	0	0	0	0	0.443429	0	-0.297227	-2.324988	0.29029
0	0	0	0	0	0	0	0.440441	0	-0.299788	-2.296181	0.3003
0	0	0	0	0	0	0	0.437428	0	-0.30207	-2.267995	0.31031
0	0	0	0	0	0	0	0.434394	0	-0.304089	-2.240409	0.32032
0	0	0	0	0	0	0	0.431341	0	-0.305859	-2.213401	0.33033
0	0	0	0	0	0	0	0.428272	0	-0.307392	-2.186951	0.34034
0	0	0	0	0	0	0	0.425188	0	-0.308702	-2.161039	0.35035
0	0	0	0	0	0	0	0.422092	0	-0.309801	-2.135647	0.36036
0	0	0	0	0	0	0	0.418986	0	-0.310699	-2.110756	0.37037
0	0	0	0	0	0	0	0.415872	0	-0.31141	-2.086351	0.38038
0	0	0	0	0	0	0	0.412752	0	-0.311941	-2.062414	0.39039
0	0	0	0	0	0	0	0.409628	0	-0.312304	-2.038929	0.4004
0	0	0	0	0	0	0	0.406501	0	-0.312508	-2.015882	0.41041
0	0	0	0	0	0	0	0.403372	0	-0.312562	-1.993258	0.42042
0	0	0	0	0	0	0	0.400244	0	-0.312475	-1.971044	0.43043
0	0	0	0	0	0	0	0.397117	0	-0.312254	-1.949226	0.44044
0	0	0	0	0	0	0	0.393993	0	-0.311907	-1.927791	0.45045
0	0	0	0	0	0	0	0.390873	0	-0.311442	-1.906727	0.46046
0	0	0	0	0	0	0	0.387758	0	-0.310865	-1.886023	0.47047
0	0	0	0	0	0	0	0.38465	0	-0.310184	-1.865668	0.48048
0	0	0	0	0	0	0	0.381548	0	-0.309404	-1.84565	0.49049
0	0	0	0	0	0	0	0.378456	0	-0.308531	-1.82596	0.500501
0	0	0	0	0	0	0	0.375372	0	-0.307572	-1.806587	0.510511
0	0	0	0	0	0	0	0.372298	0	-0.306531	-1.787522	0.520521
0	0	0	0	0	0	0	0.369235	0	-0.305414	-1.768756	0.530531
0	0	0	0	0	0	0	0.366184	0	-0.304226	-1.750281	0.540541
0	0	0	0	0	0	0	0.363145	0	-0.302971	-1.732088	0.550551
0	0	0	0	0	0	0	0.360119	0	-0.301653	-1.714169	0.560561
0	0	0	0	0	0	0	0.357106	0	-0.300278	-1.696516	0.570571
0	0	0	0	0	0	0	0.354107	0	-0.298848	-1.679122	0.580581
0	0	0	0	0	0	0	0.351123	0	-0.297367	-1.661979	0.590591
0	0	0	0	0	0	0	0.348154	0	-0.29584	-1.645082	0.600601
0	0	0	0	0	0	0	0.345201	0	-0.294269	-1.628423	0.610611
0	0	0	0	0	0	0	0.342263	0	-0.292658	-1.611997	0.620621
0	0	0	0	0	0	0	0.339342	0	-0.291009	-1.595797	0.630631
0	0	0	0	0	0	0	0.336437	0	-0.289326	-1.579817	0.640641
0	0	0	0	0	0	0	0.33355	0	-0.287612	-1.564052	0.650651
0	0	0	0	0	0	0	0.330679	0	-0.285868	-1.548497	0.660661
0	0	0	0	0	0	0	0.327827	0	-0.284098	-1.533146	0.670671
0	0	0	0	0	0	0	0.324992	0	-0.282303	-1.517995	0.680681
0	0	0	0	0	0	0	0.322175	0	-0.280487	-1.503038	0.690691
0	0	0	0	0	0	0	0.319377	0	-0.27865	-1.488272	0.700701
0	0	0	0	0	0	0	0.316597	0	-0.276796	-1.473691	0.710711
0	0	0	0	0	0	0	0.313835	0	-0.274925	-1.459292	0.720721
0	0	0	0	0	0	0	0.311093	0	-0.27304	-1.445071	0.730731
0	0	0	0	0	0	0	0.308369	0	-0.271142	-1.431023	0.740741
0	0	0	0	0	0	0	0.305664	0	-0.269233	-1.417144	0.750751
0	0	0	0	0	0	0	0.302979	0	-0.267315	-1.403432	0.760761
0	0	0	0	0	0	0	0.300313	0	-0.265388	-1.389883	0.770771
0	0	0	0	0	0	0	0.297666	0	-0.263454	-1.376493	0.780781
0	0	0	0	0	0	0	0.295038	0	-0.261515	-1.363259	0.790791
0	0	0	0	0	0	0	0.29243	0	-0.259572	-1.350178	0.800801
0	0	0	0	0	0	0	0.289842	0	-0.257625	-1.337247	0.810811
0	0	0	0	0	0	0	0.287273	0	-0.255676	-1.324462	0.820821
0	0	0	0	0	0	0	0.284723	0	-0.253726	-1.311822	0.830831
0	0	0	0	0	0	0	0.282193	0	-0.251775	-1.299324	0.840841
0	0	0	0	0	0	0	0.279683	0	-0.249825	-1.286964	0.850851
0	0	0	0	0	0	0	0.277192	0	-0.247877	-1.274741	0.860861
0	0	0	0	0	0	0	0.27472	0	-0.24593	-1.262651	0.870871
0	0	0	0	0	0	0	0.272268	0	-0.243987	-1.250693	0.880881
0	0	0	0	0	0	0	0.269835	0	-0.242047	-1.238864	0.890891
0	0	0	0	0	0	0	0.267422	0	-0.240112	-1.227162	0.900901
0	0	0	0	0	0	0	0.265028	0	-0.238182	-1.215585	0.910911
0	0	0	0	0	0	0	0.262654	0	-0.236257	-1.204131	0.920921
0	0	0	0	0	0	0	0.260299	0	-0.234338	-1.192797	0.930931
0	0	0	0	0	0	0	0.257962	0	-0.232426	-1.181582	0.940941
0	0	0	0	0	0	0	0.255645	0	-0.230521	-1.170485	0.950951
0	0	0	0	0	0	0	0.253347	0	-0.228623	-1.159502	0.960961
0	0	0	0	0	0	0	0.251068	0	-0.226733	-1.148632	0.970971
0	0	0	0	0	0	0	0.248808	0	-0.224851	-1.137874	0.980981
0	0	0	0	0	0	0	0.246567	0	-0.222979	-1.127226	0.990991
0	0	0	0	0	0	0	0.244344	0	-0.221115	-1.116686	1.001001
0	0	0	0	0	0	0	0.24214	0	-0.21926	-1.106253	1.011011
0	0	0	0	0	0	0	0.239954	0	-0.217415	-1.095925	1.021021
0	0	0	0	0	0	0	0.237787	0	-0.215579	-1.085701	1.031031
0	0	0	0	0	0	0	0.235638	0	-0.213754	-1.075579	1.041041
0	0	0	0	0	0	0	0.233508	0	-0.211939	-1.065558	1.051051
0	0	0	0	0	0	0	0.231395	0	-0.210135	-1.055636	1.061061
0	0	0	0	0	0	0	0.229301	0	-0.208341	-1.045813	1.071071
0	0	0	0	0	0	0	0.227224	0	-0.206558	-1.036086	1.081081
0	0	0	0	0	0	0	0.225166	0	-0.204786	-1.026454	1.091091
0	0	0	0	0	0	0	0.223125	0	-0.203026	-1.016917	1.101101
0	0	0	0	0	0	0	0.221101	0	-0.201277	-1.007473	1.111111
0	0	0	0	0	0	0	0.219095	0	-0.199539	-0.998121	1.121121
0	0	0	0	0	0	0	0.217106	0	-0.197812	-0.98886	1.131131
0	0	0	0	0	0	0	0.215135	0	-0.196098	-0.979688	1.141141
0	0	0	0	0	0	0	0.21318	0	-0.194395	-0.970605	1.151151
0	0	0	0	0	0	0	0.211243	0	-0.192704	-0.961609	1.161161
0	0	0	0	0	0	0	0.209322	0	-0.191025	-0.9527	1.171171
0	0	0	0	0	0	0	0.207418	0	-0.189358	-0.943876	1.181181
0	0	0	0	0	0	0	0.205531	0	-0.187702	-0.935136	1.191191
0	0	0	0	0	0	0	0.203661	0	-0.186059	-0.92648	1.201201
0	0	0	0	0	0	0	0.201806	0	-0.184428	-0.917906	1.211211
0	0	0	0	0	0	0	0.199968	0	-0.182809	-0.909413	1.221221
0	0	0	0	0	0	0	0.198146	0	-0.181202	-0.901001	1.231231
0	0	0	0	0	0	0	0.196341	0	-0.179607	-0.892669	1.241241
0	0	0	0	0	0	0	0.194551	0	-0.178024	-0.884416	1.251251
0	0	0	0	0	0	0	0.192777	0	-0.176453	-0.87624	1.261261
0	0	0	0	0	0	0	0.191018	0	-0.174895	-0.868141	1.271271
0	0	0	0	0	0	0	0.189275	0	-0.173348	-0.860119	1.281281
0	0	0	0	0	0	0	0.187548	0	-0.171814	-0.852172	1.291291
0	0	0	0	0	0	0	0.185835	0	-0.170292	-0.844299	1.301301
0	0	0	0	0	0	0	0.184138	0	-0.168782	-0.8365	1.311311
0	0	0	0	0	0	0	0.182456	0	-0.167283	-0.828774	1.321321
0	0	0	0	0	0	0	0.180789	0	-0.165797	-0.82112	1.331331
0	0	0	0	0	0	0	0.179137	0	-0.164323	-0.813538	1.341341
0	0	0	0	0	0	0	0.177499	0	-0.16286	-0.806026	1.351351
0	0	0	0	0	0	0	0.175877	0	-0.16141	-0.798584	1.361361
0	0	0	0	0	0	0	0.174268	0	-0.159971	-0.791212	1.371371
0	0	0	0	0	0	0	0.172674	0	-0.158544	-0.783908	1.381381
0	0	0	0	0	0	0	0.171094	0	-0.157129	-0.776672	1.391391
0	0	0	0	0	0	0	0.169528	0	-0.155725	-0.769502	1.401401
0	0	0	0	0	0	0	0.167976	0	-0.154333	-0.7624	1.411411
0	0	0	0	0	0	0	0.166438	0	-0.152953	-0.755363	1.421421
0	0	0	0	0	0	0	0.164914	0	-0.151584	-0.748391	1.431431
0	0	0	0	0	0	0	0.163404	0	-0.150226	-0.741484	1.441441
0	0	0	0	0	0	0	0.161907	0	-0.14888	-0.73464	1.451451
0	0	0	0	0	0	0	0.160423	0	-0.147545	-0.72786	1.461461
0	0	0	0	0	0	0	0.158953	0	-0.146222	-0.721142	1.471471
0	0	0	0	0	0	0	0.157496	0	-0.144909	-0.714487	1.481481
0	0	0	0	0	0	0	0.156052	0	-0.143608	-0.707892	1.491491
0	0	0	0	0	0	0	0.15462	0	-0.142318	-0.701359	1.501502
0	0	0	0	0	0	0	0.153202	0	-0.141039	-0.694885	1.511512
0	0	0	0	0	0	0	0.151797	0	-0.13977	-0.688471	1.521522
0	0	0	0	0	0	0	0.150404	0	-0.138513	-0.682116	1.531532
0	0	0	0	0	0	0	0.149024	0	-0.137266	-0.67582	1.541542
0	0	0	0	0	0	0	0.147656	0	-0.13603	-0.669581	1.551552
0	0	0	0	0	0	0	0.1463	0	-0.134805	-0.6634	1.561562
0	0	0	0	0	0	0	0.144957	0	-0.13359	-0.657275	1.571572
0	0	0	0	0	0	0	0.143626	0	-0.132386	-0.651207	1.581582
0	0	0	0	0	0	0	0.142307	0	-0.131192	-0.645195	1.591592
0	0	0	0	0	0	0	0.140999	0	-0.130008	-0.639237	1.601602
0	0	0	0	0	0	0	0.139704	0	-0.128835	-0.633334	1.611612
0	0	0	0	0	0	0	0.13842	0	-0.127672	-0.627486	1.621622
0	0	0	0	0	0	0	0.137148	0	-0.126518	-0.621691	1.631632
0	0	0	0	0	0	0	0.135887	0	-0.125375	-0.615949	1.641642
0	0	0	0	0	0	0	0.134638	0	-0.124242	-0.61026	1.651652
0	0	0	0	0	0	0	0.1334	0	-0.123119	-0.604623	1.661662
0	0	0	0	0	0	0	0.132173	0	-0.122006	-0.599037	1.671672
0	0	0	0	0	0	0	0.130957	0	-0.120902	-0.593503	1.681682
0	0	0	0	0	0	0	0.129752	0	-0.119808	-0.588019	1.691692
0	0	0	0	0	0	0	0.128559	0	-0.118723	-0.582586	1.701702
0	0	0	0	0	0	0	0.127376	0	-0.117649	-0.577202	1.711712
0	0	0	0	0	0	0	0.126203	0	-0.116583	-0.571868	1.721722
0	0	0	0	0	0	0	0.125042	0	-0.115527	-0.566582	1.731732
0	0	0	0	0	0	0	0.12389	0	-0.11448	-0.561345	1.741742
0	0	0	0	0	0	0	0.12275	0	-0.113442	-0.556156	1.751752
0	0	0	0	0	0	0	0.121619	0	-0.112414	-0.551014	1.761762
0	0	0	0	0	0	0	0.120499	0	-0.111394	-0.545919	1.771772
0	0	0	0	0	0	0	0.119389	0	-0.110384	-0.540871	1.781782
0	0	0	0	0	0	0	0.118289	0	-0.109382	-0.535869	1.791792
0	0	0	0	0	0	0	0.117199	0	-0.108389	-0.530913	1.801802
0	0	0	0	0	0	0	0.116119	0	-0.107405	-0.526002	1.811812
0	0	0	0	0	0	0	0.115049	0	-0.10643	-0.521136	1.821822
0	0	0	0	0	0	0	0.113988	0	-0.105463	-0.516315	1.831832
0	0	0	0	0	0	0	0.112938	0	-0.104505	-0.511538	1.841842
0	0	0	0	0	0	0	0.111896	0	-0.103556	-0.506804	1.851852
0	0	0	0	0	0	0	0.110864	0	-0.102614	-0.502114	1.861862
0	0	0	0	0	0	0	0.109842	0	-0.101681	-0.497466	1.871872
0	0	0	0	0	0	0	0.108829	0	-0.100757	-0.492862	1.881882
0	0	0	0	0	0	0	0.107825	0	-0.09984	-0.488299	1.891892
0	0	0	0	0	0	0	0.10683	0	-0.098932	-0.483778	1.901902
0	0	0	0	0	0	0	0.105844	0	-0.098032	-0.479299	1.911912
0	0	0	0	0	0	0	0.104867	0	-0.09714	-0.47486	1.921922
0	0	0	0	0	0	0	0.103899	0	-0.096255	-0.470462	1.931932
0	0	0	0	0	0	0	0.10294	0	-0.095379	-0.466104	1.941942
0	0	0	0	0	0	0	0.10199	0	-0.09451	-0.461787	1.951952
0	0	0	0	0	0	0	0.101048	0	-0.093649	-0.457509	1.961962
0	0	0	0	0	0	0	0.100115	0	-0.092796	-0.453269	1.971972
0	0	0	0	0	0	0	0.09919	0	-0.09195	-0.449069	1.981982
0	0	0	0	0	0	0	0.098274	0	-0.091112	-0.444908	1.991992
0	0	0	0	0	0	0	0.097366	0	-0.090281	-0.440784	2.002002
0	0	0	0	0	0	0	0.096467	0	-0.089458	-0.436698	2.012012
0	0	0	0	0	0	0	0.095575	0	-0.088642	-0.43265	2.022022
0	0	0	0	0	0	0	0.094692	0	-0.087833	-0.428638	2.032032
0	0	0	0	0	0	0	0.093817	0	-0.087031	-0.424664	2.042042
0	0	0	0	0	0	0	0.092949	0	-0.086237	-0.420726	2.052052
0	0	0	0	0	0	0	0.09209	0	-0.08545	-0.416824	2.062062
0	0	0	0	0	0	0	0.091239	0	-0.084669	-0.412958	2.072072
0	0	0	0	0	0	0	0.090395	0	-0.083896	-0.409127	2.082082
0	0	0	0	0	0	0	0.089559	0	-0.083129	-0.405331	2.092092
0	0	0	0	0	0	0	0.088731	0	-0.08237	-0.40157	2.102102
0	0	0	0	0	0	0	0.08791	0	-0.081617	-0.397844	2.112112
0	0	0	0	0	0	0	0.087097	0	-0.080871	-0.394152	2.122122
0	0	0	0	0	0	0	0.086291	0	-0.080131	-0.390494	2.132132
0	0	0	0	0	0	0	0.085493	0	-0.079399	-0.386869	2.142142
0	0	0	0	0	0	0	0.084701	0	-0.078672	-0.383278	2.152152
0	0	0	0	0	0	0	0.083918	0	-0.077953	-0.37972	2.162162
0	0	0	0	0	0	0	0.083141	0	-0.077239	-0.376194	2.172172
0	0	0	0	0	0	0	0.082371	0	-0.076532	-0.372701	2.182182
0	0	0	0	0	0	0	0.081609	0	-0.075831	-0.36924	2.192192
0	0	0	0	0	0	0	0.080853	0	-0.075137	-0.365811	2.202202
0	0	0	0	0	0	0	0.080104	0	-0.074449	-0.362413	2.212212
0	0	0	0	0	0	0	0.079363	0	-0.073767	-0.359047	2.222222
0	0	0	0	0	0	0	0.078627	0	-0.073091	-0.355711	2.232232
0	0	0	0	0	0	0	0.077899	0	-0.072421	-0.352406	2.242242
0	0	0	0	0	0	0	0.077178	0	-0.071757	-0.349132	2.252252
0	0	0	0	0	0	0	0.076463	0	-0.071099	-0.345888	2.262262
0	0	0	0	0	0	0	0.075754	0	-0.070447	-0.342673	2.272272
0	0	0	0	0	0	0	0.075052	0	-0.069801	-0.339488	2.282282
0	0	0	0	0	0	0	0.074357	0	-0.069161	-0.336333	2.292292
0	0	0	0	0	0	0	0.073668	0	-0.068526	-0.333207	2.302302
0	0	0	0	0	0	0	0.072985	0	-0.067897	-0.330109	2.312312
0	0	0	0	0	0	0	0.072308	0	-0.067274	-0.32704	2.322322
0	0	0	0	0	0	0	0.071638	0	-0.066656	-0.324	2.332332
0	0	0	0	0	0	0	0.070974	0	-0.066044	-0.320987	2.342342
0	0	0	0	0	0	0	0.070316	0	-0.065437	-0.318002	2.352352
0	0	0	0	0	0	0	0.069664	0	-0.064836	-0.315045	2.362362
0	0	0	0	0	0	0	0.069018	0	-0.06424	-0.312115	2.372372
0	0	0	0	0	0	0	0.068378	0	-0.063649	-0.309212	2.382382
0	0	0	0	0	0	0	0.067743	0	-0.063064	-0.306336	2.392392
0	0	0	0	0	0	0	0.067115	0	-0.062484	-0.303487	2.402402
0	0	0	0	0	0	0	0.066493	0	-0.061909	-0.300663	2.412412
0	0	0	0	0	0	0	0.065876	0	-0.06134	-0.297866	2.422422
0	0	0	0	0	0	0	0.065264	0	-0.060775	-0.295095	2.432432
0	0	0	0	0	0	0	0.064659	0	-0.060216	-0.29235	2.442442
0	0	0	0	0	0	0	0.064059	0	-0.059662	-0.289629	2.452452
0	0	0	0	0	0	0	0.063464	0	-0.059112	-0.286934	2.462462
0	0	0	0	0	0	0	0.062875	0	-0.058568	-0.284264	2.472472
0	0	0	0	0	0	0	0.062292	0	-0.058029	-0.281619	2.482482
0	0	0	0	0	0	0	0.061714	0	-0.057494	-0.278998	2.492492
0	0	0	0	0	0	0	0.061141	0	-0.056964	-0.276402	2.502503
0	0	0	0	0	0	0	0.060573	0	-0.056439	-0.273829	2.512513
0	0	0	0	0	0	0	0.060011	0	-0.055919	-0.271281	2.522523
0	0	0	0	0	0	0	0.059454	0	-0.055403	-0.268756	2.532533
0	0	0	0	0	0	0	0.058902	0	-0.054893	-0.266254	2.542543
0	0	0	0	0	0	0	0.058355	0	-0.054386	-0.263776	2.552553
0	0	0	0	0	0	0	0.057813	0	-0.053885	-0.26132	2.562563
0	0	0	0	0	0	0	0.057276	0	-0.053387	-0.258887	2.572573
0	0	0	0	0	0	0	0.056744	0	-0.052895	-0.256477	2.582583
0	0	0	0	0	0	0	0.056217	0	-0.052407	-0.25409	2.592593
0	0	0	0	0	0	0	0.055695	0	-0.051923	-0.251724	2.602603
0	0	0	0	0	0	0	0.055178	0	-0.051443	-0.249381	2.612613
0	0	0	0	0	0	0	0.054665	0	-0.050968	-0.247059	2.622623
0	0	0	0	0	0	0	0.054157	0	-0.050498	-0.244759	2.632633
0	0	0	0	0	0	0	0.053654	0	-0.050031	-0.24248	2.642643
0	0	0	0	0	0	0	0.053156	0	-0.049569	-0.240222	2.652653
0	0	0	0	0	0	0	0.052662	0	-0.049111	-0.237985	2.662663
0	0	0	0	0	0	0	0.052172	0	-0.048657	-0.23577	2.672673
0	0	0	0	0	0	0	0.051688	0	-0.048207	-0.233574	2.682683
0	0	0	0	0	0	0	0.051207	0	-0.047761	-0.2314	2.692693
0	0	0	0	0	0	0	0.050731	0	-0.04732	-0.229245	2.702703
0	0	0	0	0	0	0	0.05026	0	-0.046882	-0.22711	2.712713
0	0	0	0	0	0	0	0.049793	0	-0.046449	-0.224996	2.722723
0	0	0	0	0	0	0	0.04933	0	-0.046019	-0.222901	2.732733
0	0	0	0	0	0	0	0.048871	0	-0.045593	-0.220825	2.742743
0	0	0	0	0	0	0	0.048417	0	-0.045171	-0.218769	2.752753
0	0	0	0	0	0	0	0.047967	0	-0.044753	-0.216732	2.762763
0	0	0	0	0	0	0	0.047521	0	-0.044339	-0.214714	2.772773
0	0	0	0	0	0	0	0.047079	0	-0.043929	-0.212715	2.782783
0	0	0	0	0	0	0	0.046642	0	-0.043522	-0.210734	2.792793
0	0	0	0	0	0	0	0.046208	0	-0.043119	-0.208772	2.802803
0	0	0	0	0	0	0	0.045778	0	-0.04272	-0.206828	2.812813
0	0	0	0	0	0	0	0.045353	0	-0.042324	-0.204902	2.822823
0	0	0	0	0	0	0	0.044931	0	-0.041932	-0.202995	2.832833
0	0	0	0	0	0	0	0.044513	0	-0.041544	-0.201104	2.842843
0	0	0	0	0	0	0	0.044099	0	-0.041159	-0.199232	2.852853
0	0	0	0	0	0	0	0.043689	0	-0.040778	-0.197377	2.862863
0	0	0	0	0	0	0	0.043283	0	-0.0404	-0.19554	2.872873
0	0	0	0	0	0	0	0.04288	0	-0.040026	-0.193719	2.882883
0	0	0	0	0	0	0	0.042482	0	-0.039655	-0.191915	2.892893
0	0	0	0	0	0	0	0.042087	0	-0.039287	-0.190129	2.902903
0	0	0	0	0	0	0	0.041695	0	-0.038923	-0.188359	2.912913
0	0	0	0	0	0	0	0.041307	0	-0.038563	-0.186605	2.922923
0	0	0	0	0	0	0	0.040923	0	-0.038205	-0.184868	2.932933
0	0	0	0	0	0	0	0.040542	0	-0.037851	-0.183147	2.942943
0	0	0	0	0	0	0	0.040165	0	-0.0375	-0.181442	2.952953
0	0	0	0	0	0	0	0.039792	0	-0.037153	-0.179753	2.962963
0	0	0	0	0	0	0	0.039421	0	-0.036808	-0.17808	2.972973
0	0	0	0	0	0	0	0.039055	0	-0.036467	-0.176422	2.982983
0	0	0	0	0	0	0	0.038691	0	-0.036129	-0.17478	2.992993
0	0	0	0	0	0	0	0.038331	0	-0.035794	-0.173153	3.003003
0	0	0	0	0	0	0	0.037975	0	-0.035462	-0.171541	3.013013
0	0	0	0	0	0	0	0.037621	0	-0.035133	-0.169945	3.023023
0	0	0	0	0	0	0	0.037271	0	-0.034808	-0.168363	3.033033
0	0	0	0	0	0	0	0.036925	0	-0.034485	-0.166796	3.043043
0	0	0	0	0	0	0	0.036581	0	-0.034165	-0.165243	3.053053
0	0	0	0	0	0	0	0.036241	0	-0.033848	-0.163705	3.063063
0	0	0	0	0	0	0	0.035903	0	-0.033535	-0.162182	3.073073
0	0	0	0	0	0	0	0.035569	0	-0.033224	-0.160672	3.083083
0	0	0	0	0	0	0	0.035238	0	-0.032916	-0.159177	3.093093
0	0	0	0	0	0	0	0.03491	0	-0.032611	-0.157696	3.103103
0	0	0	0	0	0	0	0.034585	0	-0.032308	-0.156228	3.113113
0	0	0	0	0	0	0	0.034263	0	-0.032009	-0.154774	3.123123
0	0	0	0	0	0	0	0.033945	0	-0.031712	-0.153334	3.133133
0	0	0	0	0	0	0	0.033629	0	-0.031418	-0.151907	3.143143
0	0	0	0	0	0	0	0.033316	0	-0.031127	-0.150493	3.153153
0	0	0	0	0	0	0	0.033005	0	-0.030839	-0.149093	3.163163
0	0	0	0	0	0	0	0.032698	0	-0.030553	-0.147705	3.173173
0	0	0	0	0	0	0	0.032394	0	-0.03027	-0.146331	3.183183
0	0	0	0	0	0	0	0.032092	0	-0.029989	-0.144969	3.193193
0	0	0	0	0	0	0	0.031793	0	-0.029712	-0.14362	3.203203
0	0	0	0	0	0	0	0.031497	0	-0.029436	-0.142283	3.213213
0	0	0	0	0	0	0	0.031204	0	-0.029164	-0.140959	3.223223
0	0	0	0	0	0	0	0.030913	0	-0.028894	-0.139647	3.233233
0	0	0	0	0	0	0	0.030626	0	-0.028626	-0.138348	3.243243
0	0	0	0	0	0	0	0.03034	0	-0.028361	-0.13706	3.253253
0	0	0	0	0	0	0	0.030058	0	-0.028098	-0.135785	3.263263
0	0	0	0	0	0	0	0.029778	0	-0.027838	-0.134521	3.273273
0	0	0	0	0	0	0	0.0295	0	-0.027581	-0.133269	3.283283
0	0	0	0	0	0	0	0.029226	0	-0.027326	-0.132029	3.293293
0	0	0	0	0	0	0	0.028953	0	-0.027073	-0.1308	3.303303
0	0	0	0	0	0	0	0.028684	0	-0.026822	-0.129582	3.313313
0	0	0	0	0	0	0	0.028416	0	-0.026574	-0.128376	3.323323
0	0	0	0	0	0	0	0.028152	0	-0.026328	-0.127181	3.333333
0	0	0	0	0	0	0	0.027889	0	-0.026085	-0.125997	3.343343
0	0	0	0	0	0	0	0.027629	0	-0.025844	-0.124825	3.353353
0	0	0	0	0	0	0	0.027372	0	-0.025605	-0.123663	3.363363
0	0	0	0	0	0	0	0.027117	0	-0.025368	-0.122511	3.373373
0	0	0	0	0	0	0	0.026864	0	-0.025134	-0.121371	3.383383
0	0	0	0	0	0	0	0.026614	0	-0.024902	-0.120241	3.393393
0	0	0	0	0	0	0	0.026365	0	-0.024672	-0.119121	3.403403
0	0	0	0	0	0	0	0.02612	0	-0.024444	-0.118012	3.413413
0	0	0	0	0	0	0	0.025876	0	-0.024218	-0.116913	3.423423
0	0	0	0	0	0	0	0.025635	0	-0.023994	-0.115824	3.433433
0	0	0	0	0	0	0	0.025396	0	-0.023773	-0.114745	3.443443
0	0	0	0	0	0	0	0.025159	0	-0.023554	-0.113676	3.453453
0	0	0	0	0	0	0	0.024924	0	-0.023336	-0.112617	3.463463
0	0	0	0	0	0	0	0.024692	0	-0.023121	-0.111568	3.473473
0	0	0	0	0	0	0	0.024461	0	-0.022908	-0.110529	3.483483
0	0	0	0	0	0	0	0.024233	0	-0.022697	-0.109499	3.493493
0	0	0	0	0	0	0	0.024007	0	-0.022487	-0.108478	3.503504
0	0	0	0	0	0	0	0.023783	0	-0.02228	-0.107467	3.513514
0	0	0	0	0	0	0	0.023561	0	-0.022075	-0.106466	3.523524
0	0	0	0	0	0	0	0.023341	0	-0.021872	-0.105473	3.533534
0	0	0	0	0	0	0	0.023123	0	-0.02167	-0.10449	3.543544
0	0	0	0	0	0	0	0.022907	0	-0.021471	-0.103515	3.553554
0	0	0	0	0	0	0	0.022693	0	-0.021273	-0.10255	3.563564
0	0	0	0	0	0	0	0.022481	0	-0.021078	-0.101594	3.573574
0	0	0	0	0	0	0	0.022271	0	-0.020884	-0.100646	3.583584
0	0	0	0	0	0	0	0.022063	0	-0.020692	-0.099707	3.593594
0	0	0	0	0	0	0	0.021857	0	-0.020501	-0.098776	3.603604
0	0	0	0	0	0	0	0.021653	0	-0.020313	-0.097855	3.613614
0	0	0	0	0	0	0	0.02145	0	-0.020126	-0.096941	3.623624
0	0	0	0	0	0	0	0.02125	0	-0.019942	-0.096036	3.633634
0	0	0	0	0	0	0	0.021051	0	-0.019758	-0.095139	3.643644
0	0	0	0	0	0	0	0.020854	0	-0.019577	-0.094251	3.653654
0	0	0	0	0	0	0	0.020659	0	-0.019397	-0.09337	3.663664
0	0	0	0	0	0	0	0.020466	0	-0.019219	-0.092498	3.673674
0	0	0	0	0	0	0	0.020274	0	-0.019043	-0.091633	3.683684
0	0	0	0	0	0	0	0.020084	0	-0.018868	-0.090777	3.693694
0	0	0	0	0	0	0	0.019896	0	-0.018696	-0.089928	3.703704
0	0	0	0	0	0	0	0.01971	0	-0.018524	-0.089087	3.713714
0	0	0	0	0	0	0	0.019526	0	-0.018354	-0.088254	3.723724
0	0	0	0	0	0	0	0.019343	0	-0.018186	-0.087428	3.733734
0	0	0	0	0	0	0	0.019161	0	-0.01802	-0.08661	3.743744
0	0	0	0	0	0	0	0.018982	0	-0.017855	-0.085799	3.753754
0	0	0	0	0	0	0	0.018804	0	-0.017692	-0.084996	3.763764
0	0	0	0	0	0	0	0.018628	0	-0.01753	-0.0842	3.773774
0	0	0	0	0	0	0	0.018453	0	-0.017369	-0.083411	3.783784
0	0	0	0	0	0	0	0.01828	0	-0.017211	-0.08263	3.793794
0	0	0	0	0	0	0	0.018109	0	-0.017053	-0.081855	3.803804
0	0	0	0	0	0	0	0.017939	0	-0.016898	-0.081088	3.813814
0	0	0	0	0	0	0	0.01777	0	-0.016743	-0.080327	3.823824
0	0	0	0	0	0	0	0.017603	0	-0.01659	-0.079574	3.833834
0	0	0	0	0	0	0	0.017438	0	-0.016439	-0.078827	3.843844
0	0	0	0	0	0	0	0.017274	0	-0.016289	-0.078087	3.853854
0	0	0	0	0	0	0	0.017112	0	-0.01614	-0.077354	3.863864
0	0	0	0	0	0	0	0.016951	0	-0.015993	-0.076627	3.873874
0	0	0	0	0	0	0	0.016792	0	-0.015847	-0.075907	3.883884
0	0	0	0	0	0	0	0.016634	0	-0.015703	-0.075193	3.893894
0	0	0	0	0	0	0	0.016477	0	-0.01556	-0.074486	3.903904
0	0	0	0	0	0	0	0.016322	0	-0.015418	-0.073785	3.913914
0	0	0	0	0	0	0	0.016169	0	-0.015278	-0.073091	3.923924
0	0	0	0	0	0	0	0.016016	0	-0.015138	-0.072403	3.933934
0	0	0	0	0	0	0	0.015866	0	-0.015001	-0.071721	3.943944
0	0	0	0	0	0	0	0.015716	0	-0.014864	-0.071045	3.953954
0	0	0	0	0	0	0	0.015568	0	-0.014729	-0.070376	3.963964
0	0	0	0	0	0	0	0.015421	0	-0.014595	-0.069712	3.973974
0	0	0	0	0	0	0	0.015276	0	-0.014462	-0.069054	3.983984
0	0	0	0	0	0	0	0.015132	0	-0.014331	-0.068403	3.993994
0	0	0	0	0	0	0	0.014989	0	-0.014201	-0.067757	4.004004
0	0	0	0	0	0	0	0.014847	0	-0.014072	-0.067117	4.014014
0	0	0	0	0	0	0	0.014707	0	-0.013944	-0.066482	4.024024
0	0	0	0	0	0	0	0.014568	0	-0.013817	-0.065854	4.034034
0	0	0	0	0	0	0	0.014431	0	-0.013692	-0.065231	4.044044
0	0	0	0	0	0	0	0.014294	0	-0.013568	-0.064614	4.054054
0	0	0	0	0	0	0	0.014159	0	-0.013444	-0.064002	4.064064
0	0	0	0	0	0	0	0.014025	0	-0.013322	-0.063396	4.074074
0	0	0	0	0	0	0	0.013892	0	-0.013202	-0.062795	4.084084
0	0	0	0	0	0	0	0.013761	0	-0.013082	-0.062199	4.094094
0	0	0	0	0	0	0	0.01363	0	-0.012963	-0.061609	4.104104
0	0	0	0	0	0	0	0.013501	0	-0.012846	-0.061025	4.114114
0	0	0	0	0	0	0	0.013373	0	-0.012729	-0.060445	4.124124
0	0	0	0	0	0	0	0.013246	0	-0.012614	-0.059871	4.134134
0	0	0	0	0	0	0	0.013121	0	-0.0125	-0.059301	4.144144
0	0	0	0	0	0	0	0.012996	0	-0.012387	-0.058737	4.154154
0	0	0	0	0	0	0	0.012873	0	-0.012275	-0.058178	4.164164
0	0	0	0	0	0	0	0.01275	0	-0.012163	-0.057624	4.174174
0	0	0	0	0	0	0	0.012629	0	-0.012053	-0.057075	4.184184
0	0	0	0	0	0	0	0.012509	0	-0.011944	-0.056531	4.194194
0	0	0	0	0	0	0	0.01239	0	-0.011836	-0.055992	4.204204
0	0	0	0	0	0	0	0.012272	0	-0.011729	-0.055457	4.214214
0	0	0	0	0	0	0	0.012155	0	-0.011623	-0.054928	4.224224
0	0	0	0	0	0	0	0.012039	0	-0.011518	-0.054403	4.234234
0	0	0	0	0	0	0	0.011925	0	-0.011414	-0.053883	4.244244
0	0	0	0	0	0	0	0.011811	0	-0.011311	-0.053367	4.254254
0	0	0	0	0	0	0	0.011698	0	-0.011208	-0.052856	4.264264
0	0	0	0	0	0	0	0.011586	0	-0.011107	-0.05235	4.274274
0	0	0	0	0	0	0	0.011476	0	-0.011007	-0.051848	4.284284
0	0	0	0	0	0	0	0.011366	0	-0.010907	-0.05135	4.294294
0	0	0	0	0	0	0	0.011257	0	-0.010809	-0.050858	4.304304
0	0	0	0	0	0	0	0.01115	0	-0.010711	-0.050369	4.314314
0	0	0	0	0	0	0	0.011043	0	-0.010614	-0.049885	4.324324
0	0	0	0	0	0	0	0.010937	0	-0.010518	-0.049405	4.334334
0	0	0	0	0	0	0	0.010832	0	-0.010423	-0.048929	4.344344
0	0	0	0	0	0	0	0.010729	0	-0.010329	-0.048458	4.354354
0	0	0	0	0	0	0	0.010626	0	-0.010236	-0.047991	4.364364
0	0	0	0	0	0	0	0.010524	0	-0.010143	-0.047528	4.374374
0	0	0	0	0	0	0	0.010423	0	-0.010052	-0.04707	4.384384
0	0	0	0	0	0	0	0.010322	0	-0.009961	-0.046615	4.394394
0	0	0	0	0	0	0	0.010223	0	-0.009871	-0.046164	4.404404
0	0	0	0	0	0	0	0.010125	0	-0.009782	-0.045718	4.414414
0	0	0	0	0	0	0	0.010027	0	-0.009693	-0.045275	4.424424
0	0	0	0	0	0	0	0.009931	0	-0.009606	-0.044837	4.434434
0	0	0	0	0	0	0	0.009835	0	-0.009519	-0.044402	4.444444
0	0	0	0	0	0	0	0.00974	0	-0.009433	-0.043971	4.454454
0	0	0	0	0	0	0	0.009646	0	-0.009348	-0.043544	4.464464
0	0	0	0	0	0	0	0.009553	0	-0.009263	-0.043121	4.474474
0	0	0	0	0	0	0	0.009461	0	-0.00918	-0.042702	4.484484
0	0	0	0	0	0	0	0.009369	0	-0.009097	-0.042286	4.494494
0	0	0	0	0	0	0	0.009279	0	-0.009015	-0.041874	4.504505
0	0	0	0	0	0	0	0.009189	0	-0.008933	-0.041466	4.514515
0	0	0	0	0	0	0	0.0091	0	-0.008852	-0.041062	4.524525
0	0	0	0	0	0	0	0.009011	0	-0.008772	-0.040661	4.534535
0	0	0	0	0	0	0	0.008924	0	-0.008693	-0.040264	4.544545
0	0	0	0	0	0	0	0.008837	0	-0.008615	-0.03987	4.554555
0	0	0	0	0	0	0	0.008752	0	-0.008537	-0.03948	4.564565
0	0	0	0	0	0	0	0.008667	0	-0.008459	-0.039093	4.574575
0	0	0	0	0	0	0	0.008582	0	-0.008383	-0.03871	4.584585
0	0	0	0	0	0	0	0.008499	0	-0.008307	-0.03833	4.594595
0	0	0	0	0	0	0	0.008416	0	-0.008232	-0.037954	4.604605
0	0	0	0	0	0	0	0.008334	0	-0.008157	-0.037581	4.614615
0	0	0	0	0	0	0	0.008253	0	-0.008084	-0.037211	4.624625
0	0	0	0	0	0	0	0.008172	0	-0.00801	-0.036845	4.634635
0	0	0	0	0	0	0	0.008092	0	-0.007938	-0.036482	4.644645
0	0	0	0	0	0	0	0.008013	0	-0.007866	-0.036122	4.654655
0	0	0	0	0	0	0	0.007935	0	-0.007795	-0.035766	4.664665
0	0	0	0	0	0	0	0.007857	0	-0.007724	-0.035413	4.674675
0	0	0	0	0	0	0	0.00778	0	-0.007654	-0.035063	4.684685
0	0	0	0	0	0	0	0.007704	0	-0.007585	-0.034716	4.694695
0	0	0	0	0	0	0	0.007628	0	-0.007516	-0.034372	4.704705
0	0	0	0	0	0	0	0.007553	0	-0.007448	-0.034031	4.714715
0	0	0	0	0	0	0	0.007479	0	-0.00738	-0.033694	4.724725
0	0	0	0	0	0	0	0.007406	0	-0.007313	-0.033359	4.734735
0	0	0	0	0	0	0	0.007333	0	-0.007247	-0.033028	4.744745
0	0	0	0	0	0	0	0.007261	0	-0.007181	-0.032699	4.754755
0	0	0	0	0	0	0	0.007189	0	-0.007116	-0.032374	4.764765
0	0	0	0	0	0	0	0.007118	0	-0.007051	-0.032051	4.774775
0	0	0	0	0	0	0	0.007048	0	-0.006987	-0.031731	4.784785
0	0	0	0	0	0	0	0.006978	0	-0.006923	-0.031415	4.794795
0	0	0	0	0	0	0	0.006909	0	-0.00686	-0.031101	4.804805
0	0	0	0	0	0	0	0.006841	0	-0.006798	-0.03079	4.814815
0	0	0	0	0	0	0	0.006773	0	-0.006736	-0.030481	4.824825
0	0	0	0	0	0	0	0.006706	0	-0.006675	-0.030176	4.834835
0	0	0	0	0	0	0	0.00664	0	-0.006614	-0.029873	4.844845
0	0	0	0	0	0	0	0.006574	0	-0.006554	-0.029574	4.854855
0	0	0	0	0	0	0	0.006508	0	-0.006494	-0.029276	4.864865
0	0	0	0	0	0	0	0.006444	0	-0.006435	-0.028982	4.874875
0	0	0	0	0	0	0	0.006379	0	-0.006376	-0.02869	4.884885
0	0	0	0	0	0	0	0.006316	0	-0.006318	-0.028401	4.894895
0	0	0	0	0	0	0	0.006253	0	-0.00626	-0.028115	4.904905
0	0	0	0	0	0	0	0.006191	0	-0.006203	-0.027831	4.914915
0	0	0	0	0	0	0	0.006129	0	-0.006146	-0.02755	4.924925
0	0	0	0	0	0	0	0.006068	0	-0.00609	-0.027271	4.934935
0	0	0	0	0	0	0	0.006007	0	-0.006034	-0.026995	4.944945
0	0	0	0	0	0	0	0.005947	0	-0.005979	-0.026721	4.954955
0	0	0	0	0	0	0	0.005887	0	-0.005924	-0.02645	4.964965
0	0	0	0	0	0	0	0.005828	0	-0.00587	-0.026182	4.974975
0	0	0	0	0	0	0	0.00577	0	-0.005816	-0.025916	4.984985
0	0	0	0	0	0	0	0.005712	0	-0.005763	-0.025652	4.994995
0	0	0	0	0	0	0	0.005654	0	-0.00571	-0.025391	5.005005
0	0	0	0	0	0	0	0.005597	0	-0.005658	-0.025132	5.015015
0	0	0	0	0	0	0	0.005541	0	-0.005606	-0.024876	5.025025
0	0	0	0	0	0	0	0.005485	0	-0.005554	-0.024621	5.035035
0	0	0	0	0	0	0	0.00543	0	-0.005503	-0.02437	5.045045
0	0	0	0	0	0	0	0.005375	0	-0.005453	-0.02412	5.055055
0	0	0	0	0	0	0	0.005321	0	-0.005402	-0.023873	5.065065
0	0	0	0	0	0	0	0.005267	0	-0.005353	-0.023628	5.075075
0	0	0	0	0	0	0	0.005214	0	-0.005303	-0.023386	5.085085
0	0	0	0	0	0	0	0.005161	0	-0.005254	-0.023146	5.095095
0	0	0	0	0	0	0	0.005108	0	-0.005206	-0.022908	5.105105
0	0	0	0	0	0	0	0.005056	0	-0.005158	-0.022672	5.115115
0	0	0	0	0	0	0	0.005005	0	-0.00511	-0.022438	5.125125
0	0	0	0	0	0	0	0.004954	0	-0.005063	-0.022207	5.135135
0	0	0	0	0	0	0	0.004904	0	-0.005016	-0.021977	5.145145
0	0	0	0	0	0	0	0.004854	0	-0.00497	-0.02175	5.155155
0	0	0	0	0	0	0	0.004804	0	-0.004924	-0.021525	5.165165
0	0	0	0	0	0	0	0.004755	0	-0.004879	-0.021302	5.175175
0	0	0	0	0	0	0	0.004707	0	-0.004833	-0.021081	5.185185
0	0	0	0	0	0	0	0.004658	0	-0.004789	-0.020862	5.195195
0	0	0	0	0	0	0	0.004611	0	-0.004744	-0.020646	5.205205
0	0	0	0	0	0	0	0.004563	0	-0.0047	-0.020431	5.215215
0	0	0	0	0	0	0	0.004517	0	-0.004657	-0.020218	5.225225
0	0	0	0	0	0	0	0.00447	0	-0.004614	-0.020007	5.235235
0	0	0	0	0	0	0	0.004424	0	-0.004571	-0.019799	5.245245
0	0	0	0	0	0	0	0.004379	0	-0.004528	-0.019592	5.255255
0	0	0	0	0	0	0	0.004334	0	-0.004486	-0.019387	5.265265
0	0	0	0	0	0	0	0.004289	0	-0.004444	-0.019184	5.275275
0	0	0	0	0	0	0	0.004245	0	-0.004403	-0.018983	5.285285
0	0	0	0	0	0	0	0.004201	0	-0.004362	-0.018784	5.295295
0	0	0	0	0	0	0	0.004157	0	-0.004321	-0.018587	5.305305
0	0	0	0	0	0	0	0.004114	0	-0.004281	-0.018391	5.315315
0	0	0	0	0	0	0	0.004071	0	-0.004241	-0.018198	5.325325
0	0	0	0	0	0	0	0.004029	0	-0.004202	-0.018006	5.335335
0	0	0	0	0	0	0	0.003987	0	-0.004162	-0.017816	5.345345
0	0	0	0	0	0	0	0.003946	0	-0.004124	-0.017628	5.355355
0	0	0	0	0	0	0	0.003905	0	-0.004085	-0.017442	5.365365
0	0	0	0	0	0	0	0.003864	0	-0.004047	-0.017257	5.375375
0	0	0	0	0	0	0	0.003824	0	-0.004009	-0.017074	5.385385
0	0	0	0	0	0	0	0.003784	0	-0.003972	-0.016893	5.395395
0	0	0	0	0	0	0	0.003744	0	-0.003934	-0.016714	5.405405
0	0	0	0	0	0	0	0.003705	0	-0.003897	-0.016536	5.415415
0	0	0	0	0	0	0	0.003666	0	-0.003861	-0.01636	5.425425
0	0	0	0	0	0	0	0.003628	0	-0.003825	-0.016186	5.435435
0	0	0	0	0	0	0	0.00359	0	-0.003789	-0.016013	5.445445
0	0	0	0	0	0	0	0.003552	0	-0.003753	-0.015842	5.455455
0	0	0	0	0	0	0	0.003515	0	-0.003718	-0.015673	5.465465
0	0	0	0	0	0	0	0.003477	0	-0.003683	-0.015505	5.475475
0	0	0	0	0	0	0	0.003441	0	-0.003649	-0.015339	5.485485
0	0	0	0	0	0	0	0.003404	0	-0.003614	-0.015174	5.495495
0	0	0	0	0	0	0	0.003368	0	-0.00358	-0.015011	5.505506
0	0	0	0	0	0	0	0.003333	0	-0.003547	-0.01485	5.515516
0	0	0	0	0	0	0	0.003297	0	-0.003513	-0.01469	5.525526
0	0	0	0	0	0	0	0.003262	0	-0.00348	-0.014531	5.535536
0	0	0	0	0	0	0	0.003228	0	-0.003447	-0.014374	5.545546
0	0	0	0	0	0	0	0.003193	0	-0.003415	-0.014219	5.555556
0	0	0	0	0	0	0	0.003159	0	-0.003383	-0.014065	5.565566
0	0	0	0	0	0	0	0.003126	0	-0.003351	-0.013913	5.575576
0	0	0	0	0	0	0	0.003092	0	-0.003319	-0.013762	5.585586
0	0	0	0	0	0	0	0.003059	0	-0.003288	-0.013612	5.595596
0	0	0	0	0	0	0	0.003026	0	-0.003257	-0.013464	5.605606
0	0	0	0	0	0	0	0.002994	0	-0.003226	-0.013317	5.615616
0	0	0	0	0	0	0	0.002962	0	-0.003196	-0.013172	5.625626
0	0	0	0	0	0	0	0.00293	0	-0.003165	-0.013028	5.635636
0	0	0	0	0	0	0	0.002899	0	-0.003135	-0.012886	5.645646
0	0	0	0	0	0	0	0.002867	0	-0.003106	-0.012745	5.655656
0	0	0	0	0	0	0	0.002836	0	-0.003076	-0.012605	5.665666
0	0	0	0	0	0	0	0.002806	0	-0.003047	-0.012466	5.675676
0	0	0	0	0	0	0	0.002775	0	-0.003018	-0.012329	5.685686
0	0	0	0	0	0	0	0.002745	0	-0.00299	-0.012193	5.695696
0	0	0	0	0	0	0	0.002715	0	-0.002961	-0.012059	5.705706
0	0	0	0	0	0	0	0.002686	0	-0.002933	-0.011926	5.715716
0	0	0	0	0	0	0	0.002657	0	-0.002906	-0.011794	5.725726
0	0	0	0	0	0	0	0.002628	0	-0.002878	-0.011663	5.735736
0	0	0	0	0	0	0	0.002599	0	-0.002851	-0.011534	5.745746
0	0	0	0	0	0	0	0.002571	0	-0.002824	-0.011406	5.755756
0	0	0	0	0	0	0	0.002543	0	-0.002797	-0.011279	5.765766
0	0	0	0	0	0	0	0.002515	0	-0.00277	-0.011153	5.775776
0	0	0	0	0	0	0	0.002487	0	-0.002744	-0.011029	5.785786
0	0	0	0	0	0	0	0.00246	0	-0.002718	-0.010905	5.795796
0	0	0	0	0	0	0	0.002433	0	-0.002692	-0.010783	5.805806
0	0	0	0	0	0	0	0.002406	0	-0.002667	-0.010662	5.815816
0	0	0	0	0	0	0	0.002379	0	-0.002641	-0.010542	5.825826
0	0	0	0	0	0	0	0.002353	0	-0.002616	-0.010424	5.835836
0	0	0	0	0	0	0	0.002327	0	-0.002591	-0.010306	5.845846
0	0	0	0	0	0	0	0.002301	0	-0.002567	-0.01019	5.855856
0	0	0	0	0	0	0	0.002276	0	-0.002542	-0.010075	5.865866
0	0	0	0	0	0	0	0.00225	0	-0.002518	-0.009961	5.875876
0	0	0	0	0	0	0	0.002225	0	-0.002494	-0.009847	5.885886
0	0	0	0	0	0	0	0.0022	0	-0.00247	-0.009736	5.895896
0	0	0	0	0	0	0	0.002176	0	-0.002447	-0.009625	5.905906
0	0	0	0	0	0	0	0.002151	0	-0.002423	-0.009515	5.915916
0	0	0	0	0	0	0	0.002127	0	-0.0024	-0.009406	5.925926
0	0	0	0	0	0	0	0.002103	0	-0.002377	-0.009298	5.935936
0	0	0	0	0	0	0	0.00208	0	-0.002355	-0.009192	5.945946
0	0	0	0	0	0	0	0.002056	0	-0.002332	-0.009086	5.955956
0	0	0	0	0	0	0	0.002033	0	-0.00231	-0.008981	5.965966
0	0	0	0	0	0	0	0.00201	0	-0.002288	-0.008878	5.975976
0	0	0	0	0	0	0	0.001987	0	-0.002266	-0.008775	5.985986
0	0	0	0	0	0	0	0.001965	0	-0.002245	-0.008673	5.995996
0	0	0	0	0	0	0	0.001942	0	-0.002223	-0.008573	6.006006
0	0	0	0	0	0	0	0.00192	0	-0.002202	-0.008473	6.016016
0	0	0	0	0	0	0	0.001898	0	-0.002181	-0.008374	6.026026
0	0	0	0	0	0	0	0.001876	0	-0.00216	-0.008276	6.036036
0	0	0	0	0	0	0	0.001855	0	-0.002139	-0.008179	6.046046
0	0	0	0	0	0	0	0.001834	0	-0.002119	-0.008083	6.056056
0	0	0	0	0	0	0	0.001812	0	-0.002099	-0.007988	6.066066
0	0	0	0	0	0	0	0.001792	0	-0.002079	-0.007894	6.076076
0	0	0	0	0	0	0	0.001771	0	-0.002059	-0.007801	6.086086
0	0	0	0	0	0	0	0.00175	0	-0.002039	-0.007709	6.096096
0	0	0	0	0	0	0	0.00173	0	-0.00202	-0.007617	6.106106
0	0	0	0	0	0	0	0.00171	0	-0.002	-0.007527	6.116116
0	0	0	0	0	0	0	0.00169	0	-0.001981	-0.007437	6.126126
0	0	0	0	0	0	0	0.00167	0	-0.001962	-0.007348	6.136136
0	0	0	0	0	0	0	0.001651	0	-0.001943	-0.00726	6.146146
0	0	0	0	0	0	0	0.001631	0	-0.001925	-0.007173	6.156156
0	0	0	0	0	0	0	0.001612	0	-0.001906	-0.007087	6.166166
0	0	0	0	0	0	0	0.001593	0	-0.001888	-0.007001	6.176176
0	0	0	0	0	0	0	0.001574	0	-0.00187	-0.006916	6.186186
0	0	0	0	0	0	0	0.001556	0	-0.001852	-0.006832	6.196196
0	0	0	0	0	0	0	0.001537	0	-0.001834	-0.006749	6.206206
0	0	0	0	0	0	0	0.001519	0	-0.001817	-0.006667	6.216216
0	0	0	0	0	0	0	0.001501	0	-0.001799	-0.006585	6.226226
0	0	0	0	0	0	0	0.001483	0	-0.001782	-0.006505	6.236236
0	0	0	0	0	0	0	0.001465	0	-0.001765	-0.006425	6.246246
0	0	0	0	0	0	0	0.001448	0	-0.001748	-0.006346	6.256256
0	0	0	0	0	0	0	0.00143	0	-0.001731	-0.006267	6.266266
0	0	0	0	0	0	0	0.001413	0	-0.001715	-0.006189	6.276276
0	0	0	0	0	0	0	0.001396	0	-0.001698	-0.006112	6.286286
0	0	0	0	0	0	0	0.001379	0	-0.001682	-0.006036	6.296296
0	0	0	0	0	0	0	0.001362	0	-0.001666	-0.005961	6.306306
0	0	0	0	0	0	0	0.001346	0	-0.00165	-0.005886	6.316316
0	0	0	0	0	0	0	0.001329	0	-0.001634	-0.005812	6.326326
0	0	0	0	0	0	0	0.001313	0	-0.001618	-0.005738	6.336336
0	0	0	0	0	0	0	0.001297	0	-0.001602	-0.005666	6.346346
0	0	0	0	0	0	0	0.001281	0	-0.001587	-0.005594	6.356356
0	0	0	0	0	0	0	0.001265	0	-0.001572	-0.005522	6.366366
0	0	0	0	0	0	0	0.001249	0	-0.001557	-0.005452	6.376376
0	0	0	0	0	0	0	0.001234	0	-0.001542	-0.005382	6.386386
0	0	0	0	0	0	0	0.001218	0	-0.001527	-0.005313	6.396396
0	0	0	0	0	0	0	0.001203	0	-0.001512	-0.005244	6.406406
0	0	0	0	0	0	0	0.001188	0	-0.001497	-0.005176	6.416416
0	0	0	0	0	0	0	0.001173	0	-0.001483	-0.005109	6.426426
0	0	0	0	0	0	0	0.001159	0	-0.001468	-0.005042	6.436436
0	0	0	0	0	0	0	0.001144	0	-0.001454	-0.004976	6.446446
0	0	0	0	0	0	0	0.001129	0	-0.00144	-0.004911	6.456456
0	0	0	0	0	0	0	0.001115	0	-0.001426	-0.004846	6.466466
0	0	0	0	0	0	0	0.001101	0	-0.001412	-0.004782	6.476476
0	0	0	0	0	0	0	0.001087	0	-0.001399	-0.004718	6.486486
0	0	0	0	0	0	0	0.001073	0	-0.001385	-0.004655	6.496496
0	0	0	0	0	0	0	0.001059	0	-0.001371	-0.004593	6.506507
0	0	0	0	0	0	0	0.001045	0	-0.001358	-0.004531	6.516517
0	0	0	0	0	0	0	0.001032	0	-0.001345	-0.00447	6.526527
0	0	0	0	0	0	0	0.001018	0	-0.001332	-0.00441	6.536537
0	0	0	0	0	0	0	0.001005	0	-0.001319	-0.00435	6.546547
0	0	0	0	0	0	0	0.000992	0	-0.001306	-0.00429	6.556557
0	0	0	0	0	0	0	0.000979	0	-0.001293	-0.004231	6.566567
0	0	0	0	0	0	0	0.000966	0	-0.00128	-0.004173	6.576577
0	0	0	0	0	0	0	0.000953	0	-0.001268	-0.004116	6.586587
0	0	0	0	0	0	0	0.000941	0	-0.001255	-0.004058	6.596597
0	0	0	0	0	0	0	0.000928	0	-0.001243	-0.004002	6.606607
0	0	0	0	0	0	0	0.000916	0	-0.001231	-0.003946	6.616617
0	0	0	0	0	0	0	0.000904	0	-0.001219	-0.00389	6.626627
0	0	0	0	0	0	0	0.000892	0	-0.001207	-0.003836	6.636637
0	0	0	0	0	0	0	0.000879	0	-0.001195	-0.003781	6.646647
0	0	0	0	0	0	0	0.000868	0	-0.001183	-0.003727	6.656657
0	0	0	0	0	0	0	0.000856	0	-0.001171	-0.003674	6.666667
0	0	0	0	0	0	0	0.000844	0	-0.00116	-0.003621	6.676677
0	0	0	0	0	0	0	0.000833	0	-0.001148	-0.003569	6.686687
0	0	0	0	0	0	0	0.000821	0	-0.001137	-0.003517	6.696697
0	0	0	0	0	0	0	0.00081	0	-0.001125	-0.003466	6.706707
0	0	0	0	0	0	0	0.000799	0	-0.001114	-0.003415	6.716717
0	0	0	0	0	0	0	0.000788	0	-0.001103	-0.003365	6.726727
0	0	0	0	0	0	0	0.000777	0	-0.001092	-0.003315	6.736737
0	0	0	0	0	0	0	0.000766	0	-0.001081	-0.003266	6.746747
0	0	0	0	0	0	0	0.000755	0	-0.00107	-0.003217	6.756757
0	0	0	0	0	0	0	0.000744	0	-0.00106	-0.003169	6.766767
0	0	0	0	0	0	0	0.000734	0	-0.001049	-0.003121	6.776777
0	0	0	0	0	0	0	0.000723	0	-0.001038	-0.003074	6.786787
0	0	0	0	0	0	0	0.000713	0	-0.001028	-0.003027	6.796797
0	0	0	0	0	0	0	0.000703	0	-0.001017	-0.00298	6.806807
0	0	0	0	0	0	0	0.000693	0	-0.001007	-0.002935	6.816817
0	0	0	0	0	0	0	0.000683	0	-0.000997	-0.002889	6.826827
0	0	0	0	0	0	0	0.000673	0	-0.000987	-0.002844	6.836837
0	0	0	0	0	0	0	0.000663	0	-0.000977	-0.0028	6.846847
0	0	0	0	0	0	0	0.000653	0	-0.000967	-0.002756	6.856857
0	0	0	0	0	0	0	0.000643	0	-0.000957	-0.002712	6.866867
0	0	0	0	0	0	0	0.000634	0	-0.000947	-0.002669	6.876877
0	0	0	0	0	0	0	0.000624	0	-0.000937	-0.002626	6.886887
0	0	0	0	0	0	0	0.000615	0	-0.000928	-0.002584	6.896897
0	0	0	0	0	0	0	0.000606	0	-0.000918	-0.002542	6.906907
0	0	0	0	0	0	0	0.000597	0	-0.000909	-0.002501	6.916917
0	0	0	0	0	0	0	0.000588	0	-0.000899	-0.00246	6.926927
0	0	0	0	0	0	0	0.000579	0	-0.00089	-0.002419	6.936937
0	0	0	0	0	0	0	0.00057	0	-0.000881	-0.002379	6.946947
0	0	0	0	0	0	0	0.000561	0	-0.000871	-0.002339	6.956957
0	0	0	0	0	0	0	0.000552	0	-0.000862	-0.0023	6.966967
0	0	0	0	0	0	0	0.000544	0	-0.000853	-0.002261	6.976977
0	0	0	0	0	0	0	0.000535	0	-0.000844	-0.002223	6.986987
0	0	0	0	0	0	0	0.000527	0	-0.000836	-0.002185	6.996997
0	0	0	0	0	0	0	0.000519	0	-0.000827	-0.002147	7.007007
0	0	0	0	0	0	0	0.00051	0	-0.000818	-0.00211	7.017017
0	0	0	0	0	0	0	0.000502	0	-0.000809	-0.002073	7.027027
0	0	0	0	0	0	0	0.000494	0	-0.000801	-0.002037	7.037037
0	0	0	0	0	0	0	0.000486	0	-0.000792	-0.002001	7.047047
0	0	0	0	0	0	0	0.000478	0	-0.000784	-0.001965	7.057057
0	0	0	0	0	0	0	0.00047	0	-0.000775	-0.00193	7.067067
0	0	0	0	0	0	0	0.000463	0	-0.000767	-0.001895	7.077077
0	0	0	0	0	0	0	0.000455	0	-0.000759	-0.001861	7.087087
0	0	0	0	0	0	0	0.000448	0	-0.000751	-0.001827	7.097097
0	0	0	0	0	0	0	0.00044	0	-0.000743	-0.001793	7.107107
0	0	0	0	0	0	0	0.000433	0	-0.000735	-0.00176	7.117117
0	0	0	0	0	0	0	0.000425	0	-0.000727	-0.001727	7.127127
0	0	0	0	0	0	0	0.000418	0	-0.000719	-0.001694	7.137137
0	0	0	0	0	0	0	0.000411	0	-0.000711	-0.001662	7.147147
0	0	0	0	0	0	0	0.000404	0	-0.000703	-0.00163	7.157157
0	0	0	0	0	0	0	0.000397	0	-0.000695	-0.001599	7.167167
0	0	0	0	0	0	0	0.00039	0	-0.000688	-0.001568	7.177177
0	0	0	0	0	0	0	0.000383	0	-0.00068	-0.001537	7.187187
0	0	0	0	0	0	0	0.000376	0	-0.000673	-0.001507	7.197197
0	0	0	0	0	0	0	0.00037	0	-0.000665	-0.001477	7.207207
0	0	0	0	0	0	0	0.000363	0	-0.000658	-0.001447	7.217217
0	0	0	0	0	0	0	0.000357	0	-0.000651	-0.001418	7.227227
0	0	0	0	0	0	0	0.00035	0	-0.000643	-0.001389	7.237237
0	0	0	0	0	0	0	0.000344	0	-0.000636	-0.00136	7.247247
0	0	0	0	0	0	0	0.000337	0	-0.000629	-0.001332	7.257257
0	0	0	0	0	0	0	0.000331	0	-0.000622	-0.001304	7.267267
0	0	0	0	0	0	0	0.000325	0	-0.000615	-0.001276	7.277277
0	0	0	0	0	0	0	0.000319	0	-0.000608	-0.001249	7.287287
0	0	0	0	0	0	0	0.000313	0	-0.000601	-0.001222	7.297297
0	0	0	0	0	0	0	0.000307	0	-0.000594	-0.001195	7.307307
0	0	0	0	0	0	0	0.000301	0	-0.000588	-0.001169	7.317317
0	0	0	0	0	0	0	0.000295	0	-0.000581	-0.001143	7.327327
0	0	0	0	0	0	0	0.000289	0	-0.000574	-0.001117	7.337337
0	0	0	0	0	0	0	0.000283	0	-0.000568	-0.001092	7.347347
0	0	0	0	0	0	0	0.000278	0	-0.000561	-0.001067	7.357357
0	0	0	0	0	0	0	0.000272	0	-0.000555	-0.001042	7.367367
0	0	0	0	0	0	0	0.000267	0	-0.000548	-0.001017	7.377377
0	0	0	0	0	0	0	0.000261	0	-0.000542	-0.000993	7.387387
0	0	0	0	0	0	0	0.000256	0	-0.000536	-0.000969	7.397397
0	0	0	0	0	0	0	0.00025	0	-0.00053	-0.000946	7.407407
0	0	0	0	0	0	0	0.000245	0	-0.000523	-0.000923	7.417417
0	0	0	0	0	0	0	0.00024	0	-0.000517	-0.0009	7.427427
0	0	0	0	0	0	0	0.000235	0	-0.000511	-0.000877	7.437437
0	0	0	0	0	0	0	0.00023	0	-0.000505	-0.000854	7.447447
0	0	0	0	0	0	0	0.000225	0	-0.000499	-0.000832	7.457457
0	0	0	0	0	0	0	0.00022	0	-0.000493	-0.000811	7.467467
0	0	0	0	0	0	0	0.000215	0	-0.000488	-0.000789	7.477477
0	0	0	0	0	0	0	0.00021	0	-0.000482	-0.000768	7.487487
0	0	0	0	0	0	0	0.000205	0	-0.000476	-0.000747	7.497497
0	0	0	0	0	0	0	0.0002	0	-0.00047	-0.000726	7.507508
0	0	0	0	0	0	0	0.000196	0	-0.000465	-0.000705	7.517518
0	0	0	0	0	0	0	0.000191	0	-0.000459	-0.000685	7.527528
0	0	0	0	0	0	0	0.000187	0	-0.000454	-0.000665	7.537538
0	0	0	0	0	0	0	0.000182	0	-0.000448	-0.000645	7.547548
0	0	0	0	0	0	0	0.000178	0	-0.000443	-0.000626	7.557558
0	0	0	0	0	0	0	0.000173	0	-0.000438	-0.000607	7.567568
0	0	0	0	0	0	0	0.000169	0	-0.000432	-0.000588	7.577578
0	0	0	0	0	0	0	0.000165	0	-0.000427	-0.000569	7.587588
0	0	0	0	0	0	0	0.00016	0	-0.000422	-0.000551	7.597598
0	0	0	0	0	0	0	0.000156	0	-0.000417	-0.000532	7.607608
0	0	0	0	0	0	0	0.000152	0	-0.000412	-0.000514	7.617618
0	0	0	0	0	0	0	0.000148	0	-0.000407	-0.000496	7.627628
0	0	0	0	0	0	0	0.000144	0	-0.000402	-0.000479	7.637638
0	0	0	0	0	0	0	0.00014	0	-0.000397	-0.000462	7.647648
0	0	0	0	0	0	0	0.000136	0	-0.000392	-0.000444	7.657658
0	0	0	0	0	0	0	0.000132	0	-0.000387	-0.000428	7.667668
0	0	0	0	0	0	0	0.000128	0	-0.000383	-0.000411	7.677678
0	0	0	0	0	0	0	0.000124	0	-0.000378	-0.000394	7.687688
0	0	0	0	0	0	0	0.000121	0	-0.000373	-0.000378	7.697698
0	0	0	0	0	0	0	0.000117	0	-0.000369	-0.000362	7.707708
0	0	0	0	0	0	0	0.000113	0	-0.000364	-0.000346	7.717718
0	0	0	0	0	0	0	0.00011	0	-0.000359	-0.000331	7.727728
0	0	0	0	0	0	0	0.000106	0	-0.000355	-0.000315	7.737738
0	0	0	0	0	0	0	0.000102	0	-0.000351	-0.0003	7.747748
0	0	0	0	0	0	0	9.9e-05	0	-0.000346	-0.000285	7.757758
0	0	0	0	0	0	0	9.6e-05	0	-0.000342	-0.00027	7.767768
0	0	0	0	0	0	0	9.2e-05	0	-0.000338	-0.000255	7.777778
0	0	0	0	0	0	0	8.9e-05	0	-0.000333	-0.000241	7.787788
0	0	0	0	0	0	0	8.5e-05	0	-0.000329	-0.000227	7.797798
0	0	0	0	0	0	0	8.2e-05	0	-0.000325	-0.000212	7.807808
0	0	0	0	0	0	0	7.9e-05	0	-0.000321	-0.000199	7.817818
0	0	0	0	0	0	0	7.6e-05	0	-0.000317	-0.000185	7.827828
0	0	0	0	0	0	0	7.3e-05	0	-0.000313	-0.000171	7.837838
0	0	0	0	0	0	0	6.9e-05	0	-0.000309	-0.000158	7.847848
0	0	0	0	0	0	0	6.6e-05	0	-0.000305	-0.000145	7.857858
0	0	0	0	0	0	0	6.3e-05	0	-0.000301	-0.000131	7.867868
0	0	0	0	0	0	0	6e-05	0	-0.000297	-0.000119	7.877878
0	0	0	0	0	0	0	5.7e-05	0	-0.000293	-0.000106	7.887888
0	0	0	0	0	0	0	5.5e-05	0	-0.000289	-9.3e-05	7.897898
0	0	0	0	0	0	0	5.2e-05	0	-0.000286	-8.1e-05	7.907908
0	0	0	0	0	0	0	4.9e-05	0	-0.000282	-6.8e-05	7.917918
0	0	0	0	0	0	0	4.6e-05	0	-0.000278	-5.6e-05	7.927928
0	0	0	0	0	0	0	4.3e-05	0	-0.000274	-4.4e-05	7.937938
0	0	0	0	0	0	0	4.1e-05	0	-0.000271	-3.2e-05	7.947948
0	0	0	0	0	0	0	3.8e-05	0	-0.000267	-2.1e-05	7.957958
0	0	0	0	0	0	0	3.5e-05	0	-0.000264	-9e-06	7.967968
0	0	0	0	0	0	0	3.3e-05	0	-0.00026	2e-06	7.977978
0	0	0	0	0	0	0	3e-05	0	-0.000257	1.3e-05	7.987988
0	0	0	0	0	0	0	2.7e-05	0	-0.000253	2.5e-05	7.997998
0	0	0	0	0	0	0	2.5e-05	0	-0.00025	3.6e-05	8.008008
0	0	0	0	0	0	0	2.2e-05	0	-0.000246	4.6e-05	8.018018
0	0	0	0	0	0	0	2e-05	0	-0.000243	5.7e-05	8.028028
0	0	0	0	0	0	0	1.8e-05	0	-0.00024	6.8e-05	8.038038
0	0	0	0	0	0	0	1.5e-05	0	-0.000236	7.8e-05	8.048048
0	0	0	0	0	0	0	1.3e-05	0	-0.000233	8.9e-05	8.058058
0	0	0	0	0	0	0	1e-05	0	-0.00023	9.9e-05	8.068068
0	0	0	0	0	0	0	8e-06	0	-0.000227	0.000109	8.078078
0	0	0	0	0	0	0	6e-06	0	-0.000224	0.000119	8.088088
0	0	0	0	0	0	0	4e-06	0	-0.00022	0.000129	8.098098
0	0	0	0	0	0	0	2e-06	0	-0.000217	0.000138	8.108108
0	0	0	0	0	0	0	-1e-06	0	-0.000214	0.000148	8.118118
0	0	0	0	0	0	0	-3e-06	0	-0.000211	0.000157	8.128128
0	0	0	0	0	0	0	-5e-06	0	-0.000208	0.000167	8.138138
0	0	0	0	0	0	0	-7e-06	0	-0.000205	0.000176	8.148148
0	0	0	0	0	0	0	-9e-06	0	-0.000202	0.000185	8.158158
0	0	0	0	0	0	0	-1.1e-05	0	-0.000199	0.000194	8.168168
0	0	0	0	0	0	0	-1.3e-05	0	-0.000196	0.000203	8.178178
0	0	0	0	0	0	0	-1.5e-05	0	-0.000193	0.000212	8.188188
0	0	0	0	0	0	0	-1.7e-05	0	-0.00019	0.00022	8.198198
0	0	0	0	0	0	0	-1.9e-05	0	-0.000187	0.000229	8.208208
0	0	0	0	0	0	0	-2.1e-05	0	-0.000184	0.000237	8.218218
0	0	0	0	0	0	0	-2.2e-05	0	-0.000181	0.000246	8.228228
0	0	0	0	0	0	0	-2.4e-05	0	-0.000178	0.000254	8.238238
0	0	0	0	0	0	0	-2.6e-05	0	-0.000175	0.000262	8.248248
0	0	0	0	0	0	0	-2.8e-05	0	-0.000172	0.00027	8.258258
0	0	0	0	0	0	0	-2.9e-05	0	-0.00017	0.000278	8.268268
0	0	0	0	0	0	0	-3.1e-05	0	-0.000167	0.000285	8.278278
0	0	0	0	0	0	0	-3.3e-05	0	-0.000164	0.000293	8.288288
0	0	0	0	0	0	0	-3.4e-05	0	-0.000161	0.0003	8.298298
0	0	0	0	0	0	0	-3.6e-05	0	-0.000158	0.000308	8.308308
0	0	0	0	0	0	0	-3.8e-05	0	-0.000156	0.000315	8.318318
0	0	0	0	0	0	0	-3.9e-05	0	-0.000153	0.000322	8.328328
0	0	0	0	0	0	0	-4.1e-05	0	-0.00015	0.000329	8.338338
0	0	0	0	0	0	0	-4.2e-05	0	-0.000147	0.000336	8.348348
0	0	0	0	0	0	0	-4.4e-05	0	-0.000145	0.000343	8.358358
0	0	0	0	0	0	0	-4.5e-05	0	-0.000142	0.00035	8.368368
0	0	0	0	0	0	0	-4.6e-05	0	-0.000139	0.000356	8.378378
0	0	0	0	0	0	0	-4.8e-05	0	-0.000136	0.000363	8.388388
0	0	0	0	0	0	0	-4.9e-05	0	-0.000134	0.000369	8.398398
0	0	0	0	0	0	0	-5e-05	0	-0.000131	0.000375	8.408408
0	0	0	0	0	0	0	-5.2e-05	0	-0.000128	0.000381	8.418418
0	0	0	0	0	0	0	-5.3e-05	0	-0.000126	0.000387	8.428428
0	0	0	0	0	0	0	-5.4e-05	0	-0.000123	0.000393	8.438438
0	0	0	0	0	0	0	-5.5e-05	0	-0.00012	0.000399	8.448448
0	0	0	0	0	0	0	-5.7e-05	0	-0.000118	0.000405	8.458458
0	0	0	0	0	0	0	-5.8e-05	0	-0.000115	0.00041	8.468468
0	0	0	0	0	0	0	-5.9e-05	0	-0.000112	0.000416	8.478478
0	0	0	0	0	0	0	-6e-05	0	-0.00011	0.000421	8.488488
0	0	0	0	0	0	0	-6.1e-05	0	-0.000107	0.000426	8.498498
0	0	0	0	0	0	0	-6.2e-05	0	-0.000104	0.000431	8.508509
0	0	0	0	0	0	0	-6.3e-05	0	-0.000102	0.000436	8.518519
0	0	0	0	0	0	0	-6.4e-05	0	-9.9e-05	0.000441	8.528529
0	0	0	0	0	0	0	-6.5e-05	0	-9.7e-05	0.000445	8.538539
0	0	0	0	0	0	0	-6.6e-05	0	-9.4e-05	0.00045	8.548549
0	0	0	0	0	0	0	-6.7e-05	0	-9.1e-05	0.000454	8.558559
0	0	0	0	0	0	0	-6.8e-05	0	-8.9e-05	0.000458	8.568569
0	0	0	0	0	0	0	-6.9e-05	0	-8.6e-05	0.000463	8.578579
0	0	0	0	0	0	0	-7e-05	0	-8.4e-05	0.000467	8.588589
0	0	0	0	0	0	0	-7.1e-05	0	-8.1e-05	0.000471	8.598599
0	0	0	0	0	0	0	-7.1e-05	0	-7.9e-05	0.000474	8.608609
0	0	0	0	0	0	0	-7.2e-05	0	-7.6e-05	0.000478	8.618619
0	0	0	0	0	0	0	-7.3e-05	0	-7.3e-05	0.000481	8.628629
0	0	0	0	0	0	0	-7.4e-05	0	-7.1e-05	0.000485	8.638639
0	0	0	0	0	0	0	-7.4e-05	0	-6.8e-05	0.000488	8.648649
0	0	0	0	0	0	0	-7.5e-05	0	-6.6e-05	0.000491	8.658659
0	0	0	0	0	0	0	-7.6e-05	0	-6.3e-05	0.000494	8.668669
0	0	0	0	0	0	0	-7.6e-05	0	-6.1e-05	0.000497	8.678679
0	0	0	0	0	0	0	-7.7e-05	0	-5.8e-05	0.0005	8.688689
0	0	0	0	0	0	0	-7.7e-05	0	-5.6e-05	0.000502	8.698699
0	0	0	0	0	0	0	-7.8e-05	0	-5.3e-05	0.000505	8.708709
0	0	0	0	0	0	0	-7.8e-05	0	-5.1e-05	0.000507	8.718719
0	0	0	0	0	0	0	-7.9e-05	0	-4.8e-05	0.000509	8.728729
0	0	0	0	0	0	0	-7.9e-05	0	-4.6e-05	0.000512	8.738739
0	0	0	0	0	0	0	-8e-05	0	-4.3e-05	0.000514	8.748749
0	0	0	0	0	0	0	-8e-05	0	-4.1e-05	0.000515	8.758759
0	0	0	0	0	0	0	-8.1e-05	0	-3.8e-05	0.000517	8.768769
0	0	0	0	0	0	0	-8.1e-05	0	-3.6e-05	0.000519	8.778779
0	0	0	0	0	0	0	-8.1e-05	0	-3.3e-05	0.00052	8.788789
0	0	0	0	0	0	0	-8.2e-05	0	-3.1e-05	0.000522	8.798799
0	0	0	0	0	0	0	-8.2e-05	0	-2.8e-05	0.000523	8.808809
0	0	0	0	0	0	0	-8.2e-05	0	-2.6e-05	0.000524	8.818819
0	0	0	0	0	0	0	-8.3e-05	0	-2.4e-05	0.000525	8.828829
0	0	0	0	0	0	0	-8.3e-05	0	-2.1e-05	0.000526	8.838839
0	0	0	0	0	0	0	-8.3e-05	0	-1.9e-05	0.000527	8.848849
0	0	0	0	0	0	0	-8.3e-05	0	-1.6e-05	0.000527	8.858859
0	0	0	0	0	0	0	-8.3e-05	0	-1.4e-05	0.000528	8.868869
0	0	0	0	0	0	0	-8.3e-05	0	-1.2e-05	0.000528	8.878879
0	0	0	0	0	0	0	-8.4e-05	0	-9e-06	0.000529	8.888889
0	0	0	0	0	0	0	-8.4e-05	0	-7e-06	0.000529	8.898899
0	0	0	0	0	0	0	-8.4e-05	0	-4e-06	0.000529	8.908909
0	0	0	0	0	0	0	-8.4e-05	0	-2e-06	0.000529	8.918919
0	0	0	0	0	0	0	-8.4e-05	0	0.0	0.000529	8.928929
0	0	0	0	0	0	0	-8.4e-05	0	3e-06	0.000528	8.938939
0	0	0	0	0	0	0	-8.4e-05	0	5e-06	0.000528	8.948949
0	0	0	0	0	0	0	-8.4e-05	0	7e-06	0.000528	8.958959
0	0	0	0	0	0	0	-8.4e-05	0	1e-05	0.000527	8.968969
0	0	0	0	0	0	0	-8.3e-05	0	1.2e-05	0.000527	8.978979
0	0	0	0	0	0	0	-8.3e-05	0	1.4e-05	0.000526	8.988989
0	0	0	0	0	0	0	-8.3e-05	0	1.7e-05	0.000525	8.998999
0	0	0	0	0	0	0	-8.3e-05	0	1.9e-05	0.000524	9.009009
0	0	0	0	0	0	0	-8.3e-05	0	2.1e-05	0.000523	9.019019
0	0	0	0	0	0	0	-8.3e-05	0	2.4e-05	0.000522	9.029029
0	0	0	0	0	0	0	-8.2e-05	0	2.6e-05	0.000521	9.039039
0	0	0	0	0	0	0	-8.2e-05	0	2.8e-05	0.00052	9.049049
0	0	0	0	0	0	0	-8.2e-05	0	3.1e-05	0.000518	9.059059
0	0	0	0	0	0	0	-8.1e-05	0	3.3e-05	0.000517	9.069069
0	0	0	0	0	0	0	-8.1e-05	0	3.5e-05	0.000515	9.079079
0	0	0	0	0	0	0	-8.1e-05	0	3.8e-05	0.000513	9.089089
0	0	0	0	0	0	0	-8e-05	0	4e-05	0.000512	9.099099
0	0	0	0	0	0	0	-8e-05	0	4.2e-05	0.00051	9.109109
0	0	0	0	0	0	0	-7.9e-05	0	4.5e-05	0.000508	9.119119
0	0	0	0	0	0	0	-7.9e-05	0	4.7e-05	0.000506	9.129129
0	0	0	0	0	0	0	-7.8e-05	0	4.9e-05	0.000504	9.139139
0	0	0	0	0	0	0	-7.8e-05	0	5.2e-05	0.000501	9.149149
0	0	0	0	0	0	0	-7.7e-05	0	5.4e-05	0.000499	9.159159
0	0	0	0	0	0	0	-7.7e-05	0	5.6e-05	0.000497	9.169169
0	0	0	0	0	0	0	-7.6e-05	0	5.9e-05	0.000494	9.179179
0	0	0	0	0	0	0	-7.6e-05	0	6.1e-05	0.000491	9.189189
0	0	0	0	0	0	0	-7.5e-05	0	6.3e-05	0.000488	9.199199
0	0	0	0	0	0	0	-7.4e-05	0	6.6e-05	0.000485	9.209209
0	0	0	0	0	0	0	-7.4e-05	0	6.8e-05	0.000482	9.219219
0	0	0	0	0	0	0	-7.3e-05	0	7e-05	0.000479	9.229229
0	0	0	0	0	0	0	-7.2e-05	0	7.3e-05	0.000476	9.239239
0	0	0	0	0	0	0	-7.2e-05	0	7.5e-05	0.000472	9.249249
0	0	0	0	0	0	0	-7.1e-05	0	7.7e-05	0.000469	9.259259
0	0	0	0	0	0	0	-7e-05	0	8e-05	0.000465	9.269269
0	0	0	0	0	0	0	-6.9e-05	0	8.2e-05	0.000461	9.279279
0	0	0	0	0	0	0	-6.8e-05	0	8.4e-05	0.000457	9.289289
0	0	0	0	0	0	0	-6.8e-05	0	8.7e-05	0.000452	9.299299
0	0	0	0	0	0	0	-6.7e-05	0	8.9e-05	0.000448	9.309309
0	0	0	0	0	0	0	-6.6e-05	0	9.1e-05	0.000443	9.319319
0	0	0	0	0	0	0	-6.5e-05	0	9.4e-05	0.000438	9.329329
0	0	0	0	0	0	0	-6.4e-05	0	9.6e-05	0.000433	9.339339
0	0	0	0	0	0	0	-6.3e-05	0	9.8e-05	0.000427	9.349349
0	0	0	0	0	0	0	-6.2e-05	0	0.0001	0.000422	9.359359
0	0	0	0	0	0	0	-6.1e-05	0	0.000103	0.000416	9.369369
0	0	0	0	0	0	0	-6e-05	0	0.000105	0.000409	9.379379
0	0	0	0	0	0	0	-5.9e-05	0	0.000107	0.000403	9.389389
0	0	0	0	0	0	0	-5.8e-05	0	0.000109	0.000396	9.399399
0	0	0	0	0	0	0	-5.7e-05	0	0.000111	0.000389	9.409409
0	0	0	0	0	0	0	-5.6e-05	0	0.000113	0.000381	9.419419
0	0	0	0	0	0	0	-5.4e-05	0	0.000116	0.000373	9.429429
0	0	0	0	0	0	0	-5.3e-05	0	0.000117	0.000365	9.439439
0	0	0	0	0	0	0	-5.2e-05	0	0.000119	0.000356	9.449449
0	0	0	0	0	0	0	-5.1e-05	0	0.000121	0.000347	9.459459
0	0	0	0	0	0	0	-5e-05	0	0.000123	0.000338	9.469469
0	0	0	0	0	0	0	-4.8e-05	0	0.000125	0.000328	9.479479
0	0	0	0	0	0	0	-4.7e-05	0	0.000126	0.000318	9.489489
0	0	0	0	0	0	0	-4.6e-05	0	0.000128	0.000307	9.499499
0	0	0	0	0	0	0	-4.5e-05	0	0.00013	0.000296	9.50951
0	0	0	0	0	0	0	-4.3e-05	0	0.000131	0.000284	9.51952
0	0	0	0	0	0	0	-4.2e-05	0	0.000132	0.000272	9.52953
0	0	0	0	0	0	0	-4.1e-05	0	0.000133	0.00026	9.53954
0	0	0	0	0	0	0	-3.9e-05	0	0.000134	0.000247	9.54955
0	0	0	0	0	0	0	-3.8e-05	0	0.000135	0.000233	9.55956
0	0	0	0	0	0	0	-3.7e-05	0	0.000136	0.000219	9.56957
0	0	0	0	0	0	0	-3.5e-05	0	0.000136	0.000204	9.57958
0	0	0	0	0	0	0	-3.4e-05	0	0.000137	0.000189	9.58959
0	0	0	0	0	0	0	-3.2e-05	0	0.000137	0.000173	9.5996
0	0	0	0	0	0	0	-3.1e-05	0	0.000137	0.000157	9.60961
0	0	0	0	0	0	0	-3e-05	0	0.000137	0.000141	9.61962
0	0	0	0	0	0	0	-2.8e-05	0	0.000137	0.000123	9.62963
0	0	0	0	0	0	0	-2.7e-05	0	0.000136	0.000106	9.63964
0	0	0	0	0	0	0	-2.6e-05	0	0.000135	8.8e-05	9.64965
0	0	0	0	0	0	0	-2.4e-05	0	0.000134	6.9e-05	9.65966
0	0	0	0	0	0	0	-2.3e-05	0	0.000133	5.1e-05	9.66967
0	0	0	0	0	0	0	-2.2e-05	0	0.000132	3.1e-05	9.67968
0	0	0	0	0	0	0	-2e-05	0	0.00013	1.2e-05	9.68969
0	0	0	0	0	0	0	-1.9e-05	0	0.000128	-8e-06	9.6997
0	0	0	0	0	0	0	-1.8e-05	0	0.000126	-2.8e-05	9.70971
0	0	0	0	0	0	0	-1.7e-05	0	0.000123	-4.8e-05	9.71972
0	0	0	0	0	0	0	-1.5e-05	0	0.00012	-6.8e-05	9.72973
0	0	0	0	0	0	0	-1.4e-05	0	0.000117	-8.8e-05	9.73974
0	0	0	0	0	0	0	-1.3e-05	0	0.000114	-0.000107	9.74975
0	0	0	0	0	0	0	-1.2e-05	0	0.00011	-0.000127	9.75976
0	0	0	0	0	0	0	-1.1e-05	0	0.000106	-0.000146	9.76977
0	0	0	0	0	0	0	-1e-05	0	0.000102	-0.000165	9.77978
0	0	0	0	0	0	0	-9e-06	0	9.7e-05	-0.000183	9.78979
0	0	0	0	0	0	0	-8e-06	0	9.2e-05	-0.000201	9.7998
0	0	0	0	0	0	0	-7e-06	0	8.8e-05	-0.000217	9.80981
0	0	0	0	0	0	0	-6e-06	0	8.2e-05	-0.000232	9.81982
0	0	0	0	0	0	0	-5e-06	0	7.7e-05	-0.000246	9.82983
0	0	0	0	0	0	0	-4e-06	0	7.1e-05	-0.000258	9.83984
0	0	0	0	0	0	0	-4e-06	0	6.6e-05	-0.000269	9.84985
0	0	0	0	0	0	0	-3e-06	0	6e-05	-0.000277	9.85986
0	0	0	0	0	0	0	-3e-06	0	5.4e-05	-0.000283	9.86987
0	0	0	0	0	0	0	-2e-06	0	4.8e-05	-0.000287	9.87988
0	0	0	0	0	0	0	-2e-06	0	4.2e-05	-0.000287	9.88989
0	0	0	0	0	0	0	-1e-06	0	3.6e-05	-0.000284	9.8999
0	0	0	0	0	0	0	-1e-06	0	3e-05	-0.000277	9.90991
0	0	0	0	0	0	0	-1e-06	0	2.5e-05	-0.000266	9.91992
0	0	0	0	0	0	0	-0.0	0	1.9e-05	-0.00025	9.92993
0	0	0	0	0	0	0	-0.0	0	1.4e-05	-0.000229	9.93994
0	0	0	0	0	0	0	-0.0	0	1e-05	-0.000203	9.94995
0	0	0	0	0	0	0	-0.0	0	6e-06	-0.00017	9.95996
0	0	0	0	0	0	0	-0.0	0	3e-06	-0.000131	9.96997
0	0	0	0	0	0	0	-0.0	0	1e-06	-8.4e-05	9.97998
0	0	0	0	0	0	0	0.0	0	-0.0	-2.9e-05	9.98999
0	0	0	0	0	0	0	0.0	0	0.0	3.5e-05	10.0
